ISO-10303-21;
HEADER;
/* Generated by software containing ST-Developer
 * from STEP Tools, Inc. (www.steptools.com) 
 */

FILE_DESCRIPTION(
/* description */ (''),
/* implementation_level */ '2;1');

FILE_NAME(
/* name */ 'INMP441 MEMS I2S MICROPHONE PCB.step',
/* time_stamp */ '2025-08-16T21:47:10+05:30',
/* author */ (''),
/* organization */ (''),
/* preprocessor_version */ 'ST-DEVELOPER v20.1',
/* originating_system */ 'Autodesk Translation Framework v14.10.0.0',
/* authorisation */ '');

FILE_SCHEMA (('AUTOMOTIVE_DESIGN { 1 0 10303 214 3 1 1 }'));
ENDSEC;

DATA;
#10=MECHANICAL_DESIGN_GEOMETRIC_PRESENTATION_REPRESENTATION('',(#1173,#1174,
#1175,#1176,#1177,#1178,#1179,#1180,#1181,#1182,#1183,#1184,#1185,#1186,
#1187,#1188,#1189,#1190,#1191,#1192,#1193,#1194,#1195,#1196,#1197,#1198,
#1199,#1200,#1201,#1202,#1203,#1204,#1205,#1206,#1207,#1208,#1209,#1210,
#1211,#1212,#1213,#1214,#1215,#1216,#1217,#1218,#1219,#1220,#1221,#1222,
#1223,#1224,#1225,#1226,#1227,#1228,#1229,#1230,#1231,#1232,#1233,#1234,
#1235,#1236,#1237,#1238,#1239,#1240,#1241,#1242,#1243,#1244,#1245,#1246,
#1247,#1248,#1249,#1250,#1251,#1252,#1253,#1254,#1255,#1256,#1257,#1258,
#1259,#1260,#1261,#1262,#1263,#1264,#1265,#1266,#1267,#1268,#1269,#1270,
#1271,#1272,#1273,#1274,#1275,#1276,#1277,#1278,#1279),#2398);
#11=SHAPE_REPRESENTATION_RELATIONSHIP('SRR','None',#2405,#12);
#12=ADVANCED_BREP_SHAPE_REPRESENTATION('',(#13,#14,#15,#16,#17,#18,#19,
#20,#21,#22,#23,#24,#25,#26,#27,#28,#29,#30),#2397);
#13=MANIFOLD_SOLID_BREP('Body1',#1369);
#14=MANIFOLD_SOLID_BREP('Body2',#1370);
#15=MANIFOLD_SOLID_BREP('Body3',#1371);
#16=MANIFOLD_SOLID_BREP('Body4',#1372);
#17=MANIFOLD_SOLID_BREP('Body5',#1373);
#18=MANIFOLD_SOLID_BREP('Body6',#1374);
#19=MANIFOLD_SOLID_BREP('Body7',#1375);
#20=MANIFOLD_SOLID_BREP('Body8',#1376);
#21=MANIFOLD_SOLID_BREP('Body9',#1377);
#22=MANIFOLD_SOLID_BREP('Body10',#1378);
#23=MANIFOLD_SOLID_BREP('Body11',#1379);
#24=MANIFOLD_SOLID_BREP('Body12',#1380);
#25=MANIFOLD_SOLID_BREP('Body13',#1381);
#26=MANIFOLD_SOLID_BREP('Body14',#1382);
#27=MANIFOLD_SOLID_BREP('Body15',#1383);
#28=MANIFOLD_SOLID_BREP('Body16',#1384);
#29=MANIFOLD_SOLID_BREP('Body17',#1385);
#30=MANIFOLD_SOLID_BREP('Body18',#1386);
#31=FACE_BOUND('',#204,.T.);
#32=FACE_BOUND('',#205,.T.);
#33=FACE_BOUND('',#206,.T.);
#34=FACE_BOUND('',#207,.T.);
#35=FACE_BOUND('',#208,.T.);
#36=FACE_BOUND('',#209,.T.);
#37=FACE_BOUND('',#210,.T.);
#38=FACE_BOUND('',#216,.T.);
#39=FACE_BOUND('',#217,.T.);
#40=FACE_BOUND('',#218,.T.);
#41=FACE_BOUND('',#219,.T.);
#42=FACE_BOUND('',#220,.T.);
#43=FACE_BOUND('',#221,.T.);
#44=FACE_BOUND('',#222,.T.);
#45=FACE_BOUND('',#226,.T.);
#46=FACE_BOUND('',#228,.T.);
#47=FACE_BOUND('',#232,.T.);
#48=FACE_BOUND('',#234,.T.);
#49=FACE_BOUND('',#238,.T.);
#50=FACE_BOUND('',#240,.T.);
#51=FACE_BOUND('',#244,.T.);
#52=FACE_BOUND('',#246,.T.);
#53=FACE_BOUND('',#250,.T.);
#54=FACE_BOUND('',#252,.T.);
#55=FACE_BOUND('',#256,.T.);
#56=FACE_BOUND('',#258,.T.);
#57=FACE_BOUND('',#262,.T.);
#58=FACE_BOUND('',#264,.T.);
#59=FACE_BOUND('',#268,.T.);
#60=FACE_BOUND('',#270,.T.);
#61=FACE_BOUND('',#274,.T.);
#62=FACE_BOUND('',#276,.T.);
#63=FACE_BOUND('',#280,.T.);
#64=FACE_BOUND('',#282,.T.);
#65=FACE_BOUND('',#286,.T.);
#66=FACE_BOUND('',#288,.T.);
#67=FACE_BOUND('',#292,.T.);
#68=FACE_BOUND('',#294,.T.);
#69=FACE_BOUND('',#322,.T.);
#70=FACE_BOUND('',#324,.T.);
#71=PLANE('',#1421);
#72=PLANE('',#1434);
#73=PLANE('',#1441);
#74=PLANE('',#1442);
#75=PLANE('',#1449);
#76=PLANE('',#1450);
#77=PLANE('',#1457);
#78=PLANE('',#1458);
#79=PLANE('',#1465);
#80=PLANE('',#1466);
#81=PLANE('',#1473);
#82=PLANE('',#1474);
#83=PLANE('',#1481);
#84=PLANE('',#1482);
#85=PLANE('',#1489);
#86=PLANE('',#1490);
#87=PLANE('',#1497);
#88=PLANE('',#1498);
#89=PLANE('',#1505);
#90=PLANE('',#1506);
#91=PLANE('',#1513);
#92=PLANE('',#1514);
#93=PLANE('',#1521);
#94=PLANE('',#1522);
#95=PLANE('',#1529);
#96=PLANE('',#1530);
#97=PLANE('',#1543);
#98=PLANE('',#1544);
#99=PLANE('',#1557);
#100=PLANE('',#1558);
#101=PLANE('',#1571);
#102=PLANE('',#1572);
#103=PLANE('',#1585);
#104=PLANE('',#1586);
#105=PLANE('',#1593);
#106=PLANE('',#1594);
#107=FACE_OUTER_BOUND('',#196,.T.);
#108=FACE_OUTER_BOUND('',#197,.T.);
#109=FACE_OUTER_BOUND('',#198,.T.);
#110=FACE_OUTER_BOUND('',#199,.T.);
#111=FACE_OUTER_BOUND('',#200,.T.);
#112=FACE_OUTER_BOUND('',#201,.T.);
#113=FACE_OUTER_BOUND('',#202,.T.);
#114=FACE_OUTER_BOUND('',#203,.T.);
#115=FACE_OUTER_BOUND('',#211,.T.);
#116=FACE_OUTER_BOUND('',#212,.T.);
#117=FACE_OUTER_BOUND('',#213,.T.);
#118=FACE_OUTER_BOUND('',#214,.T.);
#119=FACE_OUTER_BOUND('',#215,.T.);
#120=FACE_OUTER_BOUND('',#223,.T.);
#121=FACE_OUTER_BOUND('',#224,.T.);
#122=FACE_OUTER_BOUND('',#225,.T.);
#123=FACE_OUTER_BOUND('',#227,.T.);
#124=FACE_OUTER_BOUND('',#229,.T.);
#125=FACE_OUTER_BOUND('',#230,.T.);
#126=FACE_OUTER_BOUND('',#231,.T.);
#127=FACE_OUTER_BOUND('',#233,.T.);
#128=FACE_OUTER_BOUND('',#235,.T.);
#129=FACE_OUTER_BOUND('',#236,.T.);
#130=FACE_OUTER_BOUND('',#237,.T.);
#131=FACE_OUTER_BOUND('',#239,.T.);
#132=FACE_OUTER_BOUND('',#241,.T.);
#133=FACE_OUTER_BOUND('',#242,.T.);
#134=FACE_OUTER_BOUND('',#243,.T.);
#135=FACE_OUTER_BOUND('',#245,.T.);
#136=FACE_OUTER_BOUND('',#247,.T.);
#137=FACE_OUTER_BOUND('',#248,.T.);
#138=FACE_OUTER_BOUND('',#249,.T.);
#139=FACE_OUTER_BOUND('',#251,.T.);
#140=FACE_OUTER_BOUND('',#253,.T.);
#141=FACE_OUTER_BOUND('',#254,.T.);
#142=FACE_OUTER_BOUND('',#255,.T.);
#143=FACE_OUTER_BOUND('',#257,.T.);
#144=FACE_OUTER_BOUND('',#259,.T.);
#145=FACE_OUTER_BOUND('',#260,.T.);
#146=FACE_OUTER_BOUND('',#261,.T.);
#147=FACE_OUTER_BOUND('',#263,.T.);
#148=FACE_OUTER_BOUND('',#265,.T.);
#149=FACE_OUTER_BOUND('',#266,.T.);
#150=FACE_OUTER_BOUND('',#267,.T.);
#151=FACE_OUTER_BOUND('',#269,.T.);
#152=FACE_OUTER_BOUND('',#271,.T.);
#153=FACE_OUTER_BOUND('',#272,.T.);
#154=FACE_OUTER_BOUND('',#273,.T.);
#155=FACE_OUTER_BOUND('',#275,.T.);
#156=FACE_OUTER_BOUND('',#277,.T.);
#157=FACE_OUTER_BOUND('',#278,.T.);
#158=FACE_OUTER_BOUND('',#279,.T.);
#159=FACE_OUTER_BOUND('',#281,.T.);
#160=FACE_OUTER_BOUND('',#283,.T.);
#161=FACE_OUTER_BOUND('',#284,.T.);
#162=FACE_OUTER_BOUND('',#285,.T.);
#163=FACE_OUTER_BOUND('',#287,.T.);
#164=FACE_OUTER_BOUND('',#289,.T.);
#165=FACE_OUTER_BOUND('',#290,.T.);
#166=FACE_OUTER_BOUND('',#291,.T.);
#167=FACE_OUTER_BOUND('',#293,.T.);
#168=FACE_OUTER_BOUND('',#295,.T.);
#169=FACE_OUTER_BOUND('',#296,.T.);
#170=FACE_OUTER_BOUND('',#297,.T.);
#171=FACE_OUTER_BOUND('',#298,.T.);
#172=FACE_OUTER_BOUND('',#299,.T.);
#173=FACE_OUTER_BOUND('',#300,.T.);
#174=FACE_OUTER_BOUND('',#301,.T.);
#175=FACE_OUTER_BOUND('',#302,.T.);
#176=FACE_OUTER_BOUND('',#303,.T.);
#177=FACE_OUTER_BOUND('',#304,.T.);
#178=FACE_OUTER_BOUND('',#305,.T.);
#179=FACE_OUTER_BOUND('',#306,.T.);
#180=FACE_OUTER_BOUND('',#307,.T.);
#181=FACE_OUTER_BOUND('',#308,.T.);
#182=FACE_OUTER_BOUND('',#309,.T.);
#183=FACE_OUTER_BOUND('',#310,.T.);
#184=FACE_OUTER_BOUND('',#311,.T.);
#185=FACE_OUTER_BOUND('',#312,.T.);
#186=FACE_OUTER_BOUND('',#313,.T.);
#187=FACE_OUTER_BOUND('',#314,.T.);
#188=FACE_OUTER_BOUND('',#315,.T.);
#189=FACE_OUTER_BOUND('',#316,.T.);
#190=FACE_OUTER_BOUND('',#317,.T.);
#191=FACE_OUTER_BOUND('',#318,.T.);
#192=FACE_OUTER_BOUND('',#319,.T.);
#193=FACE_OUTER_BOUND('',#320,.T.);
#194=FACE_OUTER_BOUND('',#321,.T.);
#195=FACE_OUTER_BOUND('',#323,.T.);
#196=EDGE_LOOP('',(#802,#803,#804,#805));
#197=EDGE_LOOP('',(#806,#807,#808,#809));
#198=EDGE_LOOP('',(#810,#811,#812,#813));
#199=EDGE_LOOP('',(#814,#815,#816,#817));
#200=EDGE_LOOP('',(#818,#819,#820,#821));
#201=EDGE_LOOP('',(#822,#823,#824,#825));
#202=EDGE_LOOP('',(#826,#827,#828,#829));
#203=EDGE_LOOP('',(#830,#831,#832,#833));
#204=EDGE_LOOP('',(#834));
#205=EDGE_LOOP('',(#835));
#206=EDGE_LOOP('',(#836));
#207=EDGE_LOOP('',(#837));
#208=EDGE_LOOP('',(#838));
#209=EDGE_LOOP('',(#839));
#210=EDGE_LOOP('',(#840));
#211=EDGE_LOOP('',(#841,#842,#843,#844));
#212=EDGE_LOOP('',(#845,#846,#847,#848));
#213=EDGE_LOOP('',(#849,#850,#851,#852));
#214=EDGE_LOOP('',(#853,#854,#855,#856));
#215=EDGE_LOOP('',(#857,#858,#859,#860));
#216=EDGE_LOOP('',(#861));
#217=EDGE_LOOP('',(#862));
#218=EDGE_LOOP('',(#863));
#219=EDGE_LOOP('',(#864));
#220=EDGE_LOOP('',(#865));
#221=EDGE_LOOP('',(#866));
#222=EDGE_LOOP('',(#867));
#223=EDGE_LOOP('',(#868,#869,#870,#871));
#224=EDGE_LOOP('',(#872,#873,#874,#875));
#225=EDGE_LOOP('',(#876));
#226=EDGE_LOOP('',(#877));
#227=EDGE_LOOP('',(#878));
#228=EDGE_LOOP('',(#879));
#229=EDGE_LOOP('',(#880,#881,#882,#883));
#230=EDGE_LOOP('',(#884,#885,#886,#887));
#231=EDGE_LOOP('',(#888));
#232=EDGE_LOOP('',(#889));
#233=EDGE_LOOP('',(#890));
#234=EDGE_LOOP('',(#891));
#235=EDGE_LOOP('',(#892,#893,#894,#895));
#236=EDGE_LOOP('',(#896,#897,#898,#899));
#237=EDGE_LOOP('',(#900));
#238=EDGE_LOOP('',(#901));
#239=EDGE_LOOP('',(#902));
#240=EDGE_LOOP('',(#903));
#241=EDGE_LOOP('',(#904,#905,#906,#907));
#242=EDGE_LOOP('',(#908,#909,#910,#911));
#243=EDGE_LOOP('',(#912));
#244=EDGE_LOOP('',(#913));
#245=EDGE_LOOP('',(#914));
#246=EDGE_LOOP('',(#915));
#247=EDGE_LOOP('',(#916,#917,#918,#919));
#248=EDGE_LOOP('',(#920,#921,#922,#923));
#249=EDGE_LOOP('',(#924));
#250=EDGE_LOOP('',(#925));
#251=EDGE_LOOP('',(#926));
#252=EDGE_LOOP('',(#927));
#253=EDGE_LOOP('',(#928,#929,#930,#931));
#254=EDGE_LOOP('',(#932,#933,#934,#935));
#255=EDGE_LOOP('',(#936));
#256=EDGE_LOOP('',(#937));
#257=EDGE_LOOP('',(#938));
#258=EDGE_LOOP('',(#939));
#259=EDGE_LOOP('',(#940,#941,#942,#943));
#260=EDGE_LOOP('',(#944,#945,#946,#947));
#261=EDGE_LOOP('',(#948));
#262=EDGE_LOOP('',(#949));
#263=EDGE_LOOP('',(#950));
#264=EDGE_LOOP('',(#951));
#265=EDGE_LOOP('',(#952,#953,#954,#955));
#266=EDGE_LOOP('',(#956,#957,#958,#959));
#267=EDGE_LOOP('',(#960));
#268=EDGE_LOOP('',(#961));
#269=EDGE_LOOP('',(#962));
#270=EDGE_LOOP('',(#963));
#271=EDGE_LOOP('',(#964,#965,#966,#967));
#272=EDGE_LOOP('',(#968,#969,#970,#971));
#273=EDGE_LOOP('',(#972));
#274=EDGE_LOOP('',(#973));
#275=EDGE_LOOP('',(#974));
#276=EDGE_LOOP('',(#975));
#277=EDGE_LOOP('',(#976,#977,#978,#979));
#278=EDGE_LOOP('',(#980,#981,#982,#983));
#279=EDGE_LOOP('',(#984));
#280=EDGE_LOOP('',(#985));
#281=EDGE_LOOP('',(#986));
#282=EDGE_LOOP('',(#987));
#283=EDGE_LOOP('',(#988,#989,#990,#991));
#284=EDGE_LOOP('',(#992,#993,#994,#995));
#285=EDGE_LOOP('',(#996));
#286=EDGE_LOOP('',(#997));
#287=EDGE_LOOP('',(#998));
#288=EDGE_LOOP('',(#999));
#289=EDGE_LOOP('',(#1000,#1001,#1002,#1003));
#290=EDGE_LOOP('',(#1004,#1005,#1006,#1007));
#291=EDGE_LOOP('',(#1008));
#292=EDGE_LOOP('',(#1009));
#293=EDGE_LOOP('',(#1010));
#294=EDGE_LOOP('',(#1011));
#295=EDGE_LOOP('',(#1012,#1013,#1014,#1015));
#296=EDGE_LOOP('',(#1016,#1017,#1018,#1019));
#297=EDGE_LOOP('',(#1020,#1021,#1022,#1023));
#298=EDGE_LOOP('',(#1024,#1025,#1026,#1027));
#299=EDGE_LOOP('',(#1028,#1029,#1030,#1031));
#300=EDGE_LOOP('',(#1032,#1033,#1034,#1035));
#301=EDGE_LOOP('',(#1036,#1037,#1038,#1039));
#302=EDGE_LOOP('',(#1040,#1041,#1042,#1043));
#303=EDGE_LOOP('',(#1044,#1045,#1046,#1047));
#304=EDGE_LOOP('',(#1048,#1049,#1050,#1051));
#305=EDGE_LOOP('',(#1052,#1053,#1054,#1055));
#306=EDGE_LOOP('',(#1056,#1057,#1058,#1059));
#307=EDGE_LOOP('',(#1060,#1061,#1062,#1063));
#308=EDGE_LOOP('',(#1064,#1065,#1066,#1067));
#309=EDGE_LOOP('',(#1068,#1069,#1070,#1071));
#310=EDGE_LOOP('',(#1072,#1073,#1074,#1075));
#311=EDGE_LOOP('',(#1076,#1077,#1078,#1079));
#312=EDGE_LOOP('',(#1080,#1081,#1082,#1083));
#313=EDGE_LOOP('',(#1084,#1085,#1086,#1087));
#314=EDGE_LOOP('',(#1088,#1089,#1090,#1091));
#315=EDGE_LOOP('',(#1092,#1093,#1094,#1095));
#316=EDGE_LOOP('',(#1096,#1097,#1098,#1099));
#317=EDGE_LOOP('',(#1100,#1101,#1102,#1103));
#318=EDGE_LOOP('',(#1104,#1105,#1106,#1107));
#319=EDGE_LOOP('',(#1108,#1109,#1110,#1111));
#320=EDGE_LOOP('',(#1112,#1113,#1114,#1115));
#321=EDGE_LOOP('',(#1116));
#322=EDGE_LOOP('',(#1117));
#323=EDGE_LOOP('',(#1118));
#324=EDGE_LOOP('',(#1119));
#325=LINE('',#2045,#378);
#326=LINE('',#2051,#379);
#327=LINE('',#2057,#380);
#328=LINE('',#2063,#381);
#329=LINE('',#2069,#382);
#330=LINE('',#2075,#383);
#331=LINE('',#2081,#384);
#332=LINE('',#2094,#385);
#333=LINE('',#2097,#386);
#334=LINE('',#2101,#387);
#335=LINE('',#2105,#388);
#336=LINE('',#2113,#389);
#337=LINE('',#2119,#390);
#338=LINE('',#2127,#391);
#339=LINE('',#2133,#392);
#340=LINE('',#2141,#393);
#341=LINE('',#2147,#394);
#342=LINE('',#2155,#395);
#343=LINE('',#2161,#396);
#344=LINE('',#2169,#397);
#345=LINE('',#2175,#398);
#346=LINE('',#2183,#399);
#347=LINE('',#2189,#400);
#348=LINE('',#2197,#401);
#349=LINE('',#2203,#402);
#350=LINE('',#2211,#403);
#351=LINE('',#2217,#404);
#352=LINE('',#2225,#405);
#353=LINE('',#2231,#406);
#354=LINE('',#2239,#407);
#355=LINE('',#2245,#408);
#356=LINE('',#2253,#409);
#357=LINE('',#2259,#410);
#358=LINE('',#2267,#411);
#359=LINE('',#2273,#412);
#360=LINE('',#2282,#413);
#361=LINE('',#2285,#414);
#362=LINE('',#2290,#415);
#363=LINE('',#2296,#416);
#364=LINE('',#2308,#417);
#365=LINE('',#2311,#418);
#366=LINE('',#2317,#419);
#367=LINE('',#2323,#420);
#368=LINE('',#2334,#421);
#369=LINE('',#2337,#422);
#370=LINE('',#2342,#423);
#371=LINE('',#2348,#424);
#372=LINE('',#2360,#425);
#373=LINE('',#2363,#426);
#374=LINE('',#2369,#427);
#375=LINE('',#2375,#428);
#376=LINE('',#2385,#429);
#377=LINE('',#2391,#430);
#378=VECTOR('',#1601,0.6);
#379=VECTOR('',#1608,0.5);
#380=VECTOR('',#1615,0.5);
#381=VECTOR('',#1622,0.5);
#382=VECTOR('',#1629,0.5);
#383=VECTOR('',#1636,0.5);
#384=VECTOR('',#1643,0.5);
#385=VECTOR('',#1658,1.4);
#386=VECTOR('',#1661,1.4);
#387=VECTOR('',#1666,1.4);
#388=VECTOR('',#1671,1.4);
#389=VECTOR('',#1682,0.5);
#390=VECTOR('',#1689,0.75);
#391=VECTOR('',#1700,0.5);
#392=VECTOR('',#1707,0.75);
#393=VECTOR('',#1718,0.5);
#394=VECTOR('',#1725,0.75);
#395=VECTOR('',#1736,0.5);
#396=VECTOR('',#1743,0.75);
#397=VECTOR('',#1754,0.5);
#398=VECTOR('',#1761,0.75);
#399=VECTOR('',#1772,0.5);
#400=VECTOR('',#1779,0.75);
#401=VECTOR('',#1790,0.5);
#402=VECTOR('',#1797,0.75);
#403=VECTOR('',#1808,0.5);
#404=VECTOR('',#1815,0.75);
#405=VECTOR('',#1826,0.5);
#406=VECTOR('',#1833,0.75);
#407=VECTOR('',#1844,0.5);
#408=VECTOR('',#1851,0.75);
#409=VECTOR('',#1862,0.5);
#410=VECTOR('',#1869,0.75);
#411=VECTOR('',#1880,0.5);
#412=VECTOR('',#1887,0.75);
#413=VECTOR('',#1898,0.005);
#414=VECTOR('',#1901,0.005);
#415=VECTOR('',#1906,0.005);
#416=VECTOR('',#1913,0.005);
#417=VECTOR('',#1930,0.005);
#418=VECTOR('',#1933,0.005);
#419=VECTOR('',#1940,0.005);
#420=VECTOR('',#1947,0.005);
#421=VECTOR('',#1962,0.005);
#422=VECTOR('',#1965,0.005);
#423=VECTOR('',#1970,0.005);
#424=VECTOR('',#1977,0.005);
#425=VECTOR('',#1994,0.005);
#426=VECTOR('',#1997,0.005);
#427=VECTOR('',#2004,0.005);
#428=VECTOR('',#2011,0.005);
#429=VECTOR('',#2026,0.6);
#430=VECTOR('',#2033,0.75);
#431=CIRCLE('',#1401,0.6);
#432=CIRCLE('',#1402,0.6);
#433=CIRCLE('',#1404,0.5);
#434=CIRCLE('',#1405,0.5);
#435=CIRCLE('',#1407,0.5);
#436=CIRCLE('',#1408,0.5);
#437=CIRCLE('',#1410,0.5);
#438=CIRCLE('',#1411,0.5);
#439=CIRCLE('',#1413,0.5);
#440=CIRCLE('',#1414,0.5);
#441=CIRCLE('',#1416,0.5);
#442=CIRCLE('',#1417,0.5);
#443=CIRCLE('',#1419,0.5);
#444=CIRCLE('',#1420,0.5);
#445=CIRCLE('',#1422,7.);
#446=CIRCLE('',#1423,1.);
#447=CIRCLE('',#1424,7.);
#448=CIRCLE('',#1425,1.);
#449=CIRCLE('',#1427,1.);
#450=CIRCLE('',#1429,7.);
#451=CIRCLE('',#1431,1.);
#452=CIRCLE('',#1433,7.);
#453=CIRCLE('',#1436,0.5);
#454=CIRCLE('',#1437,0.5);
#455=CIRCLE('',#1439,0.75);
#456=CIRCLE('',#1440,0.75);
#457=CIRCLE('',#1444,0.5);
#458=CIRCLE('',#1445,0.5);
#459=CIRCLE('',#1447,0.75);
#460=CIRCLE('',#1448,0.75);
#461=CIRCLE('',#1452,0.5);
#462=CIRCLE('',#1453,0.5);
#463=CIRCLE('',#1455,0.75);
#464=CIRCLE('',#1456,0.75);
#465=CIRCLE('',#1460,0.5);
#466=CIRCLE('',#1461,0.5);
#467=CIRCLE('',#1463,0.75);
#468=CIRCLE('',#1464,0.75);
#469=CIRCLE('',#1468,0.5);
#470=CIRCLE('',#1469,0.5);
#471=CIRCLE('',#1471,0.75);
#472=CIRCLE('',#1472,0.75);
#473=CIRCLE('',#1476,0.5);
#474=CIRCLE('',#1477,0.5);
#475=CIRCLE('',#1479,0.75);
#476=CIRCLE('',#1480,0.75);
#477=CIRCLE('',#1484,0.5);
#478=CIRCLE('',#1485,0.5);
#479=CIRCLE('',#1487,0.75);
#480=CIRCLE('',#1488,0.75);
#481=CIRCLE('',#1492,0.5);
#482=CIRCLE('',#1493,0.5);
#483=CIRCLE('',#1495,0.75);
#484=CIRCLE('',#1496,0.75);
#485=CIRCLE('',#1500,0.5);
#486=CIRCLE('',#1501,0.5);
#487=CIRCLE('',#1503,0.75);
#488=CIRCLE('',#1504,0.75);
#489=CIRCLE('',#1508,0.5);
#490=CIRCLE('',#1509,0.5);
#491=CIRCLE('',#1511,0.75);
#492=CIRCLE('',#1512,0.75);
#493=CIRCLE('',#1516,0.5);
#494=CIRCLE('',#1517,0.5);
#495=CIRCLE('',#1519,0.75);
#496=CIRCLE('',#1520,0.75);
#497=CIRCLE('',#1524,0.5);
#498=CIRCLE('',#1525,0.5);
#499=CIRCLE('',#1527,0.75);
#500=CIRCLE('',#1528,0.75);
#501=CIRCLE('',#1532,0.5);
#502=CIRCLE('',#1533,0.5);
#503=CIRCLE('',#1535,6.79348283169827);
#504=CIRCLE('',#1536,6.79348283169827);
#505=CIRCLE('',#1538,0.5);
#506=CIRCLE('',#1539,0.5);
#507=CIRCLE('',#1541,5.79348283169827);
#508=CIRCLE('',#1542,5.79348283169827);
#509=CIRCLE('',#1546,0.5);
#510=CIRCLE('',#1547,0.5);
#511=CIRCLE('',#1549,6.79348283169827);
#512=CIRCLE('',#1550,6.79348283169827);
#513=CIRCLE('',#1552,0.5);
#514=CIRCLE('',#1553,0.5);
#515=CIRCLE('',#1555,5.79348283169827);
#516=CIRCLE('',#1556,5.79348283169827);
#517=CIRCLE('',#1560,0.5);
#518=CIRCLE('',#1561,0.5);
#519=CIRCLE('',#1563,6.79348283169827);
#520=CIRCLE('',#1564,6.79348283169827);
#521=CIRCLE('',#1566,0.5);
#522=CIRCLE('',#1567,0.5);
#523=CIRCLE('',#1569,5.79348283169827);
#524=CIRCLE('',#1570,5.79348283169827);
#525=CIRCLE('',#1574,0.5);
#526=CIRCLE('',#1575,0.5);
#527=CIRCLE('',#1577,6.79348283169827);
#528=CIRCLE('',#1578,6.79348283169827);
#529=CIRCLE('',#1580,0.5);
#530=CIRCLE('',#1581,0.5);
#531=CIRCLE('',#1583,5.79348283169827);
#532=CIRCLE('',#1584,5.79348283169827);
#533=CIRCLE('',#1588,0.6);
#534=CIRCLE('',#1589,0.6);
#535=CIRCLE('',#1591,0.75);
#536=CIRCLE('',#1592,0.75);
#537=VERTEX_POINT('',#2042);
#538=VERTEX_POINT('',#2044);
#539=VERTEX_POINT('',#2048);
#540=VERTEX_POINT('',#2050);
#541=VERTEX_POINT('',#2054);
#542=VERTEX_POINT('',#2056);
#543=VERTEX_POINT('',#2060);
#544=VERTEX_POINT('',#2062);
#545=VERTEX_POINT('',#2066);
#546=VERTEX_POINT('',#2068);
#547=VERTEX_POINT('',#2072);
#548=VERTEX_POINT('',#2074);
#549=VERTEX_POINT('',#2078);
#550=VERTEX_POINT('',#2080);
#551=VERTEX_POINT('',#2084);
#552=VERTEX_POINT('',#2085);
#553=VERTEX_POINT('',#2087);
#554=VERTEX_POINT('',#2089);
#555=VERTEX_POINT('',#2093);
#556=VERTEX_POINT('',#2095);
#557=VERTEX_POINT('',#2099);
#558=VERTEX_POINT('',#2103);
#559=VERTEX_POINT('',#2110);
#560=VERTEX_POINT('',#2112);
#561=VERTEX_POINT('',#2116);
#562=VERTEX_POINT('',#2118);
#563=VERTEX_POINT('',#2124);
#564=VERTEX_POINT('',#2126);
#565=VERTEX_POINT('',#2130);
#566=VERTEX_POINT('',#2132);
#567=VERTEX_POINT('',#2138);
#568=VERTEX_POINT('',#2140);
#569=VERTEX_POINT('',#2144);
#570=VERTEX_POINT('',#2146);
#571=VERTEX_POINT('',#2152);
#572=VERTEX_POINT('',#2154);
#573=VERTEX_POINT('',#2158);
#574=VERTEX_POINT('',#2160);
#575=VERTEX_POINT('',#2166);
#576=VERTEX_POINT('',#2168);
#577=VERTEX_POINT('',#2172);
#578=VERTEX_POINT('',#2174);
#579=VERTEX_POINT('',#2180);
#580=VERTEX_POINT('',#2182);
#581=VERTEX_POINT('',#2186);
#582=VERTEX_POINT('',#2188);
#583=VERTEX_POINT('',#2194);
#584=VERTEX_POINT('',#2196);
#585=VERTEX_POINT('',#2200);
#586=VERTEX_POINT('',#2202);
#587=VERTEX_POINT('',#2208);
#588=VERTEX_POINT('',#2210);
#589=VERTEX_POINT('',#2214);
#590=VERTEX_POINT('',#2216);
#591=VERTEX_POINT('',#2222);
#592=VERTEX_POINT('',#2224);
#593=VERTEX_POINT('',#2228);
#594=VERTEX_POINT('',#2230);
#595=VERTEX_POINT('',#2236);
#596=VERTEX_POINT('',#2238);
#597=VERTEX_POINT('',#2242);
#598=VERTEX_POINT('',#2244);
#599=VERTEX_POINT('',#2250);
#600=VERTEX_POINT('',#2252);
#601=VERTEX_POINT('',#2256);
#602=VERTEX_POINT('',#2258);
#603=VERTEX_POINT('',#2264);
#604=VERTEX_POINT('',#2266);
#605=VERTEX_POINT('',#2270);
#606=VERTEX_POINT('',#2272);
#607=VERTEX_POINT('',#2278);
#608=VERTEX_POINT('',#2279);
#609=VERTEX_POINT('',#2281);
#610=VERTEX_POINT('',#2283);
#611=VERTEX_POINT('',#2287);
#612=VERTEX_POINT('',#2289);
#613=VERTEX_POINT('',#2293);
#614=VERTEX_POINT('',#2295);
#615=VERTEX_POINT('',#2304);
#616=VERTEX_POINT('',#2305);
#617=VERTEX_POINT('',#2307);
#618=VERTEX_POINT('',#2309);
#619=VERTEX_POINT('',#2313);
#620=VERTEX_POINT('',#2315);
#621=VERTEX_POINT('',#2319);
#622=VERTEX_POINT('',#2321);
#623=VERTEX_POINT('',#2330);
#624=VERTEX_POINT('',#2331);
#625=VERTEX_POINT('',#2333);
#626=VERTEX_POINT('',#2335);
#627=VERTEX_POINT('',#2339);
#628=VERTEX_POINT('',#2341);
#629=VERTEX_POINT('',#2345);
#630=VERTEX_POINT('',#2347);
#631=VERTEX_POINT('',#2356);
#632=VERTEX_POINT('',#2357);
#633=VERTEX_POINT('',#2359);
#634=VERTEX_POINT('',#2361);
#635=VERTEX_POINT('',#2365);
#636=VERTEX_POINT('',#2367);
#637=VERTEX_POINT('',#2371);
#638=VERTEX_POINT('',#2373);
#639=VERTEX_POINT('',#2382);
#640=VERTEX_POINT('',#2384);
#641=VERTEX_POINT('',#2388);
#642=VERTEX_POINT('',#2390);
#643=EDGE_CURVE('',#537,#537,#431,.T.);
#644=EDGE_CURVE('',#537,#538,#325,.T.);
#645=EDGE_CURVE('',#538,#538,#432,.T.);
#646=EDGE_CURVE('',#539,#539,#433,.T.);
#647=EDGE_CURVE('',#539,#540,#326,.T.);
#648=EDGE_CURVE('',#540,#540,#434,.T.);
#649=EDGE_CURVE('',#541,#541,#435,.T.);
#650=EDGE_CURVE('',#541,#542,#327,.T.);
#651=EDGE_CURVE('',#542,#542,#436,.T.);
#652=EDGE_CURVE('',#543,#543,#437,.T.);
#653=EDGE_CURVE('',#543,#544,#328,.T.);
#654=EDGE_CURVE('',#544,#544,#438,.T.);
#655=EDGE_CURVE('',#545,#545,#439,.T.);
#656=EDGE_CURVE('',#545,#546,#329,.T.);
#657=EDGE_CURVE('',#546,#546,#440,.T.);
#658=EDGE_CURVE('',#547,#547,#441,.T.);
#659=EDGE_CURVE('',#547,#548,#330,.T.);
#660=EDGE_CURVE('',#548,#548,#442,.T.);
#661=EDGE_CURVE('',#549,#549,#443,.T.);
#662=EDGE_CURVE('',#549,#550,#331,.T.);
#663=EDGE_CURVE('',#550,#550,#444,.T.);
#664=EDGE_CURVE('',#551,#552,#445,.T.);
#665=EDGE_CURVE('',#552,#553,#446,.T.);
#666=EDGE_CURVE('',#553,#554,#447,.T.);
#667=EDGE_CURVE('',#554,#551,#448,.T.);
#668=EDGE_CURVE('',#555,#552,#332,.T.);
#669=EDGE_CURVE('',#556,#555,#449,.T.);
#670=EDGE_CURVE('',#553,#556,#333,.T.);
#671=EDGE_CURVE('',#557,#556,#450,.T.);
#672=EDGE_CURVE('',#554,#557,#334,.T.);
#673=EDGE_CURVE('',#558,#557,#451,.T.);
#674=EDGE_CURVE('',#551,#558,#335,.T.);
#675=EDGE_CURVE('',#555,#558,#452,.T.);
#676=EDGE_CURVE('',#559,#559,#453,.T.);
#677=EDGE_CURVE('',#559,#560,#336,.T.);
#678=EDGE_CURVE('',#560,#560,#454,.T.);
#679=EDGE_CURVE('',#561,#561,#455,.T.);
#680=EDGE_CURVE('',#561,#562,#337,.T.);
#681=EDGE_CURVE('',#562,#562,#456,.T.);
#682=EDGE_CURVE('',#563,#563,#457,.T.);
#683=EDGE_CURVE('',#563,#564,#338,.T.);
#684=EDGE_CURVE('',#564,#564,#458,.T.);
#685=EDGE_CURVE('',#565,#565,#459,.T.);
#686=EDGE_CURVE('',#565,#566,#339,.T.);
#687=EDGE_CURVE('',#566,#566,#460,.T.);
#688=EDGE_CURVE('',#567,#567,#461,.T.);
#689=EDGE_CURVE('',#567,#568,#340,.T.);
#690=EDGE_CURVE('',#568,#568,#462,.T.);
#691=EDGE_CURVE('',#569,#569,#463,.T.);
#692=EDGE_CURVE('',#569,#570,#341,.T.);
#693=EDGE_CURVE('',#570,#570,#464,.T.);
#694=EDGE_CURVE('',#571,#571,#465,.T.);
#695=EDGE_CURVE('',#571,#572,#342,.T.);
#696=EDGE_CURVE('',#572,#572,#466,.T.);
#697=EDGE_CURVE('',#573,#573,#467,.T.);
#698=EDGE_CURVE('',#573,#574,#343,.T.);
#699=EDGE_CURVE('',#574,#574,#468,.T.);
#700=EDGE_CURVE('',#575,#575,#469,.T.);
#701=EDGE_CURVE('',#575,#576,#344,.T.);
#702=EDGE_CURVE('',#576,#576,#470,.T.);
#703=EDGE_CURVE('',#577,#577,#471,.T.);
#704=EDGE_CURVE('',#577,#578,#345,.T.);
#705=EDGE_CURVE('',#578,#578,#472,.T.);
#706=EDGE_CURVE('',#579,#579,#473,.T.);
#707=EDGE_CURVE('',#579,#580,#346,.T.);
#708=EDGE_CURVE('',#580,#580,#474,.T.);
#709=EDGE_CURVE('',#581,#581,#475,.T.);
#710=EDGE_CURVE('',#581,#582,#347,.T.);
#711=EDGE_CURVE('',#582,#582,#476,.T.);
#712=EDGE_CURVE('',#583,#583,#477,.T.);
#713=EDGE_CURVE('',#583,#584,#348,.T.);
#714=EDGE_CURVE('',#584,#584,#478,.T.);
#715=EDGE_CURVE('',#585,#585,#479,.T.);
#716=EDGE_CURVE('',#585,#586,#349,.T.);
#717=EDGE_CURVE('',#586,#586,#480,.T.);
#718=EDGE_CURVE('',#587,#587,#481,.T.);
#719=EDGE_CURVE('',#587,#588,#350,.T.);
#720=EDGE_CURVE('',#588,#588,#482,.T.);
#721=EDGE_CURVE('',#589,#589,#483,.T.);
#722=EDGE_CURVE('',#589,#590,#351,.T.);
#723=EDGE_CURVE('',#590,#590,#484,.T.);
#724=EDGE_CURVE('',#591,#591,#485,.T.);
#725=EDGE_CURVE('',#591,#592,#352,.T.);
#726=EDGE_CURVE('',#592,#592,#486,.T.);
#727=EDGE_CURVE('',#593,#593,#487,.T.);
#728=EDGE_CURVE('',#593,#594,#353,.T.);
#729=EDGE_CURVE('',#594,#594,#488,.T.);
#730=EDGE_CURVE('',#595,#595,#489,.T.);
#731=EDGE_CURVE('',#595,#596,#354,.T.);
#732=EDGE_CURVE('',#596,#596,#490,.T.);
#733=EDGE_CURVE('',#597,#597,#491,.T.);
#734=EDGE_CURVE('',#597,#598,#355,.T.);
#735=EDGE_CURVE('',#598,#598,#492,.T.);
#736=EDGE_CURVE('',#599,#599,#493,.T.);
#737=EDGE_CURVE('',#599,#600,#356,.T.);
#738=EDGE_CURVE('',#600,#600,#494,.T.);
#739=EDGE_CURVE('',#601,#601,#495,.T.);
#740=EDGE_CURVE('',#601,#602,#357,.T.);
#741=EDGE_CURVE('',#602,#602,#496,.T.);
#742=EDGE_CURVE('',#603,#603,#497,.T.);
#743=EDGE_CURVE('',#603,#604,#358,.T.);
#744=EDGE_CURVE('',#604,#604,#498,.T.);
#745=EDGE_CURVE('',#605,#605,#499,.T.);
#746=EDGE_CURVE('',#605,#606,#359,.T.);
#747=EDGE_CURVE('',#606,#606,#500,.T.);
#748=EDGE_CURVE('',#607,#608,#501,.T.);
#749=EDGE_CURVE('',#607,#609,#360,.T.);
#750=EDGE_CURVE('',#609,#610,#502,.T.);
#751=EDGE_CURVE('',#608,#610,#361,.T.);
#752=EDGE_CURVE('',#611,#607,#503,.T.);
#753=EDGE_CURVE('',#611,#612,#362,.T.);
#754=EDGE_CURVE('',#612,#609,#504,.T.);
#755=EDGE_CURVE('',#613,#611,#505,.T.);
#756=EDGE_CURVE('',#613,#614,#363,.T.);
#757=EDGE_CURVE('',#614,#612,#506,.T.);
#758=EDGE_CURVE('',#608,#613,#507,.T.);
#759=EDGE_CURVE('',#610,#614,#508,.T.);
#760=EDGE_CURVE('',#615,#616,#509,.T.);
#761=EDGE_CURVE('',#616,#617,#364,.T.);
#762=EDGE_CURVE('',#618,#617,#510,.T.);
#763=EDGE_CURVE('',#615,#618,#365,.T.);
#764=EDGE_CURVE('',#619,#615,#511,.T.);
#765=EDGE_CURVE('',#620,#618,#512,.T.);
#766=EDGE_CURVE('',#619,#620,#366,.T.);
#767=EDGE_CURVE('',#621,#619,#513,.T.);
#768=EDGE_CURVE('',#622,#620,#514,.T.);
#769=EDGE_CURVE('',#621,#622,#367,.T.);
#770=EDGE_CURVE('',#616,#621,#515,.T.);
#771=EDGE_CURVE('',#617,#622,#516,.T.);
#772=EDGE_CURVE('',#623,#624,#517,.T.);
#773=EDGE_CURVE('',#623,#625,#368,.T.);
#774=EDGE_CURVE('',#625,#626,#518,.T.);
#775=EDGE_CURVE('',#624,#626,#369,.T.);
#776=EDGE_CURVE('',#627,#623,#519,.T.);
#777=EDGE_CURVE('',#627,#628,#370,.T.);
#778=EDGE_CURVE('',#628,#625,#520,.T.);
#779=EDGE_CURVE('',#629,#627,#521,.T.);
#780=EDGE_CURVE('',#629,#630,#371,.T.);
#781=EDGE_CURVE('',#630,#628,#522,.T.);
#782=EDGE_CURVE('',#624,#629,#523,.T.);
#783=EDGE_CURVE('',#626,#630,#524,.T.);
#784=EDGE_CURVE('',#631,#632,#525,.T.);
#785=EDGE_CURVE('',#632,#633,#372,.T.);
#786=EDGE_CURVE('',#634,#633,#526,.T.);
#787=EDGE_CURVE('',#631,#634,#373,.T.);
#788=EDGE_CURVE('',#635,#631,#527,.T.);
#789=EDGE_CURVE('',#636,#634,#528,.T.);
#790=EDGE_CURVE('',#635,#636,#374,.T.);
#791=EDGE_CURVE('',#637,#635,#529,.T.);
#792=EDGE_CURVE('',#638,#636,#530,.T.);
#793=EDGE_CURVE('',#637,#638,#375,.T.);
#794=EDGE_CURVE('',#632,#637,#531,.T.);
#795=EDGE_CURVE('',#633,#638,#532,.T.);
#796=EDGE_CURVE('',#639,#639,#533,.T.);
#797=EDGE_CURVE('',#639,#640,#376,.T.);
#798=EDGE_CURVE('',#640,#640,#534,.T.);
#799=EDGE_CURVE('',#641,#641,#535,.T.);
#800=EDGE_CURVE('',#641,#642,#377,.T.);
#801=EDGE_CURVE('',#642,#642,#536,.T.);
#802=ORIENTED_EDGE('',*,*,#643,.F.);
#803=ORIENTED_EDGE('',*,*,#644,.T.);
#804=ORIENTED_EDGE('',*,*,#645,.F.);
#805=ORIENTED_EDGE('',*,*,#644,.F.);
#806=ORIENTED_EDGE('',*,*,#646,.F.);
#807=ORIENTED_EDGE('',*,*,#647,.T.);
#808=ORIENTED_EDGE('',*,*,#648,.F.);
#809=ORIENTED_EDGE('',*,*,#647,.F.);
#810=ORIENTED_EDGE('',*,*,#649,.F.);
#811=ORIENTED_EDGE('',*,*,#650,.T.);
#812=ORIENTED_EDGE('',*,*,#651,.F.);
#813=ORIENTED_EDGE('',*,*,#650,.F.);
#814=ORIENTED_EDGE('',*,*,#652,.F.);
#815=ORIENTED_EDGE('',*,*,#653,.T.);
#816=ORIENTED_EDGE('',*,*,#654,.F.);
#817=ORIENTED_EDGE('',*,*,#653,.F.);
#818=ORIENTED_EDGE('',*,*,#655,.F.);
#819=ORIENTED_EDGE('',*,*,#656,.T.);
#820=ORIENTED_EDGE('',*,*,#657,.F.);
#821=ORIENTED_EDGE('',*,*,#656,.F.);
#822=ORIENTED_EDGE('',*,*,#658,.F.);
#823=ORIENTED_EDGE('',*,*,#659,.T.);
#824=ORIENTED_EDGE('',*,*,#660,.F.);
#825=ORIENTED_EDGE('',*,*,#659,.F.);
#826=ORIENTED_EDGE('',*,*,#661,.F.);
#827=ORIENTED_EDGE('',*,*,#662,.T.);
#828=ORIENTED_EDGE('',*,*,#663,.F.);
#829=ORIENTED_EDGE('',*,*,#662,.F.);
#830=ORIENTED_EDGE('',*,*,#664,.T.);
#831=ORIENTED_EDGE('',*,*,#665,.T.);
#832=ORIENTED_EDGE('',*,*,#666,.T.);
#833=ORIENTED_EDGE('',*,*,#667,.T.);
#834=ORIENTED_EDGE('',*,*,#643,.T.);
#835=ORIENTED_EDGE('',*,*,#646,.T.);
#836=ORIENTED_EDGE('',*,*,#649,.T.);
#837=ORIENTED_EDGE('',*,*,#652,.T.);
#838=ORIENTED_EDGE('',*,*,#655,.T.);
#839=ORIENTED_EDGE('',*,*,#658,.T.);
#840=ORIENTED_EDGE('',*,*,#661,.T.);
#841=ORIENTED_EDGE('',*,*,#668,.F.);
#842=ORIENTED_EDGE('',*,*,#669,.F.);
#843=ORIENTED_EDGE('',*,*,#670,.F.);
#844=ORIENTED_EDGE('',*,*,#665,.F.);
#845=ORIENTED_EDGE('',*,*,#670,.T.);
#846=ORIENTED_EDGE('',*,*,#671,.F.);
#847=ORIENTED_EDGE('',*,*,#672,.F.);
#848=ORIENTED_EDGE('',*,*,#666,.F.);
#849=ORIENTED_EDGE('',*,*,#672,.T.);
#850=ORIENTED_EDGE('',*,*,#673,.F.);
#851=ORIENTED_EDGE('',*,*,#674,.F.);
#852=ORIENTED_EDGE('',*,*,#667,.F.);
#853=ORIENTED_EDGE('',*,*,#674,.T.);
#854=ORIENTED_EDGE('',*,*,#675,.F.);
#855=ORIENTED_EDGE('',*,*,#668,.T.);
#856=ORIENTED_EDGE('',*,*,#664,.F.);
#857=ORIENTED_EDGE('',*,*,#675,.T.);
#858=ORIENTED_EDGE('',*,*,#673,.T.);
#859=ORIENTED_EDGE('',*,*,#671,.T.);
#860=ORIENTED_EDGE('',*,*,#669,.T.);
#861=ORIENTED_EDGE('',*,*,#645,.T.);
#862=ORIENTED_EDGE('',*,*,#648,.T.);
#863=ORIENTED_EDGE('',*,*,#651,.T.);
#864=ORIENTED_EDGE('',*,*,#654,.T.);
#865=ORIENTED_EDGE('',*,*,#657,.T.);
#866=ORIENTED_EDGE('',*,*,#660,.T.);
#867=ORIENTED_EDGE('',*,*,#663,.T.);
#868=ORIENTED_EDGE('',*,*,#676,.T.);
#869=ORIENTED_EDGE('',*,*,#677,.T.);
#870=ORIENTED_EDGE('',*,*,#678,.T.);
#871=ORIENTED_EDGE('',*,*,#677,.F.);
#872=ORIENTED_EDGE('',*,*,#679,.T.);
#873=ORIENTED_EDGE('',*,*,#680,.T.);
#874=ORIENTED_EDGE('',*,*,#681,.T.);
#875=ORIENTED_EDGE('',*,*,#680,.F.);
#876=ORIENTED_EDGE('',*,*,#679,.F.);
#877=ORIENTED_EDGE('',*,*,#678,.F.);
#878=ORIENTED_EDGE('',*,*,#681,.F.);
#879=ORIENTED_EDGE('',*,*,#676,.F.);
#880=ORIENTED_EDGE('',*,*,#682,.F.);
#881=ORIENTED_EDGE('',*,*,#683,.T.);
#882=ORIENTED_EDGE('',*,*,#684,.F.);
#883=ORIENTED_EDGE('',*,*,#683,.F.);
#884=ORIENTED_EDGE('',*,*,#685,.F.);
#885=ORIENTED_EDGE('',*,*,#686,.T.);
#886=ORIENTED_EDGE('',*,*,#687,.F.);
#887=ORIENTED_EDGE('',*,*,#686,.F.);
#888=ORIENTED_EDGE('',*,*,#687,.T.);
#889=ORIENTED_EDGE('',*,*,#682,.T.);
#890=ORIENTED_EDGE('',*,*,#685,.T.);
#891=ORIENTED_EDGE('',*,*,#684,.T.);
#892=ORIENTED_EDGE('',*,*,#688,.F.);
#893=ORIENTED_EDGE('',*,*,#689,.T.);
#894=ORIENTED_EDGE('',*,*,#690,.F.);
#895=ORIENTED_EDGE('',*,*,#689,.F.);
#896=ORIENTED_EDGE('',*,*,#691,.F.);
#897=ORIENTED_EDGE('',*,*,#692,.T.);
#898=ORIENTED_EDGE('',*,*,#693,.F.);
#899=ORIENTED_EDGE('',*,*,#692,.F.);
#900=ORIENTED_EDGE('',*,*,#693,.T.);
#901=ORIENTED_EDGE('',*,*,#688,.T.);
#902=ORIENTED_EDGE('',*,*,#691,.T.);
#903=ORIENTED_EDGE('',*,*,#690,.T.);
#904=ORIENTED_EDGE('',*,*,#694,.F.);
#905=ORIENTED_EDGE('',*,*,#695,.T.);
#906=ORIENTED_EDGE('',*,*,#696,.F.);
#907=ORIENTED_EDGE('',*,*,#695,.F.);
#908=ORIENTED_EDGE('',*,*,#697,.F.);
#909=ORIENTED_EDGE('',*,*,#698,.T.);
#910=ORIENTED_EDGE('',*,*,#699,.F.);
#911=ORIENTED_EDGE('',*,*,#698,.F.);
#912=ORIENTED_EDGE('',*,*,#699,.T.);
#913=ORIENTED_EDGE('',*,*,#694,.T.);
#914=ORIENTED_EDGE('',*,*,#697,.T.);
#915=ORIENTED_EDGE('',*,*,#696,.T.);
#916=ORIENTED_EDGE('',*,*,#700,.F.);
#917=ORIENTED_EDGE('',*,*,#701,.T.);
#918=ORIENTED_EDGE('',*,*,#702,.F.);
#919=ORIENTED_EDGE('',*,*,#701,.F.);
#920=ORIENTED_EDGE('',*,*,#703,.F.);
#921=ORIENTED_EDGE('',*,*,#704,.T.);
#922=ORIENTED_EDGE('',*,*,#705,.F.);
#923=ORIENTED_EDGE('',*,*,#704,.F.);
#924=ORIENTED_EDGE('',*,*,#705,.T.);
#925=ORIENTED_EDGE('',*,*,#700,.T.);
#926=ORIENTED_EDGE('',*,*,#703,.T.);
#927=ORIENTED_EDGE('',*,*,#702,.T.);
#928=ORIENTED_EDGE('',*,*,#706,.F.);
#929=ORIENTED_EDGE('',*,*,#707,.T.);
#930=ORIENTED_EDGE('',*,*,#708,.F.);
#931=ORIENTED_EDGE('',*,*,#707,.F.);
#932=ORIENTED_EDGE('',*,*,#709,.F.);
#933=ORIENTED_EDGE('',*,*,#710,.T.);
#934=ORIENTED_EDGE('',*,*,#711,.F.);
#935=ORIENTED_EDGE('',*,*,#710,.F.);
#936=ORIENTED_EDGE('',*,*,#711,.T.);
#937=ORIENTED_EDGE('',*,*,#706,.T.);
#938=ORIENTED_EDGE('',*,*,#709,.T.);
#939=ORIENTED_EDGE('',*,*,#708,.T.);
#940=ORIENTED_EDGE('',*,*,#712,.F.);
#941=ORIENTED_EDGE('',*,*,#713,.T.);
#942=ORIENTED_EDGE('',*,*,#714,.F.);
#943=ORIENTED_EDGE('',*,*,#713,.F.);
#944=ORIENTED_EDGE('',*,*,#715,.F.);
#945=ORIENTED_EDGE('',*,*,#716,.T.);
#946=ORIENTED_EDGE('',*,*,#717,.F.);
#947=ORIENTED_EDGE('',*,*,#716,.F.);
#948=ORIENTED_EDGE('',*,*,#717,.T.);
#949=ORIENTED_EDGE('',*,*,#712,.T.);
#950=ORIENTED_EDGE('',*,*,#715,.T.);
#951=ORIENTED_EDGE('',*,*,#714,.T.);
#952=ORIENTED_EDGE('',*,*,#718,.T.);
#953=ORIENTED_EDGE('',*,*,#719,.T.);
#954=ORIENTED_EDGE('',*,*,#720,.T.);
#955=ORIENTED_EDGE('',*,*,#719,.F.);
#956=ORIENTED_EDGE('',*,*,#721,.T.);
#957=ORIENTED_EDGE('',*,*,#722,.T.);
#958=ORIENTED_EDGE('',*,*,#723,.T.);
#959=ORIENTED_EDGE('',*,*,#722,.F.);
#960=ORIENTED_EDGE('',*,*,#721,.F.);
#961=ORIENTED_EDGE('',*,*,#720,.F.);
#962=ORIENTED_EDGE('',*,*,#723,.F.);
#963=ORIENTED_EDGE('',*,*,#718,.F.);
#964=ORIENTED_EDGE('',*,*,#724,.T.);
#965=ORIENTED_EDGE('',*,*,#725,.T.);
#966=ORIENTED_EDGE('',*,*,#726,.T.);
#967=ORIENTED_EDGE('',*,*,#725,.F.);
#968=ORIENTED_EDGE('',*,*,#727,.T.);
#969=ORIENTED_EDGE('',*,*,#728,.T.);
#970=ORIENTED_EDGE('',*,*,#729,.T.);
#971=ORIENTED_EDGE('',*,*,#728,.F.);
#972=ORIENTED_EDGE('',*,*,#727,.F.);
#973=ORIENTED_EDGE('',*,*,#726,.F.);
#974=ORIENTED_EDGE('',*,*,#729,.F.);
#975=ORIENTED_EDGE('',*,*,#724,.F.);
#976=ORIENTED_EDGE('',*,*,#730,.T.);
#977=ORIENTED_EDGE('',*,*,#731,.T.);
#978=ORIENTED_EDGE('',*,*,#732,.T.);
#979=ORIENTED_EDGE('',*,*,#731,.F.);
#980=ORIENTED_EDGE('',*,*,#733,.T.);
#981=ORIENTED_EDGE('',*,*,#734,.T.);
#982=ORIENTED_EDGE('',*,*,#735,.T.);
#983=ORIENTED_EDGE('',*,*,#734,.F.);
#984=ORIENTED_EDGE('',*,*,#733,.F.);
#985=ORIENTED_EDGE('',*,*,#732,.F.);
#986=ORIENTED_EDGE('',*,*,#735,.F.);
#987=ORIENTED_EDGE('',*,*,#730,.F.);
#988=ORIENTED_EDGE('',*,*,#736,.T.);
#989=ORIENTED_EDGE('',*,*,#737,.T.);
#990=ORIENTED_EDGE('',*,*,#738,.T.);
#991=ORIENTED_EDGE('',*,*,#737,.F.);
#992=ORIENTED_EDGE('',*,*,#739,.T.);
#993=ORIENTED_EDGE('',*,*,#740,.T.);
#994=ORIENTED_EDGE('',*,*,#741,.T.);
#995=ORIENTED_EDGE('',*,*,#740,.F.);
#996=ORIENTED_EDGE('',*,*,#739,.F.);
#997=ORIENTED_EDGE('',*,*,#738,.F.);
#998=ORIENTED_EDGE('',*,*,#741,.F.);
#999=ORIENTED_EDGE('',*,*,#736,.F.);
#1000=ORIENTED_EDGE('',*,*,#742,.T.);
#1001=ORIENTED_EDGE('',*,*,#743,.T.);
#1002=ORIENTED_EDGE('',*,*,#744,.T.);
#1003=ORIENTED_EDGE('',*,*,#743,.F.);
#1004=ORIENTED_EDGE('',*,*,#745,.T.);
#1005=ORIENTED_EDGE('',*,*,#746,.T.);
#1006=ORIENTED_EDGE('',*,*,#747,.T.);
#1007=ORIENTED_EDGE('',*,*,#746,.F.);
#1008=ORIENTED_EDGE('',*,*,#745,.F.);
#1009=ORIENTED_EDGE('',*,*,#744,.F.);
#1010=ORIENTED_EDGE('',*,*,#747,.F.);
#1011=ORIENTED_EDGE('',*,*,#742,.F.);
#1012=ORIENTED_EDGE('',*,*,#748,.F.);
#1013=ORIENTED_EDGE('',*,*,#749,.T.);
#1014=ORIENTED_EDGE('',*,*,#750,.T.);
#1015=ORIENTED_EDGE('',*,*,#751,.F.);
#1016=ORIENTED_EDGE('',*,*,#752,.F.);
#1017=ORIENTED_EDGE('',*,*,#753,.T.);
#1018=ORIENTED_EDGE('',*,*,#754,.T.);
#1019=ORIENTED_EDGE('',*,*,#749,.F.);
#1020=ORIENTED_EDGE('',*,*,#755,.F.);
#1021=ORIENTED_EDGE('',*,*,#756,.T.);
#1022=ORIENTED_EDGE('',*,*,#757,.T.);
#1023=ORIENTED_EDGE('',*,*,#753,.F.);
#1024=ORIENTED_EDGE('',*,*,#758,.F.);
#1025=ORIENTED_EDGE('',*,*,#751,.T.);
#1026=ORIENTED_EDGE('',*,*,#759,.T.);
#1027=ORIENTED_EDGE('',*,*,#756,.F.);
#1028=ORIENTED_EDGE('',*,*,#759,.F.);
#1029=ORIENTED_EDGE('',*,*,#750,.F.);
#1030=ORIENTED_EDGE('',*,*,#754,.F.);
#1031=ORIENTED_EDGE('',*,*,#757,.F.);
#1032=ORIENTED_EDGE('',*,*,#758,.T.);
#1033=ORIENTED_EDGE('',*,*,#755,.T.);
#1034=ORIENTED_EDGE('',*,*,#752,.T.);
#1035=ORIENTED_EDGE('',*,*,#748,.T.);
#1036=ORIENTED_EDGE('',*,*,#760,.T.);
#1037=ORIENTED_EDGE('',*,*,#761,.T.);
#1038=ORIENTED_EDGE('',*,*,#762,.F.);
#1039=ORIENTED_EDGE('',*,*,#763,.F.);
#1040=ORIENTED_EDGE('',*,*,#764,.T.);
#1041=ORIENTED_EDGE('',*,*,#763,.T.);
#1042=ORIENTED_EDGE('',*,*,#765,.F.);
#1043=ORIENTED_EDGE('',*,*,#766,.F.);
#1044=ORIENTED_EDGE('',*,*,#767,.T.);
#1045=ORIENTED_EDGE('',*,*,#766,.T.);
#1046=ORIENTED_EDGE('',*,*,#768,.F.);
#1047=ORIENTED_EDGE('',*,*,#769,.F.);
#1048=ORIENTED_EDGE('',*,*,#770,.T.);
#1049=ORIENTED_EDGE('',*,*,#769,.T.);
#1050=ORIENTED_EDGE('',*,*,#771,.F.);
#1051=ORIENTED_EDGE('',*,*,#761,.F.);
#1052=ORIENTED_EDGE('',*,*,#771,.T.);
#1053=ORIENTED_EDGE('',*,*,#768,.T.);
#1054=ORIENTED_EDGE('',*,*,#765,.T.);
#1055=ORIENTED_EDGE('',*,*,#762,.T.);
#1056=ORIENTED_EDGE('',*,*,#770,.F.);
#1057=ORIENTED_EDGE('',*,*,#760,.F.);
#1058=ORIENTED_EDGE('',*,*,#764,.F.);
#1059=ORIENTED_EDGE('',*,*,#767,.F.);
#1060=ORIENTED_EDGE('',*,*,#772,.F.);
#1061=ORIENTED_EDGE('',*,*,#773,.T.);
#1062=ORIENTED_EDGE('',*,*,#774,.T.);
#1063=ORIENTED_EDGE('',*,*,#775,.F.);
#1064=ORIENTED_EDGE('',*,*,#776,.F.);
#1065=ORIENTED_EDGE('',*,*,#777,.T.);
#1066=ORIENTED_EDGE('',*,*,#778,.T.);
#1067=ORIENTED_EDGE('',*,*,#773,.F.);
#1068=ORIENTED_EDGE('',*,*,#779,.F.);
#1069=ORIENTED_EDGE('',*,*,#780,.T.);
#1070=ORIENTED_EDGE('',*,*,#781,.T.);
#1071=ORIENTED_EDGE('',*,*,#777,.F.);
#1072=ORIENTED_EDGE('',*,*,#782,.F.);
#1073=ORIENTED_EDGE('',*,*,#775,.T.);
#1074=ORIENTED_EDGE('',*,*,#783,.T.);
#1075=ORIENTED_EDGE('',*,*,#780,.F.);
#1076=ORIENTED_EDGE('',*,*,#783,.F.);
#1077=ORIENTED_EDGE('',*,*,#774,.F.);
#1078=ORIENTED_EDGE('',*,*,#778,.F.);
#1079=ORIENTED_EDGE('',*,*,#781,.F.);
#1080=ORIENTED_EDGE('',*,*,#782,.T.);
#1081=ORIENTED_EDGE('',*,*,#779,.T.);
#1082=ORIENTED_EDGE('',*,*,#776,.T.);
#1083=ORIENTED_EDGE('',*,*,#772,.T.);
#1084=ORIENTED_EDGE('',*,*,#784,.T.);
#1085=ORIENTED_EDGE('',*,*,#785,.T.);
#1086=ORIENTED_EDGE('',*,*,#786,.F.);
#1087=ORIENTED_EDGE('',*,*,#787,.F.);
#1088=ORIENTED_EDGE('',*,*,#788,.T.);
#1089=ORIENTED_EDGE('',*,*,#787,.T.);
#1090=ORIENTED_EDGE('',*,*,#789,.F.);
#1091=ORIENTED_EDGE('',*,*,#790,.F.);
#1092=ORIENTED_EDGE('',*,*,#791,.T.);
#1093=ORIENTED_EDGE('',*,*,#790,.T.);
#1094=ORIENTED_EDGE('',*,*,#792,.F.);
#1095=ORIENTED_EDGE('',*,*,#793,.F.);
#1096=ORIENTED_EDGE('',*,*,#794,.T.);
#1097=ORIENTED_EDGE('',*,*,#793,.T.);
#1098=ORIENTED_EDGE('',*,*,#795,.F.);
#1099=ORIENTED_EDGE('',*,*,#785,.F.);
#1100=ORIENTED_EDGE('',*,*,#795,.T.);
#1101=ORIENTED_EDGE('',*,*,#792,.T.);
#1102=ORIENTED_EDGE('',*,*,#789,.T.);
#1103=ORIENTED_EDGE('',*,*,#786,.T.);
#1104=ORIENTED_EDGE('',*,*,#794,.F.);
#1105=ORIENTED_EDGE('',*,*,#784,.F.);
#1106=ORIENTED_EDGE('',*,*,#788,.F.);
#1107=ORIENTED_EDGE('',*,*,#791,.F.);
#1108=ORIENTED_EDGE('',*,*,#796,.F.);
#1109=ORIENTED_EDGE('',*,*,#797,.T.);
#1110=ORIENTED_EDGE('',*,*,#798,.F.);
#1111=ORIENTED_EDGE('',*,*,#797,.F.);
#1112=ORIENTED_EDGE('',*,*,#799,.F.);
#1113=ORIENTED_EDGE('',*,*,#800,.T.);
#1114=ORIENTED_EDGE('',*,*,#801,.F.);
#1115=ORIENTED_EDGE('',*,*,#800,.F.);
#1116=ORIENTED_EDGE('',*,*,#801,.T.);
#1117=ORIENTED_EDGE('',*,*,#796,.T.);
#1118=ORIENTED_EDGE('',*,*,#799,.T.);
#1119=ORIENTED_EDGE('',*,*,#798,.T.);
#1120=CYLINDRICAL_SURFACE('',#1400,0.6);
#1121=CYLINDRICAL_SURFACE('',#1403,0.5);
#1122=CYLINDRICAL_SURFACE('',#1406,0.5);
#1123=CYLINDRICAL_SURFACE('',#1409,0.5);
#1124=CYLINDRICAL_SURFACE('',#1412,0.5);
#1125=CYLINDRICAL_SURFACE('',#1415,0.5);
#1126=CYLINDRICAL_SURFACE('',#1418,0.5);
#1127=CYLINDRICAL_SURFACE('',#1426,1.);
#1128=CYLINDRICAL_SURFACE('',#1428,7.);
#1129=CYLINDRICAL_SURFACE('',#1430,1.);
#1130=CYLINDRICAL_SURFACE('',#1432,7.);
#1131=CYLINDRICAL_SURFACE('',#1435,0.5);
#1132=CYLINDRICAL_SURFACE('',#1438,0.75);
#1133=CYLINDRICAL_SURFACE('',#1443,0.5);
#1134=CYLINDRICAL_SURFACE('',#1446,0.75);
#1135=CYLINDRICAL_SURFACE('',#1451,0.5);
#1136=CYLINDRICAL_SURFACE('',#1454,0.75);
#1137=CYLINDRICAL_SURFACE('',#1459,0.5);
#1138=CYLINDRICAL_SURFACE('',#1462,0.75);
#1139=CYLINDRICAL_SURFACE('',#1467,0.5);
#1140=CYLINDRICAL_SURFACE('',#1470,0.75);
#1141=CYLINDRICAL_SURFACE('',#1475,0.5);
#1142=CYLINDRICAL_SURFACE('',#1478,0.75);
#1143=CYLINDRICAL_SURFACE('',#1483,0.5);
#1144=CYLINDRICAL_SURFACE('',#1486,0.75);
#1145=CYLINDRICAL_SURFACE('',#1491,0.5);
#1146=CYLINDRICAL_SURFACE('',#1494,0.75);
#1147=CYLINDRICAL_SURFACE('',#1499,0.5);
#1148=CYLINDRICAL_SURFACE('',#1502,0.75);
#1149=CYLINDRICAL_SURFACE('',#1507,0.5);
#1150=CYLINDRICAL_SURFACE('',#1510,0.75);
#1151=CYLINDRICAL_SURFACE('',#1515,0.5);
#1152=CYLINDRICAL_SURFACE('',#1518,0.75);
#1153=CYLINDRICAL_SURFACE('',#1523,0.5);
#1154=CYLINDRICAL_SURFACE('',#1526,0.75);
#1155=CYLINDRICAL_SURFACE('',#1531,0.5);
#1156=CYLINDRICAL_SURFACE('',#1534,6.79348283169827);
#1157=CYLINDRICAL_SURFACE('',#1537,0.5);
#1158=CYLINDRICAL_SURFACE('',#1540,5.79348283169827);
#1159=CYLINDRICAL_SURFACE('',#1545,0.5);
#1160=CYLINDRICAL_SURFACE('',#1548,6.79348283169827);
#1161=CYLINDRICAL_SURFACE('',#1551,0.5);
#1162=CYLINDRICAL_SURFACE('',#1554,5.79348283169827);
#1163=CYLINDRICAL_SURFACE('',#1559,0.5);
#1164=CYLINDRICAL_SURFACE('',#1562,6.79348283169827);
#1165=CYLINDRICAL_SURFACE('',#1565,0.5);
#1166=CYLINDRICAL_SURFACE('',#1568,5.79348283169827);
#1167=CYLINDRICAL_SURFACE('',#1573,0.5);
#1168=CYLINDRICAL_SURFACE('',#1576,6.79348283169827);
#1169=CYLINDRICAL_SURFACE('',#1579,0.5);
#1170=CYLINDRICAL_SURFACE('',#1582,5.79348283169827);
#1171=CYLINDRICAL_SURFACE('',#1587,0.6);
#1172=CYLINDRICAL_SURFACE('',#1590,0.75);
#1173=STYLED_ITEM('',(#2416),#1280);
#1174=STYLED_ITEM('',(#2417),#1281);
#1175=STYLED_ITEM('',(#2417),#1282);
#1176=STYLED_ITEM('',(#2417),#1283);
#1177=STYLED_ITEM('',(#2417),#1284);
#1178=STYLED_ITEM('',(#2417),#1285);
#1179=STYLED_ITEM('',(#2417),#1286);
#1180=STYLED_ITEM('',(#2416),#1287);
#1181=STYLED_ITEM('',(#2416),#1288);
#1182=STYLED_ITEM('',(#2416),#1289);
#1183=STYLED_ITEM('',(#2416),#1290);
#1184=STYLED_ITEM('',(#2416),#1291);
#1185=STYLED_ITEM('',(#2416),#1292);
#1186=STYLED_ITEM('',(#2415),#13);
#1187=STYLED_ITEM('',(#2417),#1293);
#1188=STYLED_ITEM('',(#2417),#1294);
#1189=STYLED_ITEM('',(#2417),#1295);
#1190=STYLED_ITEM('',(#2417),#1296);
#1191=STYLED_ITEM('',(#2415),#14);
#1192=STYLED_ITEM('',(#2417),#1297);
#1193=STYLED_ITEM('',(#2417),#1298);
#1194=STYLED_ITEM('',(#2417),#1299);
#1195=STYLED_ITEM('',(#2417),#1300);
#1196=STYLED_ITEM('',(#2415),#15);
#1197=STYLED_ITEM('',(#2417),#1301);
#1198=STYLED_ITEM('',(#2417),#1302);
#1199=STYLED_ITEM('',(#2417),#1303);
#1200=STYLED_ITEM('',(#2417),#1304);
#1201=STYLED_ITEM('',(#2415),#16);
#1202=STYLED_ITEM('',(#2417),#1305);
#1203=STYLED_ITEM('',(#2417),#1306);
#1204=STYLED_ITEM('',(#2417),#1307);
#1205=STYLED_ITEM('',(#2417),#1308);
#1206=STYLED_ITEM('',(#2415),#17);
#1207=STYLED_ITEM('',(#2417),#1309);
#1208=STYLED_ITEM('',(#2417),#1310);
#1209=STYLED_ITEM('',(#2417),#1311);
#1210=STYLED_ITEM('',(#2417),#1312);
#1211=STYLED_ITEM('',(#2415),#18);
#1212=STYLED_ITEM('',(#2417),#1313);
#1213=STYLED_ITEM('',(#2417),#1314);
#1214=STYLED_ITEM('',(#2417),#1315);
#1215=STYLED_ITEM('',(#2417),#1316);
#1216=STYLED_ITEM('',(#2415),#19);
#1217=STYLED_ITEM('',(#2417),#1317);
#1218=STYLED_ITEM('',(#2417),#1318);
#1219=STYLED_ITEM('',(#2417),#1319);
#1220=STYLED_ITEM('',(#2417),#1320);
#1221=STYLED_ITEM('',(#2415),#20);
#1222=STYLED_ITEM('',(#2417),#1321);
#1223=STYLED_ITEM('',(#2417),#1322);
#1224=STYLED_ITEM('',(#2417),#1323);
#1225=STYLED_ITEM('',(#2417),#1324);
#1226=STYLED_ITEM('',(#2415),#21);
#1227=STYLED_ITEM('',(#2417),#1325);
#1228=STYLED_ITEM('',(#2417),#1326);
#1229=STYLED_ITEM('',(#2417),#1327);
#1230=STYLED_ITEM('',(#2417),#1328);
#1231=STYLED_ITEM('',(#2415),#22);
#1232=STYLED_ITEM('',(#2417),#1329);
#1233=STYLED_ITEM('',(#2417),#1330);
#1234=STYLED_ITEM('',(#2417),#1331);
#1235=STYLED_ITEM('',(#2417),#1332);
#1236=STYLED_ITEM('',(#2415),#23);
#1237=STYLED_ITEM('',(#2417),#1333);
#1238=STYLED_ITEM('',(#2417),#1334);
#1239=STYLED_ITEM('',(#2417),#1335);
#1240=STYLED_ITEM('',(#2417),#1336);
#1241=STYLED_ITEM('',(#2415),#24);
#1242=STYLED_ITEM('',(#2417),#1337);
#1243=STYLED_ITEM('',(#2417),#1338);
#1244=STYLED_ITEM('',(#2417),#1339);
#1245=STYLED_ITEM('',(#2417),#1340);
#1246=STYLED_ITEM('',(#2415),#25);
#1247=STYLED_ITEM('',(#2417),#1341);
#1248=STYLED_ITEM('',(#2417),#1342);
#1249=STYLED_ITEM('',(#2417),#1343);
#1250=STYLED_ITEM('',(#2417),#1344);
#1251=STYLED_ITEM('',(#2417),#1345);
#1252=STYLED_ITEM('',(#2417),#1346);
#1253=STYLED_ITEM('',(#2415),#26);
#1254=STYLED_ITEM('',(#2417),#1347);
#1255=STYLED_ITEM('',(#2417),#1348);
#1256=STYLED_ITEM('',(#2417),#1349);
#1257=STYLED_ITEM('',(#2417),#1350);
#1258=STYLED_ITEM('',(#2417),#1351);
#1259=STYLED_ITEM('',(#2417),#1352);
#1260=STYLED_ITEM('',(#2415),#27);
#1261=STYLED_ITEM('',(#2417),#1353);
#1262=STYLED_ITEM('',(#2417),#1354);
#1263=STYLED_ITEM('',(#2417),#1355);
#1264=STYLED_ITEM('',(#2417),#1356);
#1265=STYLED_ITEM('',(#2417),#1357);
#1266=STYLED_ITEM('',(#2417),#1358);
#1267=STYLED_ITEM('',(#2415),#28);
#1268=STYLED_ITEM('',(#2417),#1359);
#1269=STYLED_ITEM('',(#2417),#1360);
#1270=STYLED_ITEM('',(#2417),#1361);
#1271=STYLED_ITEM('',(#2417),#1362);
#1272=STYLED_ITEM('',(#2417),#1363);
#1273=STYLED_ITEM('',(#2417),#1364);
#1274=STYLED_ITEM('',(#2415),#29);
#1275=STYLED_ITEM('',(#2417),#1365);
#1276=STYLED_ITEM('',(#2417),#1366);
#1277=STYLED_ITEM('',(#2417),#1367);
#1278=STYLED_ITEM('',(#2417),#1368);
#1279=STYLED_ITEM('',(#2415),#30);
#1280=ADVANCED_FACE('',(#107),#1120,.F.);
#1281=ADVANCED_FACE('',(#108),#1121,.F.);
#1282=ADVANCED_FACE('',(#109),#1122,.F.);
#1283=ADVANCED_FACE('',(#110),#1123,.F.);
#1284=ADVANCED_FACE('',(#111),#1124,.F.);
#1285=ADVANCED_FACE('',(#112),#1125,.F.);
#1286=ADVANCED_FACE('',(#113),#1126,.F.);
#1287=ADVANCED_FACE('',(#114,#31,#32,#33,#34,#35,#36,#37),#71,.T.);
#1288=ADVANCED_FACE('',(#115),#1127,.F.);
#1289=ADVANCED_FACE('',(#116),#1128,.T.);
#1290=ADVANCED_FACE('',(#117),#1129,.F.);
#1291=ADVANCED_FACE('',(#118),#1130,.T.);
#1292=ADVANCED_FACE('',(#119,#38,#39,#40,#41,#42,#43,#44),#72,.F.);
#1293=ADVANCED_FACE('',(#120),#1131,.F.);
#1294=ADVANCED_FACE('',(#121),#1132,.T.);
#1295=ADVANCED_FACE('',(#122,#45),#73,.T.);
#1296=ADVANCED_FACE('',(#123,#46),#74,.F.);
#1297=ADVANCED_FACE('',(#124),#1133,.F.);
#1298=ADVANCED_FACE('',(#125),#1134,.T.);
#1299=ADVANCED_FACE('',(#126,#47),#75,.F.);
#1300=ADVANCED_FACE('',(#127,#48),#76,.T.);
#1301=ADVANCED_FACE('',(#128),#1135,.F.);
#1302=ADVANCED_FACE('',(#129),#1136,.T.);
#1303=ADVANCED_FACE('',(#130,#49),#77,.F.);
#1304=ADVANCED_FACE('',(#131,#50),#78,.T.);
#1305=ADVANCED_FACE('',(#132),#1137,.F.);
#1306=ADVANCED_FACE('',(#133),#1138,.T.);
#1307=ADVANCED_FACE('',(#134,#51),#79,.F.);
#1308=ADVANCED_FACE('',(#135,#52),#80,.T.);
#1309=ADVANCED_FACE('',(#136),#1139,.F.);
#1310=ADVANCED_FACE('',(#137),#1140,.T.);
#1311=ADVANCED_FACE('',(#138,#53),#81,.F.);
#1312=ADVANCED_FACE('',(#139,#54),#82,.T.);
#1313=ADVANCED_FACE('',(#140),#1141,.F.);
#1314=ADVANCED_FACE('',(#141),#1142,.T.);
#1315=ADVANCED_FACE('',(#142,#55),#83,.F.);
#1316=ADVANCED_FACE('',(#143,#56),#84,.T.);
#1317=ADVANCED_FACE('',(#144),#1143,.F.);
#1318=ADVANCED_FACE('',(#145),#1144,.T.);
#1319=ADVANCED_FACE('',(#146,#57),#85,.F.);
#1320=ADVANCED_FACE('',(#147,#58),#86,.T.);
#1321=ADVANCED_FACE('',(#148),#1145,.F.);
#1322=ADVANCED_FACE('',(#149),#1146,.T.);
#1323=ADVANCED_FACE('',(#150,#59),#87,.T.);
#1324=ADVANCED_FACE('',(#151,#60),#88,.F.);
#1325=ADVANCED_FACE('',(#152),#1147,.F.);
#1326=ADVANCED_FACE('',(#153),#1148,.T.);
#1327=ADVANCED_FACE('',(#154,#61),#89,.T.);
#1328=ADVANCED_FACE('',(#155,#62),#90,.F.);
#1329=ADVANCED_FACE('',(#156),#1149,.F.);
#1330=ADVANCED_FACE('',(#157),#1150,.T.);
#1331=ADVANCED_FACE('',(#158,#63),#91,.T.);
#1332=ADVANCED_FACE('',(#159,#64),#92,.F.);
#1333=ADVANCED_FACE('',(#160),#1151,.F.);
#1334=ADVANCED_FACE('',(#161),#1152,.T.);
#1335=ADVANCED_FACE('',(#162,#65),#93,.T.);
#1336=ADVANCED_FACE('',(#163,#66),#94,.F.);
#1337=ADVANCED_FACE('',(#164),#1153,.F.);
#1338=ADVANCED_FACE('',(#165),#1154,.T.);
#1339=ADVANCED_FACE('',(#166,#67),#95,.T.);
#1340=ADVANCED_FACE('',(#167,#68),#96,.F.);
#1341=ADVANCED_FACE('',(#168),#1155,.T.);
#1342=ADVANCED_FACE('',(#169),#1156,.T.);
#1343=ADVANCED_FACE('',(#170),#1157,.T.);
#1344=ADVANCED_FACE('',(#171),#1158,.F.);
#1345=ADVANCED_FACE('',(#172),#97,.T.);
#1346=ADVANCED_FACE('',(#173),#98,.F.);
#1347=ADVANCED_FACE('',(#174),#1159,.T.);
#1348=ADVANCED_FACE('',(#175),#1160,.T.);
#1349=ADVANCED_FACE('',(#176),#1161,.T.);
#1350=ADVANCED_FACE('',(#177),#1162,.F.);
#1351=ADVANCED_FACE('',(#178),#99,.F.);
#1352=ADVANCED_FACE('',(#179),#100,.T.);
#1353=ADVANCED_FACE('',(#180),#1163,.T.);
#1354=ADVANCED_FACE('',(#181),#1164,.T.);
#1355=ADVANCED_FACE('',(#182),#1165,.T.);
#1356=ADVANCED_FACE('',(#183),#1166,.F.);
#1357=ADVANCED_FACE('',(#184),#101,.T.);
#1358=ADVANCED_FACE('',(#185),#102,.F.);
#1359=ADVANCED_FACE('',(#186),#1167,.T.);
#1360=ADVANCED_FACE('',(#187),#1168,.T.);
#1361=ADVANCED_FACE('',(#188),#1169,.T.);
#1362=ADVANCED_FACE('',(#189),#1170,.F.);
#1363=ADVANCED_FACE('',(#190),#103,.F.);
#1364=ADVANCED_FACE('',(#191),#104,.T.);
#1365=ADVANCED_FACE('',(#192),#1171,.F.);
#1366=ADVANCED_FACE('',(#193),#1172,.T.);
#1367=ADVANCED_FACE('',(#194,#69),#105,.T.);
#1368=ADVANCED_FACE('',(#195,#70),#106,.F.);
#1369=CLOSED_SHELL('',(#1280,#1281,#1282,#1283,#1284,#1285,#1286,#1287,
#1288,#1289,#1290,#1291,#1292));
#1370=CLOSED_SHELL('',(#1293,#1294,#1295,#1296));
#1371=CLOSED_SHELL('',(#1297,#1298,#1299,#1300));
#1372=CLOSED_SHELL('',(#1301,#1302,#1303,#1304));
#1373=CLOSED_SHELL('',(#1305,#1306,#1307,#1308));
#1374=CLOSED_SHELL('',(#1309,#1310,#1311,#1312));
#1375=CLOSED_SHELL('',(#1313,#1314,#1315,#1316));
#1376=CLOSED_SHELL('',(#1317,#1318,#1319,#1320));
#1377=CLOSED_SHELL('',(#1321,#1322,#1323,#1324));
#1378=CLOSED_SHELL('',(#1325,#1326,#1327,#1328));
#1379=CLOSED_SHELL('',(#1329,#1330,#1331,#1332));
#1380=CLOSED_SHELL('',(#1333,#1334,#1335,#1336));
#1381=CLOSED_SHELL('',(#1337,#1338,#1339,#1340));
#1382=CLOSED_SHELL('',(#1341,#1342,#1343,#1344,#1345,#1346));
#1383=CLOSED_SHELL('',(#1347,#1348,#1349,#1350,#1351,#1352));
#1384=CLOSED_SHELL('',(#1353,#1354,#1355,#1356,#1357,#1358));
#1385=CLOSED_SHELL('',(#1359,#1360,#1361,#1362,#1363,#1364));
#1386=CLOSED_SHELL('',(#1365,#1366,#1367,#1368));
#1387=DERIVED_UNIT_ELEMENT(#1389,1.);
#1388=DERIVED_UNIT_ELEMENT(#2400,-3.);
#1389=(
MASS_UNIT()
NAMED_UNIT(*)
SI_UNIT(.KILO.,.GRAM.)
);
#1390=DERIVED_UNIT((#1387,#1388));
#1391=MEASURE_REPRESENTATION_ITEM('density measure',
POSITIVE_RATIO_MEASURE(7850.),#1390);
#1392=PROPERTY_DEFINITION_REPRESENTATION(#1397,#1394);
#1393=PROPERTY_DEFINITION_REPRESENTATION(#1398,#1395);
#1394=REPRESENTATION('material name',(#1396),#2397);
#1395=REPRESENTATION('density',(#1391),#2397);
#1396=DESCRIPTIVE_REPRESENTATION_ITEM('Steel','Steel');
#1397=PROPERTY_DEFINITION('material property','material name',#2407);
#1398=PROPERTY_DEFINITION('material property','density of part',#2407);
#1399=AXIS2_PLACEMENT_3D('',#2040,#1595,#1596);
#1400=AXIS2_PLACEMENT_3D('',#2041,#1597,#1598);
#1401=AXIS2_PLACEMENT_3D('',#2043,#1599,#1600);
#1402=AXIS2_PLACEMENT_3D('',#2046,#1602,#1603);
#1403=AXIS2_PLACEMENT_3D('',#2047,#1604,#1605);
#1404=AXIS2_PLACEMENT_3D('',#2049,#1606,#1607);
#1405=AXIS2_PLACEMENT_3D('',#2052,#1609,#1610);
#1406=AXIS2_PLACEMENT_3D('',#2053,#1611,#1612);
#1407=AXIS2_PLACEMENT_3D('',#2055,#1613,#1614);
#1408=AXIS2_PLACEMENT_3D('',#2058,#1616,#1617);
#1409=AXIS2_PLACEMENT_3D('',#2059,#1618,#1619);
#1410=AXIS2_PLACEMENT_3D('',#2061,#1620,#1621);
#1411=AXIS2_PLACEMENT_3D('',#2064,#1623,#1624);
#1412=AXIS2_PLACEMENT_3D('',#2065,#1625,#1626);
#1413=AXIS2_PLACEMENT_3D('',#2067,#1627,#1628);
#1414=AXIS2_PLACEMENT_3D('',#2070,#1630,#1631);
#1415=AXIS2_PLACEMENT_3D('',#2071,#1632,#1633);
#1416=AXIS2_PLACEMENT_3D('',#2073,#1634,#1635);
#1417=AXIS2_PLACEMENT_3D('',#2076,#1637,#1638);
#1418=AXIS2_PLACEMENT_3D('',#2077,#1639,#1640);
#1419=AXIS2_PLACEMENT_3D('',#2079,#1641,#1642);
#1420=AXIS2_PLACEMENT_3D('',#2082,#1644,#1645);
#1421=AXIS2_PLACEMENT_3D('',#2083,#1646,#1647);
#1422=AXIS2_PLACEMENT_3D('',#2086,#1648,#1649);
#1423=AXIS2_PLACEMENT_3D('',#2088,#1650,#1651);
#1424=AXIS2_PLACEMENT_3D('',#2090,#1652,#1653);
#1425=AXIS2_PLACEMENT_3D('',#2091,#1654,#1655);
#1426=AXIS2_PLACEMENT_3D('',#2092,#1656,#1657);
#1427=AXIS2_PLACEMENT_3D('',#2096,#1659,#1660);
#1428=AXIS2_PLACEMENT_3D('',#2098,#1662,#1663);
#1429=AXIS2_PLACEMENT_3D('',#2100,#1664,#1665);
#1430=AXIS2_PLACEMENT_3D('',#2102,#1667,#1668);
#1431=AXIS2_PLACEMENT_3D('',#2104,#1669,#1670);
#1432=AXIS2_PLACEMENT_3D('',#2106,#1672,#1673);
#1433=AXIS2_PLACEMENT_3D('',#2107,#1674,#1675);
#1434=AXIS2_PLACEMENT_3D('',#2108,#1676,#1677);
#1435=AXIS2_PLACEMENT_3D('',#2109,#1678,#1679);
#1436=AXIS2_PLACEMENT_3D('',#2111,#1680,#1681);
#1437=AXIS2_PLACEMENT_3D('',#2114,#1683,#1684);
#1438=AXIS2_PLACEMENT_3D('',#2115,#1685,#1686);
#1439=AXIS2_PLACEMENT_3D('',#2117,#1687,#1688);
#1440=AXIS2_PLACEMENT_3D('',#2120,#1690,#1691);
#1441=AXIS2_PLACEMENT_3D('',#2121,#1692,#1693);
#1442=AXIS2_PLACEMENT_3D('',#2122,#1694,#1695);
#1443=AXIS2_PLACEMENT_3D('',#2123,#1696,#1697);
#1444=AXIS2_PLACEMENT_3D('',#2125,#1698,#1699);
#1445=AXIS2_PLACEMENT_3D('',#2128,#1701,#1702);
#1446=AXIS2_PLACEMENT_3D('',#2129,#1703,#1704);
#1447=AXIS2_PLACEMENT_3D('',#2131,#1705,#1706);
#1448=AXIS2_PLACEMENT_3D('',#2134,#1708,#1709);
#1449=AXIS2_PLACEMENT_3D('',#2135,#1710,#1711);
#1450=AXIS2_PLACEMENT_3D('',#2136,#1712,#1713);
#1451=AXIS2_PLACEMENT_3D('',#2137,#1714,#1715);
#1452=AXIS2_PLACEMENT_3D('',#2139,#1716,#1717);
#1453=AXIS2_PLACEMENT_3D('',#2142,#1719,#1720);
#1454=AXIS2_PLACEMENT_3D('',#2143,#1721,#1722);
#1455=AXIS2_PLACEMENT_3D('',#2145,#1723,#1724);
#1456=AXIS2_PLACEMENT_3D('',#2148,#1726,#1727);
#1457=AXIS2_PLACEMENT_3D('',#2149,#1728,#1729);
#1458=AXIS2_PLACEMENT_3D('',#2150,#1730,#1731);
#1459=AXIS2_PLACEMENT_3D('',#2151,#1732,#1733);
#1460=AXIS2_PLACEMENT_3D('',#2153,#1734,#1735);
#1461=AXIS2_PLACEMENT_3D('',#2156,#1737,#1738);
#1462=AXIS2_PLACEMENT_3D('',#2157,#1739,#1740);
#1463=AXIS2_PLACEMENT_3D('',#2159,#1741,#1742);
#1464=AXIS2_PLACEMENT_3D('',#2162,#1744,#1745);
#1465=AXIS2_PLACEMENT_3D('',#2163,#1746,#1747);
#1466=AXIS2_PLACEMENT_3D('',#2164,#1748,#1749);
#1467=AXIS2_PLACEMENT_3D('',#2165,#1750,#1751);
#1468=AXIS2_PLACEMENT_3D('',#2167,#1752,#1753);
#1469=AXIS2_PLACEMENT_3D('',#2170,#1755,#1756);
#1470=AXIS2_PLACEMENT_3D('',#2171,#1757,#1758);
#1471=AXIS2_PLACEMENT_3D('',#2173,#1759,#1760);
#1472=AXIS2_PLACEMENT_3D('',#2176,#1762,#1763);
#1473=AXIS2_PLACEMENT_3D('',#2177,#1764,#1765);
#1474=AXIS2_PLACEMENT_3D('',#2178,#1766,#1767);
#1475=AXIS2_PLACEMENT_3D('',#2179,#1768,#1769);
#1476=AXIS2_PLACEMENT_3D('',#2181,#1770,#1771);
#1477=AXIS2_PLACEMENT_3D('',#2184,#1773,#1774);
#1478=AXIS2_PLACEMENT_3D('',#2185,#1775,#1776);
#1479=AXIS2_PLACEMENT_3D('',#2187,#1777,#1778);
#1480=AXIS2_PLACEMENT_3D('',#2190,#1780,#1781);
#1481=AXIS2_PLACEMENT_3D('',#2191,#1782,#1783);
#1482=AXIS2_PLACEMENT_3D('',#2192,#1784,#1785);
#1483=AXIS2_PLACEMENT_3D('',#2193,#1786,#1787);
#1484=AXIS2_PLACEMENT_3D('',#2195,#1788,#1789);
#1485=AXIS2_PLACEMENT_3D('',#2198,#1791,#1792);
#1486=AXIS2_PLACEMENT_3D('',#2199,#1793,#1794);
#1487=AXIS2_PLACEMENT_3D('',#2201,#1795,#1796);
#1488=AXIS2_PLACEMENT_3D('',#2204,#1798,#1799);
#1489=AXIS2_PLACEMENT_3D('',#2205,#1800,#1801);
#1490=AXIS2_PLACEMENT_3D('',#2206,#1802,#1803);
#1491=AXIS2_PLACEMENT_3D('',#2207,#1804,#1805);
#1492=AXIS2_PLACEMENT_3D('',#2209,#1806,#1807);
#1493=AXIS2_PLACEMENT_3D('',#2212,#1809,#1810);
#1494=AXIS2_PLACEMENT_3D('',#2213,#1811,#1812);
#1495=AXIS2_PLACEMENT_3D('',#2215,#1813,#1814);
#1496=AXIS2_PLACEMENT_3D('',#2218,#1816,#1817);
#1497=AXIS2_PLACEMENT_3D('',#2219,#1818,#1819);
#1498=AXIS2_PLACEMENT_3D('',#2220,#1820,#1821);
#1499=AXIS2_PLACEMENT_3D('',#2221,#1822,#1823);
#1500=AXIS2_PLACEMENT_3D('',#2223,#1824,#1825);
#1501=AXIS2_PLACEMENT_3D('',#2226,#1827,#1828);
#1502=AXIS2_PLACEMENT_3D('',#2227,#1829,#1830);
#1503=AXIS2_PLACEMENT_3D('',#2229,#1831,#1832);
#1504=AXIS2_PLACEMENT_3D('',#2232,#1834,#1835);
#1505=AXIS2_PLACEMENT_3D('',#2233,#1836,#1837);
#1506=AXIS2_PLACEMENT_3D('',#2234,#1838,#1839);
#1507=AXIS2_PLACEMENT_3D('',#2235,#1840,#1841);
#1508=AXIS2_PLACEMENT_3D('',#2237,#1842,#1843);
#1509=AXIS2_PLACEMENT_3D('',#2240,#1845,#1846);
#1510=AXIS2_PLACEMENT_3D('',#2241,#1847,#1848);
#1511=AXIS2_PLACEMENT_3D('',#2243,#1849,#1850);
#1512=AXIS2_PLACEMENT_3D('',#2246,#1852,#1853);
#1513=AXIS2_PLACEMENT_3D('',#2247,#1854,#1855);
#1514=AXIS2_PLACEMENT_3D('',#2248,#1856,#1857);
#1515=AXIS2_PLACEMENT_3D('',#2249,#1858,#1859);
#1516=AXIS2_PLACEMENT_3D('',#2251,#1860,#1861);
#1517=AXIS2_PLACEMENT_3D('',#2254,#1863,#1864);
#1518=AXIS2_PLACEMENT_3D('',#2255,#1865,#1866);
#1519=AXIS2_PLACEMENT_3D('',#2257,#1867,#1868);
#1520=AXIS2_PLACEMENT_3D('',#2260,#1870,#1871);
#1521=AXIS2_PLACEMENT_3D('',#2261,#1872,#1873);
#1522=AXIS2_PLACEMENT_3D('',#2262,#1874,#1875);
#1523=AXIS2_PLACEMENT_3D('',#2263,#1876,#1877);
#1524=AXIS2_PLACEMENT_3D('',#2265,#1878,#1879);
#1525=AXIS2_PLACEMENT_3D('',#2268,#1881,#1882);
#1526=AXIS2_PLACEMENT_3D('',#2269,#1883,#1884);
#1527=AXIS2_PLACEMENT_3D('',#2271,#1885,#1886);
#1528=AXIS2_PLACEMENT_3D('',#2274,#1888,#1889);
#1529=AXIS2_PLACEMENT_3D('',#2275,#1890,#1891);
#1530=AXIS2_PLACEMENT_3D('',#2276,#1892,#1893);
#1531=AXIS2_PLACEMENT_3D('',#2277,#1894,#1895);
#1532=AXIS2_PLACEMENT_3D('',#2280,#1896,#1897);
#1533=AXIS2_PLACEMENT_3D('',#2284,#1899,#1900);
#1534=AXIS2_PLACEMENT_3D('',#2286,#1902,#1903);
#1535=AXIS2_PLACEMENT_3D('',#2288,#1904,#1905);
#1536=AXIS2_PLACEMENT_3D('',#2291,#1907,#1908);
#1537=AXIS2_PLACEMENT_3D('',#2292,#1909,#1910);
#1538=AXIS2_PLACEMENT_3D('',#2294,#1911,#1912);
#1539=AXIS2_PLACEMENT_3D('',#2297,#1914,#1915);
#1540=AXIS2_PLACEMENT_3D('',#2298,#1916,#1917);
#1541=AXIS2_PLACEMENT_3D('',#2299,#1918,#1919);
#1542=AXIS2_PLACEMENT_3D('',#2300,#1920,#1921);
#1543=AXIS2_PLACEMENT_3D('',#2301,#1922,#1923);
#1544=AXIS2_PLACEMENT_3D('',#2302,#1924,#1925);
#1545=AXIS2_PLACEMENT_3D('',#2303,#1926,#1927);
#1546=AXIS2_PLACEMENT_3D('',#2306,#1928,#1929);
#1547=AXIS2_PLACEMENT_3D('',#2310,#1931,#1932);
#1548=AXIS2_PLACEMENT_3D('',#2312,#1934,#1935);
#1549=AXIS2_PLACEMENT_3D('',#2314,#1936,#1937);
#1550=AXIS2_PLACEMENT_3D('',#2316,#1938,#1939);
#1551=AXIS2_PLACEMENT_3D('',#2318,#1941,#1942);
#1552=AXIS2_PLACEMENT_3D('',#2320,#1943,#1944);
#1553=AXIS2_PLACEMENT_3D('',#2322,#1945,#1946);
#1554=AXIS2_PLACEMENT_3D('',#2324,#1948,#1949);
#1555=AXIS2_PLACEMENT_3D('',#2325,#1950,#1951);
#1556=AXIS2_PLACEMENT_3D('',#2326,#1952,#1953);
#1557=AXIS2_PLACEMENT_3D('',#2327,#1954,#1955);
#1558=AXIS2_PLACEMENT_3D('',#2328,#1956,#1957);
#1559=AXIS2_PLACEMENT_3D('',#2329,#1958,#1959);
#1560=AXIS2_PLACEMENT_3D('',#2332,#1960,#1961);
#1561=AXIS2_PLACEMENT_3D('',#2336,#1963,#1964);
#1562=AXIS2_PLACEMENT_3D('',#2338,#1966,#1967);
#1563=AXIS2_PLACEMENT_3D('',#2340,#1968,#1969);
#1564=AXIS2_PLACEMENT_3D('',#2343,#1971,#1972);
#1565=AXIS2_PLACEMENT_3D('',#2344,#1973,#1974);
#1566=AXIS2_PLACEMENT_3D('',#2346,#1975,#1976);
#1567=AXIS2_PLACEMENT_3D('',#2349,#1978,#1979);
#1568=AXIS2_PLACEMENT_3D('',#2350,#1980,#1981);
#1569=AXIS2_PLACEMENT_3D('',#2351,#1982,#1983);
#1570=AXIS2_PLACEMENT_3D('',#2352,#1984,#1985);
#1571=AXIS2_PLACEMENT_3D('',#2353,#1986,#1987);
#1572=AXIS2_PLACEMENT_3D('',#2354,#1988,#1989);
#1573=AXIS2_PLACEMENT_3D('',#2355,#1990,#1991);
#1574=AXIS2_PLACEMENT_3D('',#2358,#1992,#1993);
#1575=AXIS2_PLACEMENT_3D('',#2362,#1995,#1996);
#1576=AXIS2_PLACEMENT_3D('',#2364,#1998,#1999);
#1577=AXIS2_PLACEMENT_3D('',#2366,#2000,#2001);
#1578=AXIS2_PLACEMENT_3D('',#2368,#2002,#2003);
#1579=AXIS2_PLACEMENT_3D('',#2370,#2005,#2006);
#1580=AXIS2_PLACEMENT_3D('',#2372,#2007,#2008);
#1581=AXIS2_PLACEMENT_3D('',#2374,#2009,#2010);
#1582=AXIS2_PLACEMENT_3D('',#2376,#2012,#2013);
#1583=AXIS2_PLACEMENT_3D('',#2377,#2014,#2015);
#1584=AXIS2_PLACEMENT_3D('',#2378,#2016,#2017);
#1585=AXIS2_PLACEMENT_3D('',#2379,#2018,#2019);
#1586=AXIS2_PLACEMENT_3D('',#2380,#2020,#2021);
#1587=AXIS2_PLACEMENT_3D('',#2381,#2022,#2023);
#1588=AXIS2_PLACEMENT_3D('',#2383,#2024,#2025);
#1589=AXIS2_PLACEMENT_3D('',#2386,#2027,#2028);
#1590=AXIS2_PLACEMENT_3D('',#2387,#2029,#2030);
#1591=AXIS2_PLACEMENT_3D('',#2389,#2031,#2032);
#1592=AXIS2_PLACEMENT_3D('',#2392,#2034,#2035);
#1593=AXIS2_PLACEMENT_3D('',#2393,#2036,#2037);
#1594=AXIS2_PLACEMENT_3D('',#2394,#2038,#2039);
#1595=DIRECTION('axis',(0.,0.,1.));
#1596=DIRECTION('refdir',(1.,0.,0.));
#1597=DIRECTION('center_axis',(0.,1.,0.));
#1598=DIRECTION('ref_axis',(-1.,0.,0.));
#1599=DIRECTION('center_axis',(0.,1.,0.));
#1600=DIRECTION('ref_axis',(-1.,0.,0.));
#1601=DIRECTION('',(0.,1.,0.));
#1602=DIRECTION('center_axis',(0.,-1.,0.));
#1603=DIRECTION('ref_axis',(-1.,0.,0.));
#1604=DIRECTION('center_axis',(0.,1.,0.));
#1605=DIRECTION('ref_axis',(1.,0.,0.));
#1606=DIRECTION('center_axis',(0.,1.,0.));
#1607=DIRECTION('ref_axis',(1.,0.,0.));
#1608=DIRECTION('',(0.,1.,0.));
#1609=DIRECTION('center_axis',(0.,-1.,0.));
#1610=DIRECTION('ref_axis',(1.,0.,0.));
#1611=DIRECTION('center_axis',(0.,1.,0.));
#1612=DIRECTION('ref_axis',(1.,0.,0.));
#1613=DIRECTION('center_axis',(0.,1.,0.));
#1614=DIRECTION('ref_axis',(1.,0.,0.));
#1615=DIRECTION('',(0.,1.,0.));
#1616=DIRECTION('center_axis',(0.,-1.,0.));
#1617=DIRECTION('ref_axis',(1.,0.,0.));
#1618=DIRECTION('center_axis',(0.,1.,0.));
#1619=DIRECTION('ref_axis',(1.,0.,0.));
#1620=DIRECTION('center_axis',(0.,1.,0.));
#1621=DIRECTION('ref_axis',(1.,0.,0.));
#1622=DIRECTION('',(0.,1.,0.));
#1623=DIRECTION('center_axis',(0.,-1.,0.));
#1624=DIRECTION('ref_axis',(1.,0.,0.));
#1625=DIRECTION('center_axis',(0.,1.,0.));
#1626=DIRECTION('ref_axis',(1.,0.,0.));
#1627=DIRECTION('center_axis',(0.,1.,0.));
#1628=DIRECTION('ref_axis',(1.,0.,0.));
#1629=DIRECTION('',(0.,1.,0.));
#1630=DIRECTION('center_axis',(0.,-1.,0.));
#1631=DIRECTION('ref_axis',(1.,0.,0.));
#1632=DIRECTION('center_axis',(0.,1.,0.));
#1633=DIRECTION('ref_axis',(1.,0.,0.));
#1634=DIRECTION('center_axis',(0.,1.,0.));
#1635=DIRECTION('ref_axis',(1.,0.,0.));
#1636=DIRECTION('',(0.,1.,0.));
#1637=DIRECTION('center_axis',(0.,-1.,0.));
#1638=DIRECTION('ref_axis',(1.,0.,0.));
#1639=DIRECTION('center_axis',(0.,1.,0.));
#1640=DIRECTION('ref_axis',(1.,0.,0.));
#1641=DIRECTION('center_axis',(0.,1.,0.));
#1642=DIRECTION('ref_axis',(1.,0.,0.));
#1643=DIRECTION('',(0.,1.,0.));
#1644=DIRECTION('center_axis',(0.,-1.,0.));
#1645=DIRECTION('ref_axis',(1.,0.,0.));
#1646=DIRECTION('center_axis',(0.,-1.,0.));
#1647=DIRECTION('ref_axis',(0.,0.,-1.));
#1648=DIRECTION('center_axis',(0.,-1.,0.));
#1649=DIRECTION('ref_axis',(-0.142492245344581,0.,-0.989795918367347));
#1650=DIRECTION('center_axis',(0.,1.,0.));
#1651=DIRECTION('ref_axis',(0.997445717412067,0.,-0.0714285714285712));
#1652=DIRECTION('center_axis',(0.,-1.,0.));
#1653=DIRECTION('ref_axis',(0.142492245344581,0.,0.989795918367347));
#1654=DIRECTION('center_axis',(0.,1.,0.));
#1655=DIRECTION('ref_axis',(-0.997445717412067,0.,0.0714285714285711));
#1656=DIRECTION('center_axis',(0.,1.,0.));
#1657=DIRECTION('ref_axis',(0.997445717412067,0.,-0.0714285714285712));
#1658=DIRECTION('',(0.,-1.,0.));
#1659=DIRECTION('center_axis',(0.,-1.,0.));
#1660=DIRECTION('ref_axis',(0.997445717412067,0.,-0.0714285714285712));
#1661=DIRECTION('',(0.,1.,0.));
#1662=DIRECTION('center_axis',(0.,1.,0.));
#1663=DIRECTION('ref_axis',(0.142492245344581,0.,0.989795918367347));
#1664=DIRECTION('center_axis',(0.,1.,0.));
#1665=DIRECTION('ref_axis',(0.142492245344581,0.,0.989795918367347));
#1666=DIRECTION('',(0.,1.,0.));
#1667=DIRECTION('center_axis',(0.,1.,0.));
#1668=DIRECTION('ref_axis',(-0.997445717412067,0.,0.0714285714285711));
#1669=DIRECTION('center_axis',(0.,-1.,0.));
#1670=DIRECTION('ref_axis',(-0.997445717412067,0.,0.0714285714285711));
#1671=DIRECTION('',(0.,1.,0.));
#1672=DIRECTION('center_axis',(0.,1.,0.));
#1673=DIRECTION('ref_axis',(-0.142492245344581,0.,-0.989795918367347));
#1674=DIRECTION('center_axis',(0.,1.,0.));
#1675=DIRECTION('ref_axis',(-0.142492245344581,0.,-0.989795918367347));
#1676=DIRECTION('center_axis',(0.,-1.,0.));
#1677=DIRECTION('ref_axis',(0.,0.,-1.));
#1678=DIRECTION('center_axis',(0.,1.,0.));
#1679=DIRECTION('ref_axis',(-1.,0.,0.));
#1680=DIRECTION('center_axis',(0.,-1.,0.));
#1681=DIRECTION('ref_axis',(-1.,0.,0.));
#1682=DIRECTION('',(0.,1.,0.));
#1683=DIRECTION('center_axis',(0.,1.,0.));
#1684=DIRECTION('ref_axis',(-1.,0.,0.));
#1685=DIRECTION('center_axis',(0.,1.,0.));
#1686=DIRECTION('ref_axis',(-1.,0.,0.));
#1687=DIRECTION('center_axis',(0.,-1.,0.));
#1688=DIRECTION('ref_axis',(-1.,0.,0.));
#1689=DIRECTION('',(0.,-1.,0.));
#1690=DIRECTION('center_axis',(0.,1.,0.));
#1691=DIRECTION('ref_axis',(-1.,0.,0.));
#1692=DIRECTION('center_axis',(0.,1.,0.));
#1693=DIRECTION('ref_axis',(0.,0.,1.));
#1694=DIRECTION('center_axis',(0.,1.,0.));
#1695=DIRECTION('ref_axis',(0.,0.,1.));
#1696=DIRECTION('center_axis',(0.,1.,0.));
#1697=DIRECTION('ref_axis',(-1.,0.,0.));
#1698=DIRECTION('center_axis',(0.,1.,0.));
#1699=DIRECTION('ref_axis',(-1.,0.,0.));
#1700=DIRECTION('',(0.,1.,0.));
#1701=DIRECTION('center_axis',(0.,-1.,0.));
#1702=DIRECTION('ref_axis',(-1.,0.,0.));
#1703=DIRECTION('center_axis',(0.,1.,0.));
#1704=DIRECTION('ref_axis',(-1.,0.,0.));
#1705=DIRECTION('center_axis',(0.,1.,0.));
#1706=DIRECTION('ref_axis',(-1.,0.,0.));
#1707=DIRECTION('',(0.,-1.,0.));
#1708=DIRECTION('center_axis',(0.,-1.,0.));
#1709=DIRECTION('ref_axis',(-1.,0.,0.));
#1710=DIRECTION('center_axis',(0.,1.,0.));
#1711=DIRECTION('ref_axis',(0.,0.,1.));
#1712=DIRECTION('center_axis',(0.,1.,0.));
#1713=DIRECTION('ref_axis',(0.,0.,1.));
#1714=DIRECTION('center_axis',(0.,1.,0.));
#1715=DIRECTION('ref_axis',(-1.,0.,0.));
#1716=DIRECTION('center_axis',(0.,1.,0.));
#1717=DIRECTION('ref_axis',(-1.,0.,0.));
#1718=DIRECTION('',(0.,1.,0.));
#1719=DIRECTION('center_axis',(0.,-1.,0.));
#1720=DIRECTION('ref_axis',(-1.,0.,0.));
#1721=DIRECTION('center_axis',(0.,1.,0.));
#1722=DIRECTION('ref_axis',(-1.,0.,0.));
#1723=DIRECTION('center_axis',(0.,1.,0.));
#1724=DIRECTION('ref_axis',(-1.,0.,0.));
#1725=DIRECTION('',(0.,-1.,0.));
#1726=DIRECTION('center_axis',(0.,-1.,0.));
#1727=DIRECTION('ref_axis',(-1.,0.,0.));
#1728=DIRECTION('center_axis',(0.,1.,0.));
#1729=DIRECTION('ref_axis',(0.,0.,1.));
#1730=DIRECTION('center_axis',(0.,1.,0.));
#1731=DIRECTION('ref_axis',(0.,0.,1.));
#1732=DIRECTION('center_axis',(0.,1.,0.));
#1733=DIRECTION('ref_axis',(-1.,0.,0.));
#1734=DIRECTION('center_axis',(0.,1.,0.));
#1735=DIRECTION('ref_axis',(-1.,0.,0.));
#1736=DIRECTION('',(0.,1.,0.));
#1737=DIRECTION('center_axis',(0.,-1.,0.));
#1738=DIRECTION('ref_axis',(-1.,0.,0.));
#1739=DIRECTION('center_axis',(0.,1.,0.));
#1740=DIRECTION('ref_axis',(-1.,0.,0.));
#1741=DIRECTION('center_axis',(0.,1.,0.));
#1742=DIRECTION('ref_axis',(-1.,0.,0.));
#1743=DIRECTION('',(0.,-1.,0.));
#1744=DIRECTION('center_axis',(0.,-1.,0.));
#1745=DIRECTION('ref_axis',(-1.,0.,0.));
#1746=DIRECTION('center_axis',(0.,1.,0.));
#1747=DIRECTION('ref_axis',(0.,0.,1.));
#1748=DIRECTION('center_axis',(0.,1.,0.));
#1749=DIRECTION('ref_axis',(0.,0.,1.));
#1750=DIRECTION('center_axis',(0.,1.,0.));
#1751=DIRECTION('ref_axis',(-1.,0.,0.));
#1752=DIRECTION('center_axis',(0.,1.,0.));
#1753=DIRECTION('ref_axis',(-1.,0.,0.));
#1754=DIRECTION('',(0.,1.,0.));
#1755=DIRECTION('center_axis',(0.,-1.,0.));
#1756=DIRECTION('ref_axis',(-1.,0.,0.));
#1757=DIRECTION('center_axis',(0.,1.,0.));
#1758=DIRECTION('ref_axis',(-1.,0.,0.));
#1759=DIRECTION('center_axis',(0.,1.,0.));
#1760=DIRECTION('ref_axis',(-1.,0.,0.));
#1761=DIRECTION('',(0.,-1.,0.));
#1762=DIRECTION('center_axis',(0.,-1.,0.));
#1763=DIRECTION('ref_axis',(-1.,0.,0.));
#1764=DIRECTION('center_axis',(0.,1.,0.));
#1765=DIRECTION('ref_axis',(0.,0.,1.));
#1766=DIRECTION('center_axis',(0.,1.,0.));
#1767=DIRECTION('ref_axis',(0.,0.,1.));
#1768=DIRECTION('center_axis',(0.,1.,0.));
#1769=DIRECTION('ref_axis',(-1.,0.,0.));
#1770=DIRECTION('center_axis',(0.,1.,0.));
#1771=DIRECTION('ref_axis',(-1.,0.,0.));
#1772=DIRECTION('',(0.,1.,0.));
#1773=DIRECTION('center_axis',(0.,-1.,0.));
#1774=DIRECTION('ref_axis',(-1.,0.,0.));
#1775=DIRECTION('center_axis',(0.,1.,0.));
#1776=DIRECTION('ref_axis',(-1.,0.,0.));
#1777=DIRECTION('center_axis',(0.,1.,0.));
#1778=DIRECTION('ref_axis',(-1.,0.,0.));
#1779=DIRECTION('',(0.,-1.,0.));
#1780=DIRECTION('center_axis',(0.,-1.,0.));
#1781=DIRECTION('ref_axis',(-1.,0.,0.));
#1782=DIRECTION('center_axis',(0.,1.,0.));
#1783=DIRECTION('ref_axis',(0.,0.,1.));
#1784=DIRECTION('center_axis',(0.,1.,0.));
#1785=DIRECTION('ref_axis',(0.,0.,1.));
#1786=DIRECTION('center_axis',(0.,1.,0.));
#1787=DIRECTION('ref_axis',(-1.,0.,0.));
#1788=DIRECTION('center_axis',(0.,1.,0.));
#1789=DIRECTION('ref_axis',(-1.,0.,0.));
#1790=DIRECTION('',(0.,1.,0.));
#1791=DIRECTION('center_axis',(0.,-1.,0.));
#1792=DIRECTION('ref_axis',(-1.,0.,0.));
#1793=DIRECTION('center_axis',(0.,1.,0.));
#1794=DIRECTION('ref_axis',(-1.,0.,0.));
#1795=DIRECTION('center_axis',(0.,1.,0.));
#1796=DIRECTION('ref_axis',(-1.,0.,0.));
#1797=DIRECTION('',(0.,-1.,0.));
#1798=DIRECTION('center_axis',(0.,-1.,0.));
#1799=DIRECTION('ref_axis',(-1.,0.,0.));
#1800=DIRECTION('center_axis',(0.,1.,0.));
#1801=DIRECTION('ref_axis',(0.,0.,1.));
#1802=DIRECTION('center_axis',(0.,1.,0.));
#1803=DIRECTION('ref_axis',(0.,0.,1.));
#1804=DIRECTION('center_axis',(0.,1.,0.));
#1805=DIRECTION('ref_axis',(-1.,0.,0.));
#1806=DIRECTION('center_axis',(0.,-1.,0.));
#1807=DIRECTION('ref_axis',(-1.,0.,0.));
#1808=DIRECTION('',(0.,1.,0.));
#1809=DIRECTION('center_axis',(0.,1.,0.));
#1810=DIRECTION('ref_axis',(-1.,0.,0.));
#1811=DIRECTION('center_axis',(0.,1.,0.));
#1812=DIRECTION('ref_axis',(-1.,0.,0.));
#1813=DIRECTION('center_axis',(0.,-1.,0.));
#1814=DIRECTION('ref_axis',(-1.,0.,0.));
#1815=DIRECTION('',(0.,-1.,0.));
#1816=DIRECTION('center_axis',(0.,1.,0.));
#1817=DIRECTION('ref_axis',(-1.,0.,0.));
#1818=DIRECTION('center_axis',(0.,1.,0.));
#1819=DIRECTION('ref_axis',(0.,0.,1.));
#1820=DIRECTION('center_axis',(0.,1.,0.));
#1821=DIRECTION('ref_axis',(0.,0.,1.));
#1822=DIRECTION('center_axis',(0.,1.,0.));
#1823=DIRECTION('ref_axis',(-1.,0.,0.));
#1824=DIRECTION('center_axis',(0.,-1.,0.));
#1825=DIRECTION('ref_axis',(-1.,0.,0.));
#1826=DIRECTION('',(0.,1.,0.));
#1827=DIRECTION('center_axis',(0.,1.,0.));
#1828=DIRECTION('ref_axis',(-1.,0.,0.));
#1829=DIRECTION('center_axis',(0.,1.,0.));
#1830=DIRECTION('ref_axis',(-1.,0.,0.));
#1831=DIRECTION('center_axis',(0.,-1.,0.));
#1832=DIRECTION('ref_axis',(-1.,0.,0.));
#1833=DIRECTION('',(0.,-1.,0.));
#1834=DIRECTION('center_axis',(0.,1.,0.));
#1835=DIRECTION('ref_axis',(-1.,0.,0.));
#1836=DIRECTION('center_axis',(0.,1.,0.));
#1837=DIRECTION('ref_axis',(0.,0.,1.));
#1838=DIRECTION('center_axis',(0.,1.,0.));
#1839=DIRECTION('ref_axis',(0.,0.,1.));
#1840=DIRECTION('center_axis',(0.,1.,0.));
#1841=DIRECTION('ref_axis',(-1.,0.,0.));
#1842=DIRECTION('center_axis',(0.,-1.,0.));
#1843=DIRECTION('ref_axis',(-1.,0.,0.));
#1844=DIRECTION('',(0.,1.,0.));
#1845=DIRECTION('center_axis',(0.,1.,0.));
#1846=DIRECTION('ref_axis',(-1.,0.,0.));
#1847=DIRECTION('center_axis',(0.,1.,0.));
#1848=DIRECTION('ref_axis',(-1.,0.,0.));
#1849=DIRECTION('center_axis',(0.,-1.,0.));
#1850=DIRECTION('ref_axis',(-1.,0.,0.));
#1851=DIRECTION('',(0.,-1.,0.));
#1852=DIRECTION('center_axis',(0.,1.,0.));
#1853=DIRECTION('ref_axis',(-1.,0.,0.));
#1854=DIRECTION('center_axis',(0.,1.,0.));
#1855=DIRECTION('ref_axis',(0.,0.,1.));
#1856=DIRECTION('center_axis',(0.,1.,0.));
#1857=DIRECTION('ref_axis',(0.,0.,1.));
#1858=DIRECTION('center_axis',(0.,1.,0.));
#1859=DIRECTION('ref_axis',(-1.,0.,0.));
#1860=DIRECTION('center_axis',(0.,-1.,0.));
#1861=DIRECTION('ref_axis',(-1.,0.,0.));
#1862=DIRECTION('',(0.,1.,0.));
#1863=DIRECTION('center_axis',(0.,1.,0.));
#1864=DIRECTION('ref_axis',(-1.,0.,0.));
#1865=DIRECTION('center_axis',(0.,1.,0.));
#1866=DIRECTION('ref_axis',(-1.,0.,0.));
#1867=DIRECTION('center_axis',(0.,-1.,0.));
#1868=DIRECTION('ref_axis',(-1.,0.,0.));
#1869=DIRECTION('',(0.,-1.,0.));
#1870=DIRECTION('center_axis',(0.,1.,0.));
#1871=DIRECTION('ref_axis',(-1.,0.,0.));
#1872=DIRECTION('center_axis',(0.,1.,0.));
#1873=DIRECTION('ref_axis',(0.,0.,1.));
#1874=DIRECTION('center_axis',(0.,1.,0.));
#1875=DIRECTION('ref_axis',(0.,0.,1.));
#1876=DIRECTION('center_axis',(0.,1.,0.));
#1877=DIRECTION('ref_axis',(-1.,0.,0.));
#1878=DIRECTION('center_axis',(0.,-1.,0.));
#1879=DIRECTION('ref_axis',(-1.,0.,0.));
#1880=DIRECTION('',(0.,1.,0.));
#1881=DIRECTION('center_axis',(0.,1.,0.));
#1882=DIRECTION('ref_axis',(-1.,0.,0.));
#1883=DIRECTION('center_axis',(0.,1.,0.));
#1884=DIRECTION('ref_axis',(-1.,0.,0.));
#1885=DIRECTION('center_axis',(0.,-1.,0.));
#1886=DIRECTION('ref_axis',(-1.,0.,0.));
#1887=DIRECTION('',(0.,-1.,0.));
#1888=DIRECTION('center_axis',(0.,1.,0.));
#1889=DIRECTION('ref_axis',(-1.,0.,0.));
#1890=DIRECTION('center_axis',(0.,1.,0.));
#1891=DIRECTION('ref_axis',(0.,0.,1.));
#1892=DIRECTION('center_axis',(0.,1.,0.));
#1893=DIRECTION('ref_axis',(0.,0.,1.));
#1894=DIRECTION('center_axis',(0.,1.,0.));
#1895=DIRECTION('ref_axis',(-0.252410669607029,0.,0.967620201250745));
#1896=DIRECTION('center_axis',(0.,1.,0.));
#1897=DIRECTION('ref_axis',(-0.252410669607029,0.,0.967620201250745));
#1898=DIRECTION('',(0.,-1.,0.));
#1899=DIRECTION('center_axis',(0.,1.,0.));
#1900=DIRECTION('ref_axis',(-0.252410669607029,0.,0.967620201250745));
#1901=DIRECTION('',(0.,-1.,0.));
#1902=DIRECTION('center_axis',(0.,1.,0.));
#1903=DIRECTION('ref_axis',(-0.252410669607027,0.,-0.967620201250745));
#1904=DIRECTION('center_axis',(0.,1.,0.));
#1905=DIRECTION('ref_axis',(-0.252410669607027,0.,-0.967620201250745));
#1906=DIRECTION('',(0.,-1.,0.));
#1907=DIRECTION('center_axis',(0.,1.,0.));
#1908=DIRECTION('ref_axis',(-0.252410669607027,0.,-0.967620201250745));
#1909=DIRECTION('center_axis',(0.,1.,0.));
#1910=DIRECTION('ref_axis',(0.252410669607033,0.,0.967620201250744));
#1911=DIRECTION('center_axis',(0.,1.,0.));
#1912=DIRECTION('ref_axis',(0.252410669607033,0.,0.967620201250744));
#1913=DIRECTION('',(0.,-1.,0.));
#1914=DIRECTION('center_axis',(0.,1.,0.));
#1915=DIRECTION('ref_axis',(0.252410669607033,0.,0.967620201250744));
#1916=DIRECTION('center_axis',(0.,1.,0.));
#1917=DIRECTION('ref_axis',(0.252410669607026,0.,0.967620201250745));
#1918=DIRECTION('center_axis',(0.,-1.,0.));
#1919=DIRECTION('ref_axis',(0.252410669607026,0.,0.967620201250745));
#1920=DIRECTION('center_axis',(0.,-1.,0.));
#1921=DIRECTION('ref_axis',(0.252410669607026,0.,0.967620201250745));
#1922=DIRECTION('center_axis',(-2.27195619051943E-17,-1.,0.));
#1923=DIRECTION('ref_axis',(0.,0.,-1.));
#1924=DIRECTION('center_axis',(-2.27195619051943E-17,-1.,0.));
#1925=DIRECTION('ref_axis',(0.,0.,-1.));
#1926=DIRECTION('center_axis',(0.,1.,0.));
#1927=DIRECTION('ref_axis',(-0.252410669607029,0.,0.967620201250745));
#1928=DIRECTION('center_axis',(0.,1.,0.));
#1929=DIRECTION('ref_axis',(-0.252410669607029,0.,0.967620201250745));
#1930=DIRECTION('',(0.,1.,0.));
#1931=DIRECTION('center_axis',(0.,1.,0.));
#1932=DIRECTION('ref_axis',(-0.252410669607029,0.,0.967620201250745));
#1933=DIRECTION('',(0.,1.,0.));
#1934=DIRECTION('center_axis',(0.,1.,0.));
#1935=DIRECTION('ref_axis',(-0.252410669607027,0.,-0.967620201250745));
#1936=DIRECTION('center_axis',(0.,1.,0.));
#1937=DIRECTION('ref_axis',(-0.252410669607027,0.,-0.967620201250745));
#1938=DIRECTION('center_axis',(0.,1.,0.));
#1939=DIRECTION('ref_axis',(-0.252410669607027,0.,-0.967620201250745));
#1940=DIRECTION('',(0.,1.,0.));
#1941=DIRECTION('center_axis',(0.,1.,0.));
#1942=DIRECTION('ref_axis',(0.252410669607033,0.,0.967620201250744));
#1943=DIRECTION('center_axis',(0.,1.,0.));
#1944=DIRECTION('ref_axis',(0.252410669607033,0.,0.967620201250744));
#1945=DIRECTION('center_axis',(0.,1.,0.));
#1946=DIRECTION('ref_axis',(0.252410669607033,0.,0.967620201250744));
#1947=DIRECTION('',(0.,1.,0.));
#1948=DIRECTION('center_axis',(0.,1.,0.));
#1949=DIRECTION('ref_axis',(0.252410669607026,0.,0.967620201250745));
#1950=DIRECTION('center_axis',(0.,-1.,0.));
#1951=DIRECTION('ref_axis',(0.252410669607026,0.,0.967620201250745));
#1952=DIRECTION('center_axis',(0.,-1.,0.));
#1953=DIRECTION('ref_axis',(0.252410669607026,0.,0.967620201250745));
#1954=DIRECTION('center_axis',(2.27195619051943E-17,-1.,0.));
#1955=DIRECTION('ref_axis',(0.,0.,-1.));
#1956=DIRECTION('center_axis',(2.27195619051943E-17,-1.,0.));
#1957=DIRECTION('ref_axis',(0.,0.,-1.));
#1958=DIRECTION('center_axis',(0.,-1.,0.));
#1959=DIRECTION('ref_axis',(0.252410669607029,0.,0.967620201250745));
#1960=DIRECTION('center_axis',(0.,-1.,0.));
#1961=DIRECTION('ref_axis',(0.252410669607029,0.,0.967620201250745));
#1962=DIRECTION('',(0.,1.,0.));
#1963=DIRECTION('center_axis',(0.,-1.,0.));
#1964=DIRECTION('ref_axis',(0.252410669607029,0.,0.967620201250745));
#1965=DIRECTION('',(0.,1.,0.));
#1966=DIRECTION('center_axis',(0.,-1.,0.));
#1967=DIRECTION('ref_axis',(0.252410669607027,0.,-0.967620201250745));
#1968=DIRECTION('center_axis',(0.,-1.,0.));
#1969=DIRECTION('ref_axis',(0.252410669607027,0.,-0.967620201250745));
#1970=DIRECTION('',(0.,1.,0.));
#1971=DIRECTION('center_axis',(0.,-1.,0.));
#1972=DIRECTION('ref_axis',(0.252410669607027,0.,-0.967620201250745));
#1973=DIRECTION('center_axis',(0.,-1.,0.));
#1974=DIRECTION('ref_axis',(-0.252410669607033,0.,0.967620201250744));
#1975=DIRECTION('center_axis',(0.,-1.,0.));
#1976=DIRECTION('ref_axis',(-0.252410669607033,0.,0.967620201250744));
#1977=DIRECTION('',(0.,1.,0.));
#1978=DIRECTION('center_axis',(0.,-1.,0.));
#1979=DIRECTION('ref_axis',(-0.252410669607033,0.,0.967620201250744));
#1980=DIRECTION('center_axis',(0.,-1.,0.));
#1981=DIRECTION('ref_axis',(-0.252410669607026,0.,0.967620201250745));
#1982=DIRECTION('center_axis',(0.,1.,0.));
#1983=DIRECTION('ref_axis',(-0.252410669607026,0.,0.967620201250745));
#1984=DIRECTION('center_axis',(0.,1.,0.));
#1985=DIRECTION('ref_axis',(-0.252410669607026,0.,0.967620201250745));
#1986=DIRECTION('center_axis',(2.27195619051943E-17,1.,0.));
#1987=DIRECTION('ref_axis',(0.,0.,-1.));
#1988=DIRECTION('center_axis',(2.27195619051943E-17,1.,0.));
#1989=DIRECTION('ref_axis',(0.,0.,-1.));
#1990=DIRECTION('center_axis',(0.,-1.,0.));
#1991=DIRECTION('ref_axis',(0.252410669607029,0.,0.967620201250745));
#1992=DIRECTION('center_axis',(0.,-1.,0.));
#1993=DIRECTION('ref_axis',(0.252410669607029,0.,0.967620201250745));
#1994=DIRECTION('',(0.,-1.,0.));
#1995=DIRECTION('center_axis',(0.,-1.,0.));
#1996=DIRECTION('ref_axis',(0.252410669607029,0.,0.967620201250745));
#1997=DIRECTION('',(0.,-1.,0.));
#1998=DIRECTION('center_axis',(0.,-1.,0.));
#1999=DIRECTION('ref_axis',(0.252410669607027,0.,-0.967620201250745));
#2000=DIRECTION('center_axis',(0.,-1.,0.));
#2001=DIRECTION('ref_axis',(0.252410669607027,0.,-0.967620201250745));
#2002=DIRECTION('center_axis',(0.,-1.,0.));
#2003=DIRECTION('ref_axis',(0.252410669607027,0.,-0.967620201250745));
#2004=DIRECTION('',(0.,-1.,0.));
#2005=DIRECTION('center_axis',(0.,-1.,0.));
#2006=DIRECTION('ref_axis',(-0.252410669607033,0.,0.967620201250744));
#2007=DIRECTION('center_axis',(0.,-1.,0.));
#2008=DIRECTION('ref_axis',(-0.252410669607033,0.,0.967620201250744));
#2009=DIRECTION('center_axis',(0.,-1.,0.));
#2010=DIRECTION('ref_axis',(-0.252410669607033,0.,0.967620201250744));
#2011=DIRECTION('',(0.,-1.,0.));
#2012=DIRECTION('center_axis',(0.,-1.,0.));
#2013=DIRECTION('ref_axis',(-0.252410669607026,0.,0.967620201250745));
#2014=DIRECTION('center_axis',(0.,1.,0.));
#2015=DIRECTION('ref_axis',(-0.252410669607026,0.,0.967620201250745));
#2016=DIRECTION('center_axis',(0.,1.,0.));
#2017=DIRECTION('ref_axis',(-0.252410669607026,0.,0.967620201250745));
#2018=DIRECTION('center_axis',(-2.27195619051943E-17,1.,0.));
#2019=DIRECTION('ref_axis',(0.,0.,-1.));
#2020=DIRECTION('center_axis',(-2.27195619051943E-17,1.,0.));
#2021=DIRECTION('ref_axis',(0.,0.,-1.));
#2022=DIRECTION('center_axis',(0.,-1.,0.));
#2023=DIRECTION('ref_axis',(-1.,0.,0.));
#2024=DIRECTION('center_axis',(0.,-1.,0.));
#2025=DIRECTION('ref_axis',(-1.,0.,0.));
#2026=DIRECTION('',(0.,-1.,0.));
#2027=DIRECTION('center_axis',(0.,1.,0.));
#2028=DIRECTION('ref_axis',(-1.,0.,0.));
#2029=DIRECTION('center_axis',(0.,-1.,0.));
#2030=DIRECTION('ref_axis',(-1.,0.,0.));
#2031=DIRECTION('center_axis',(0.,-1.,0.));
#2032=DIRECTION('ref_axis',(-1.,0.,0.));
#2033=DIRECTION('',(0.,1.,0.));
#2034=DIRECTION('center_axis',(0.,1.,0.));
#2035=DIRECTION('ref_axis',(-1.,0.,0.));
#2036=DIRECTION('center_axis',(0.,1.,0.));
#2037=DIRECTION('ref_axis',(0.,0.,1.));
#2038=DIRECTION('center_axis',(0.,1.,0.));
#2039=DIRECTION('ref_axis',(0.,0.,1.));
#2040=CARTESIAN_POINT('',(0.,0.,0.));
#2041=CARTESIAN_POINT('Origin',(0.,-0.7,0.));
#2042=CARTESIAN_POINT('',(0.6,-0.7,7.34788079488412E-17));
#2043=CARTESIAN_POINT('Origin',(0.,-0.7,0.));
#2044=CARTESIAN_POINT('',(0.6,0.7,7.34788079488412E-17));
#2045=CARTESIAN_POINT('',(0.6,-0.7,-7.34788079488412E-17));
#2046=CARTESIAN_POINT('Origin',(0.,0.7,0.));
#2047=CARTESIAN_POINT('Origin',(2.5,0.,3.74999999999999));
#2048=CARTESIAN_POINT('',(2.,-0.7,3.74999999999999));
#2049=CARTESIAN_POINT('Origin',(2.5,-0.7,3.74999999999999));
#2050=CARTESIAN_POINT('',(2.,0.7,3.74999999999999));
#2051=CARTESIAN_POINT('',(2.,0.,3.74999999999999));
#2052=CARTESIAN_POINT('Origin',(2.5,0.7,3.74999999999999));
#2053=CARTESIAN_POINT('Origin',(-1.11022302462516E-15,0.,3.74999999999999));
#2054=CARTESIAN_POINT('',(-0.500000000000001,-0.7,3.74999999999999));
#2055=CARTESIAN_POINT('Origin',(-1.11022302462516E-15,-0.7,3.74999999999999));
#2056=CARTESIAN_POINT('',(-0.500000000000001,0.7,3.74999999999999));
#2057=CARTESIAN_POINT('',(-0.500000000000001,0.,3.74999999999999));
#2058=CARTESIAN_POINT('Origin',(-1.11022302462516E-15,0.7,3.74999999999999));
#2059=CARTESIAN_POINT('Origin',(-2.5,0.,3.74999999999999));
#2060=CARTESIAN_POINT('',(-3.,-0.7,3.74999999999999));
#2061=CARTESIAN_POINT('Origin',(-2.5,-0.7,3.74999999999999));
#2062=CARTESIAN_POINT('',(-3.,0.7,3.74999999999999));
#2063=CARTESIAN_POINT('',(-3.,0.,3.74999999999999));
#2064=CARTESIAN_POINT('Origin',(-2.5,0.7,3.74999999999999));
#2065=CARTESIAN_POINT('Origin',(2.5,0.,-3.75000000000001));
#2066=CARTESIAN_POINT('',(2.,-0.7,-3.75000000000001));
#2067=CARTESIAN_POINT('Origin',(2.5,-0.7,-3.75000000000001));
#2068=CARTESIAN_POINT('',(2.,0.7,-3.75000000000001));
#2069=CARTESIAN_POINT('',(2.,0.,-3.75000000000001));
#2070=CARTESIAN_POINT('Origin',(2.5,0.7,-3.75000000000001));
#2071=CARTESIAN_POINT('Origin',(-1.11022302462516E-15,0.,-3.75000000000001));
#2072=CARTESIAN_POINT('',(-0.500000000000001,-0.7,-3.75000000000001));
#2073=CARTESIAN_POINT('Origin',(-1.11022302462516E-15,-0.7,-3.75000000000001));
#2074=CARTESIAN_POINT('',(-0.500000000000001,0.7,-3.75000000000001));
#2075=CARTESIAN_POINT('',(-0.500000000000001,0.,-3.75000000000001));
#2076=CARTESIAN_POINT('Origin',(-1.11022302462516E-15,0.7,-3.75000000000001));
#2077=CARTESIAN_POINT('Origin',(-2.5,0.,-3.75000000000001));
#2078=CARTESIAN_POINT('',(-3.,-0.7,-3.75000000000001));
#2079=CARTESIAN_POINT('Origin',(-2.5,-0.7,-3.75000000000001));
#2080=CARTESIAN_POINT('',(-3.,0.7,-3.75000000000001));
#2081=CARTESIAN_POINT('',(-3.,0.,-3.75000000000001));
#2082=CARTESIAN_POINT('Origin',(-2.5,0.7,-3.75000000000001));
#2083=CARTESIAN_POINT('Origin',(1.00672402280583E-15,-0.7,-3.01847767425866E-16));
#2084=CARTESIAN_POINT('',(-0.997445717412067,-0.7,6.92857142857143));
#2085=CARTESIAN_POINT('',(-0.997445717412066,-0.7,-6.92857142857143));
#2086=CARTESIAN_POINT('Origin',(0.,-0.7,0.));
#2087=CARTESIAN_POINT('',(0.997445717412068,-0.7,-6.92857142857143));
#2088=CARTESIAN_POINT('Origin',(4.28626379701574E-16,-0.7,-7.));
#2089=CARTESIAN_POINT('',(0.997445717412068,-0.7,6.92857142857143));
#2090=CARTESIAN_POINT('Origin',(0.,-0.7,0.));
#2091=CARTESIAN_POINT('Origin',(-4.28626379701574E-16,-0.7,7.));
#2092=CARTESIAN_POINT('Origin',(4.28626379701574E-16,0.,-7.));
#2093=CARTESIAN_POINT('',(-0.997445717412066,0.7,-6.92857142857143));
#2094=CARTESIAN_POINT('',(-0.997445717412066,0.,-6.92857142857143));
#2095=CARTESIAN_POINT('',(0.997445717412068,0.7,-6.92857142857143));
#2096=CARTESIAN_POINT('Origin',(4.28626379701574E-16,0.7,-7.));
#2097=CARTESIAN_POINT('',(0.997445717412068,0.,-6.92857142857143));
#2098=CARTESIAN_POINT('Origin',(0.,0.,0.));
#2099=CARTESIAN_POINT('',(0.997445717412068,0.7,6.92857142857143));
#2100=CARTESIAN_POINT('Origin',(0.,0.7,0.));
#2101=CARTESIAN_POINT('',(0.997445717412068,0.,6.92857142857143));
#2102=CARTESIAN_POINT('Origin',(-4.28626379701574E-16,0.,7.));
#2103=CARTESIAN_POINT('',(-0.997445717412067,0.7,6.92857142857143));
#2104=CARTESIAN_POINT('Origin',(-4.28626379701574E-16,0.7,7.));
#2105=CARTESIAN_POINT('',(-0.997445717412067,0.,6.92857142857143));
#2106=CARTESIAN_POINT('Origin',(0.,0.,0.));
#2107=CARTESIAN_POINT('Origin',(0.,0.7,0.));
#2108=CARTESIAN_POINT('Origin',(1.00672402280583E-15,0.7,-3.01847767425866E-16));
#2109=CARTESIAN_POINT('Origin',(-2.5,-0.7,-3.75000000000001));
#2110=CARTESIAN_POINT('',(-2.,-0.705,-3.75000000000001));
#2111=CARTESIAN_POINT('Origin',(-2.5,-0.705,-3.75000000000001));
#2112=CARTESIAN_POINT('',(-2.,-0.7,-3.75000000000001));
#2113=CARTESIAN_POINT('',(-2.,-0.7,-3.75000000000001));
#2114=CARTESIAN_POINT('Origin',(-2.5,-0.7,-3.75000000000001));
#2115=CARTESIAN_POINT('Origin',(-2.5,-0.7,-3.75000000000001));
#2116=CARTESIAN_POINT('',(-1.75,-0.7,-3.75000000000001));
#2117=CARTESIAN_POINT('Origin',(-2.5,-0.7,-3.75000000000001));
#2118=CARTESIAN_POINT('',(-1.75,-0.705,-3.75000000000001));
#2119=CARTESIAN_POINT('',(-1.75,-0.7,-3.75000000000001));
#2120=CARTESIAN_POINT('Origin',(-2.5,-0.705,-3.75000000000001));
#2121=CARTESIAN_POINT('Origin',(-2.5,-0.7,-3.75));
#2122=CARTESIAN_POINT('Origin',(-2.5,-0.705,-3.75));
#2123=CARTESIAN_POINT('Origin',(-2.5,0.7,-3.75000000000001));
#2124=CARTESIAN_POINT('',(-2.,0.7,-3.75000000000001));
#2125=CARTESIAN_POINT('Origin',(-2.5,0.7,-3.75000000000001));
#2126=CARTESIAN_POINT('',(-2.,0.705,-3.75000000000001));
#2127=CARTESIAN_POINT('',(-2.,0.7,-3.75000000000001));
#2128=CARTESIAN_POINT('Origin',(-2.5,0.705,-3.75000000000001));
#2129=CARTESIAN_POINT('Origin',(-2.5,0.7,-3.75000000000001));
#2130=CARTESIAN_POINT('',(-1.75,0.705,-3.75000000000001));
#2131=CARTESIAN_POINT('Origin',(-2.5,0.705,-3.75000000000001));
#2132=CARTESIAN_POINT('',(-1.75,0.7,-3.75000000000001));
#2133=CARTESIAN_POINT('',(-1.75,0.7,-3.75000000000001));
#2134=CARTESIAN_POINT('Origin',(-2.5,0.7,-3.75000000000001));
#2135=CARTESIAN_POINT('Origin',(-2.5,0.7,-3.75));
#2136=CARTESIAN_POINT('Origin',(-2.5,0.705,-3.75));
#2137=CARTESIAN_POINT('Origin',(-1.11022302462516E-15,0.7,-3.75000000000001));
#2138=CARTESIAN_POINT('',(0.499999999999999,0.7,-3.75000000000001));
#2139=CARTESIAN_POINT('Origin',(-1.11022302462516E-15,0.7,-3.75000000000001));
#2140=CARTESIAN_POINT('',(0.499999999999999,0.705,-3.75000000000001));
#2141=CARTESIAN_POINT('',(0.499999999999999,0.7,-3.75000000000001));
#2142=CARTESIAN_POINT('Origin',(-1.11022302462516E-15,0.705,-3.75000000000001));
#2143=CARTESIAN_POINT('Origin',(-1.11022302462516E-15,0.7,-3.75000000000001));
#2144=CARTESIAN_POINT('',(0.749999999999999,0.705,-3.75000000000001));
#2145=CARTESIAN_POINT('Origin',(-1.11022302462516E-15,0.705,-3.75000000000001));
#2146=CARTESIAN_POINT('',(0.749999999999999,0.7,-3.75000000000001));
#2147=CARTESIAN_POINT('',(0.749999999999999,0.7,-3.75000000000001));
#2148=CARTESIAN_POINT('Origin',(-1.11022302462516E-15,0.7,-3.75000000000001));
#2149=CARTESIAN_POINT('Origin',(-1.11022302462516E-15,0.7,-3.75));
#2150=CARTESIAN_POINT('Origin',(-1.11022302462516E-15,0.705,-3.75));
#2151=CARTESIAN_POINT('Origin',(2.5,0.7,-3.75000000000001));
#2152=CARTESIAN_POINT('',(3.,0.7,-3.75000000000001));
#2153=CARTESIAN_POINT('Origin',(2.5,0.7,-3.75000000000001));
#2154=CARTESIAN_POINT('',(3.,0.705,-3.75000000000001));
#2155=CARTESIAN_POINT('',(3.,0.7,-3.75000000000001));
#2156=CARTESIAN_POINT('Origin',(2.5,0.705,-3.75000000000001));
#2157=CARTESIAN_POINT('Origin',(2.5,0.7,-3.75000000000001));
#2158=CARTESIAN_POINT('',(3.25,0.705,-3.75000000000001));
#2159=CARTESIAN_POINT('Origin',(2.5,0.705,-3.75000000000001));
#2160=CARTESIAN_POINT('',(3.25,0.7,-3.75000000000001));
#2161=CARTESIAN_POINT('',(3.25,0.7,-3.75000000000001));
#2162=CARTESIAN_POINT('Origin',(2.5,0.7,-3.75000000000001));
#2163=CARTESIAN_POINT('Origin',(2.5,0.7,-3.75));
#2164=CARTESIAN_POINT('Origin',(2.5,0.705,-3.75));
#2165=CARTESIAN_POINT('Origin',(-2.5,0.7,3.74999999999999));
#2166=CARTESIAN_POINT('',(-2.,0.7,3.74999999999999));
#2167=CARTESIAN_POINT('Origin',(-2.5,0.7,3.74999999999999));
#2168=CARTESIAN_POINT('',(-2.,0.705,3.74999999999999));
#2169=CARTESIAN_POINT('',(-2.,0.7,3.74999999999999));
#2170=CARTESIAN_POINT('Origin',(-2.5,0.705,3.74999999999999));
#2171=CARTESIAN_POINT('Origin',(-2.5,0.7,3.74999999999999));
#2172=CARTESIAN_POINT('',(-1.75,0.705,3.74999999999999));
#2173=CARTESIAN_POINT('Origin',(-2.5,0.705,3.74999999999999));
#2174=CARTESIAN_POINT('',(-1.75,0.7,3.74999999999999));
#2175=CARTESIAN_POINT('',(-1.75,0.7,3.74999999999999));
#2176=CARTESIAN_POINT('Origin',(-2.5,0.7,3.74999999999999));
#2177=CARTESIAN_POINT('Origin',(-2.5,0.7,3.75));
#2178=CARTESIAN_POINT('Origin',(-2.5,0.705,3.75));
#2179=CARTESIAN_POINT('Origin',(-1.11022302462516E-15,0.7,3.74999999999999));
#2180=CARTESIAN_POINT('',(0.499999999999999,0.7,3.74999999999999));
#2181=CARTESIAN_POINT('Origin',(-1.11022302462516E-15,0.7,3.74999999999999));
#2182=CARTESIAN_POINT('',(0.499999999999999,0.705,3.74999999999999));
#2183=CARTESIAN_POINT('',(0.499999999999999,0.7,3.74999999999999));
#2184=CARTESIAN_POINT('Origin',(-1.11022302462516E-15,0.705,3.74999999999999));
#2185=CARTESIAN_POINT('Origin',(-1.11022302462516E-15,0.7,3.74999999999999));
#2186=CARTESIAN_POINT('',(0.749999999999999,0.705,3.74999999999999));
#2187=CARTESIAN_POINT('Origin',(-1.11022302462516E-15,0.705,3.74999999999999));
#2188=CARTESIAN_POINT('',(0.749999999999999,0.7,3.74999999999999));
#2189=CARTESIAN_POINT('',(0.749999999999999,0.7,3.74999999999999));
#2190=CARTESIAN_POINT('Origin',(-1.11022302462516E-15,0.7,3.74999999999999));
#2191=CARTESIAN_POINT('Origin',(-1.11022302462516E-15,0.7,3.75));
#2192=CARTESIAN_POINT('Origin',(-1.11022302462516E-15,0.705,3.75));
#2193=CARTESIAN_POINT('Origin',(2.5,0.7,3.74999999999999));
#2194=CARTESIAN_POINT('',(3.,0.7,3.74999999999999));
#2195=CARTESIAN_POINT('Origin',(2.5,0.7,3.74999999999999));
#2196=CARTESIAN_POINT('',(3.,0.705,3.74999999999999));
#2197=CARTESIAN_POINT('',(3.,0.7,3.74999999999999));
#2198=CARTESIAN_POINT('Origin',(2.5,0.705,3.74999999999999));
#2199=CARTESIAN_POINT('Origin',(2.5,0.7,3.74999999999999));
#2200=CARTESIAN_POINT('',(3.25,0.705,3.74999999999999));
#2201=CARTESIAN_POINT('Origin',(2.5,0.705,3.74999999999999));
#2202=CARTESIAN_POINT('',(3.25,0.7,3.74999999999999));
#2203=CARTESIAN_POINT('',(3.25,0.7,3.74999999999999));
#2204=CARTESIAN_POINT('Origin',(2.5,0.7,3.74999999999999));
#2205=CARTESIAN_POINT('Origin',(2.5,0.7,3.75));
#2206=CARTESIAN_POINT('Origin',(2.5,0.705,3.75));
#2207=CARTESIAN_POINT('Origin',(-1.11022302462516E-15,-0.7,-3.75000000000001));
#2208=CARTESIAN_POINT('',(0.499999999999999,-0.705,-3.75000000000001));
#2209=CARTESIAN_POINT('Origin',(-1.11022302462516E-15,-0.705,-3.75000000000001));
#2210=CARTESIAN_POINT('',(0.499999999999999,-0.7,-3.75000000000001));
#2211=CARTESIAN_POINT('',(0.499999999999999,-0.7,-3.75000000000001));
#2212=CARTESIAN_POINT('Origin',(-1.11022302462516E-15,-0.7,-3.75000000000001));
#2213=CARTESIAN_POINT('Origin',(-1.11022302462516E-15,-0.7,-3.75000000000001));
#2214=CARTESIAN_POINT('',(0.749999999999999,-0.7,-3.75000000000001));
#2215=CARTESIAN_POINT('Origin',(-1.11022302462516E-15,-0.7,-3.75000000000001));
#2216=CARTESIAN_POINT('',(0.749999999999999,-0.705,-3.75000000000001));
#2217=CARTESIAN_POINT('',(0.749999999999999,-0.7,-3.75000000000001));
#2218=CARTESIAN_POINT('Origin',(-1.11022302462516E-15,-0.705,-3.75000000000001));
#2219=CARTESIAN_POINT('Origin',(-1.11022302462516E-15,-0.7,-3.75));
#2220=CARTESIAN_POINT('Origin',(-1.11022302462516E-15,-0.705,-3.75));
#2221=CARTESIAN_POINT('Origin',(2.5,-0.7,-3.75000000000001));
#2222=CARTESIAN_POINT('',(3.,-0.705,-3.75000000000001));
#2223=CARTESIAN_POINT('Origin',(2.5,-0.705,-3.75000000000001));
#2224=CARTESIAN_POINT('',(3.,-0.7,-3.75000000000001));
#2225=CARTESIAN_POINT('',(3.,-0.7,-3.75000000000001));
#2226=CARTESIAN_POINT('Origin',(2.5,-0.7,-3.75000000000001));
#2227=CARTESIAN_POINT('Origin',(2.5,-0.7,-3.75000000000001));
#2228=CARTESIAN_POINT('',(3.25,-0.7,-3.75000000000001));
#2229=CARTESIAN_POINT('Origin',(2.5,-0.7,-3.75000000000001));
#2230=CARTESIAN_POINT('',(3.25,-0.705,-3.75000000000001));
#2231=CARTESIAN_POINT('',(3.25,-0.7,-3.75000000000001));
#2232=CARTESIAN_POINT('Origin',(2.5,-0.705,-3.75000000000001));
#2233=CARTESIAN_POINT('Origin',(2.5,-0.7,-3.75));
#2234=CARTESIAN_POINT('Origin',(2.5,-0.705,-3.75));
#2235=CARTESIAN_POINT('Origin',(-2.5,-0.7,3.74999999999999));
#2236=CARTESIAN_POINT('',(-2.,-0.705,3.74999999999999));
#2237=CARTESIAN_POINT('Origin',(-2.5,-0.705,3.74999999999999));
#2238=CARTESIAN_POINT('',(-2.,-0.7,3.74999999999999));
#2239=CARTESIAN_POINT('',(-2.,-0.7,3.74999999999999));
#2240=CARTESIAN_POINT('Origin',(-2.5,-0.7,3.74999999999999));
#2241=CARTESIAN_POINT('Origin',(-2.5,-0.7,3.74999999999999));
#2242=CARTESIAN_POINT('',(-1.75,-0.7,3.74999999999999));
#2243=CARTESIAN_POINT('Origin',(-2.5,-0.7,3.74999999999999));
#2244=CARTESIAN_POINT('',(-1.75,-0.705,3.74999999999999));
#2245=CARTESIAN_POINT('',(-1.75,-0.7,3.74999999999999));
#2246=CARTESIAN_POINT('Origin',(-2.5,-0.705,3.74999999999999));
#2247=CARTESIAN_POINT('Origin',(-2.5,-0.7,3.75));
#2248=CARTESIAN_POINT('Origin',(-2.5,-0.705,3.75));
#2249=CARTESIAN_POINT('Origin',(-1.11022302462516E-15,-0.7,3.74999999999999));
#2250=CARTESIAN_POINT('',(0.499999999999999,-0.705,3.74999999999999));
#2251=CARTESIAN_POINT('Origin',(-1.11022302462516E-15,-0.705,3.74999999999999));
#2252=CARTESIAN_POINT('',(0.499999999999999,-0.7,3.74999999999999));
#2253=CARTESIAN_POINT('',(0.499999999999999,-0.7,3.74999999999999));
#2254=CARTESIAN_POINT('Origin',(-1.11022302462516E-15,-0.7,3.74999999999999));
#2255=CARTESIAN_POINT('Origin',(-1.11022302462516E-15,-0.7,3.74999999999999));
#2256=CARTESIAN_POINT('',(0.749999999999999,-0.7,3.74999999999999));
#2257=CARTESIAN_POINT('Origin',(-1.11022302462516E-15,-0.7,3.74999999999999));
#2258=CARTESIAN_POINT('',(0.749999999999999,-0.705,3.74999999999999));
#2259=CARTESIAN_POINT('',(0.749999999999999,-0.7,3.74999999999999));
#2260=CARTESIAN_POINT('Origin',(-1.11022302462516E-15,-0.705,3.74999999999999));
#2261=CARTESIAN_POINT('Origin',(-1.11022302462516E-15,-0.7,3.75));
#2262=CARTESIAN_POINT('Origin',(-1.11022302462516E-15,-0.705,3.75));
#2263=CARTESIAN_POINT('Origin',(2.5,-0.7,3.74999999999999));
#2264=CARTESIAN_POINT('',(3.,-0.705,3.74999999999999));
#2265=CARTESIAN_POINT('Origin',(2.5,-0.705,3.74999999999999));
#2266=CARTESIAN_POINT('',(3.,-0.7,3.74999999999999));
#2267=CARTESIAN_POINT('',(3.,-0.7,3.74999999999999));
#2268=CARTESIAN_POINT('Origin',(2.5,-0.7,3.74999999999999));
#2269=CARTESIAN_POINT('Origin',(2.5,-0.7,3.74999999999999));
#2270=CARTESIAN_POINT('',(3.25,-0.7,3.74999999999999));
#2271=CARTESIAN_POINT('Origin',(2.5,-0.7,3.74999999999999));
#2272=CARTESIAN_POINT('',(3.25,-0.705,3.74999999999999));
#2273=CARTESIAN_POINT('',(3.25,-0.7,3.74999999999999));
#2274=CARTESIAN_POINT('Origin',(2.5,-0.705,3.74999999999999));
#2275=CARTESIAN_POINT('Origin',(2.5,-0.7,3.75));
#2276=CARTESIAN_POINT('Origin',(2.5,-0.705,3.75));
#2277=CARTESIAN_POINT('Origin',(-1.58854221570929,-0.7,6.08970112417597));
#2278=CARTESIAN_POINT('',(-1.7147475505128,-0.7,6.57351122480134));
#2279=CARTESIAN_POINT('',(-1.46233688090578,-0.7,5.6058910235506));
#2280=CARTESIAN_POINT('Origin',(-1.58854221570929,-0.7,6.08970112417597));
#2281=CARTESIAN_POINT('',(-1.7147475505128,-0.705,6.57351122480134));
#2282=CARTESIAN_POINT('',(-1.7147475505128,-0.7,6.57351122480134));
#2283=CARTESIAN_POINT('',(-1.46233688090578,-0.705,5.6058910235506));
#2284=CARTESIAN_POINT('Origin',(-1.58854221570929,-0.705,6.08970112417597));
#2285=CARTESIAN_POINT('',(-1.46233688090578,-0.7,5.6058910235506));
#2286=CARTESIAN_POINT('Origin',(0.,-0.7,0.));
#2287=CARTESIAN_POINT('',(-1.7147475505128,-0.7,-6.57351122480134));
#2288=CARTESIAN_POINT('Origin',(0.,-0.7,0.));
#2289=CARTESIAN_POINT('',(-1.7147475505128,-0.705,-6.57351122480134));
#2290=CARTESIAN_POINT('',(-1.7147475505128,-0.7,-6.57351122480134));
#2291=CARTESIAN_POINT('Origin',(0.,-0.705,0.));
#2292=CARTESIAN_POINT('Origin',(-1.58854221570929,-0.7,-6.08970112417598));
#2293=CARTESIAN_POINT('',(-1.46233688090577,-0.7,-5.60589102355061));
#2294=CARTESIAN_POINT('Origin',(-1.58854221570929,-0.7,-6.08970112417598));
#2295=CARTESIAN_POINT('',(-1.46233688090577,-0.705,-5.60589102355061));
#2296=CARTESIAN_POINT('',(-1.46233688090577,-0.7,-5.60589102355061));
#2297=CARTESIAN_POINT('Origin',(-1.58854221570929,-0.705,-6.08970112417598));
#2298=CARTESIAN_POINT('Origin',(0.,-0.7,0.));
#2299=CARTESIAN_POINT('Origin',(0.,-0.7,0.));
#2300=CARTESIAN_POINT('Origin',(0.,-0.705,0.));
#2301=CARTESIAN_POINT('Origin',(-4.36535234302266,-0.705,-1.91359380384843E-15));
#2302=CARTESIAN_POINT('Origin',(-4.36535234302266,-0.7,-1.91359380384843E-15));
#2303=CARTESIAN_POINT('Origin',(-1.58854221570929,0.7,6.08970112417597));
#2304=CARTESIAN_POINT('',(-1.7147475505128,0.7,6.57351122480134));
#2305=CARTESIAN_POINT('',(-1.46233688090578,0.7,5.6058910235506));
#2306=CARTESIAN_POINT('Origin',(-1.58854221570929,0.7,6.08970112417597));
#2307=CARTESIAN_POINT('',(-1.46233688090578,0.705,5.6058910235506));
#2308=CARTESIAN_POINT('',(-1.46233688090578,0.7,5.6058910235506));
#2309=CARTESIAN_POINT('',(-1.7147475505128,0.705,6.57351122480134));
#2310=CARTESIAN_POINT('Origin',(-1.58854221570929,0.705,6.08970112417597));
#2311=CARTESIAN_POINT('',(-1.7147475505128,0.7,6.57351122480134));
#2312=CARTESIAN_POINT('Origin',(0.,0.7,0.));
#2313=CARTESIAN_POINT('',(-1.7147475505128,0.7,-6.57351122480134));
#2314=CARTESIAN_POINT('Origin',(0.,0.7,0.));
#2315=CARTESIAN_POINT('',(-1.7147475505128,0.705,-6.57351122480134));
#2316=CARTESIAN_POINT('Origin',(0.,0.705,0.));
#2317=CARTESIAN_POINT('',(-1.7147475505128,0.7,-6.57351122480134));
#2318=CARTESIAN_POINT('Origin',(-1.58854221570929,0.7,-6.08970112417598));
#2319=CARTESIAN_POINT('',(-1.46233688090577,0.7,-5.60589102355061));
#2320=CARTESIAN_POINT('Origin',(-1.58854221570929,0.7,-6.08970112417598));
#2321=CARTESIAN_POINT('',(-1.46233688090577,0.705,-5.60589102355061));
#2322=CARTESIAN_POINT('Origin',(-1.58854221570929,0.705,-6.08970112417598));
#2323=CARTESIAN_POINT('',(-1.46233688090577,0.7,-5.60589102355061));
#2324=CARTESIAN_POINT('Origin',(0.,0.7,0.));
#2325=CARTESIAN_POINT('Origin',(0.,0.7,0.));
#2326=CARTESIAN_POINT('Origin',(0.,0.705,0.));
#2327=CARTESIAN_POINT('Origin',(-4.36535234302266,0.705,-1.91359380384843E-15));
#2328=CARTESIAN_POINT('Origin',(-4.36535234302266,0.7,-1.91359380384843E-15));
#2329=CARTESIAN_POINT('Origin',(1.58854221570929,0.7,6.08970112417597));
#2330=CARTESIAN_POINT('',(1.7147475505128,0.7,6.57351122480134));
#2331=CARTESIAN_POINT('',(1.46233688090578,0.7,5.6058910235506));
#2332=CARTESIAN_POINT('Origin',(1.58854221570929,0.7,6.08970112417597));
#2333=CARTESIAN_POINT('',(1.7147475505128,0.705,6.57351122480134));
#2334=CARTESIAN_POINT('',(1.7147475505128,0.7,6.57351122480134));
#2335=CARTESIAN_POINT('',(1.46233688090578,0.705,5.6058910235506));
#2336=CARTESIAN_POINT('Origin',(1.58854221570929,0.705,6.08970112417597));
#2337=CARTESIAN_POINT('',(1.46233688090578,0.7,5.6058910235506));
#2338=CARTESIAN_POINT('Origin',(0.,0.7,0.));
#2339=CARTESIAN_POINT('',(1.7147475505128,0.7,-6.57351122480134));
#2340=CARTESIAN_POINT('Origin',(0.,0.7,0.));
#2341=CARTESIAN_POINT('',(1.7147475505128,0.705,-6.57351122480134));
#2342=CARTESIAN_POINT('',(1.7147475505128,0.7,-6.57351122480134));
#2343=CARTESIAN_POINT('Origin',(0.,0.705,0.));
#2344=CARTESIAN_POINT('Origin',(1.58854221570929,0.7,-6.08970112417598));
#2345=CARTESIAN_POINT('',(1.46233688090577,0.7,-5.60589102355061));
#2346=CARTESIAN_POINT('Origin',(1.58854221570929,0.7,-6.08970112417598));
#2347=CARTESIAN_POINT('',(1.46233688090577,0.705,-5.60589102355061));
#2348=CARTESIAN_POINT('',(1.46233688090577,0.7,-5.60589102355061));
#2349=CARTESIAN_POINT('Origin',(1.58854221570929,0.705,-6.08970112417598));
#2350=CARTESIAN_POINT('Origin',(0.,0.7,0.));
#2351=CARTESIAN_POINT('Origin',(0.,0.7,0.));
#2352=CARTESIAN_POINT('Origin',(0.,0.705,0.));
#2353=CARTESIAN_POINT('Origin',(4.36535234302266,0.705,-1.91359380384843E-15));
#2354=CARTESIAN_POINT('Origin',(4.36535234302266,0.7,-1.91359380384843E-15));
#2355=CARTESIAN_POINT('Origin',(1.58854221570929,-0.7,6.08970112417597));
#2356=CARTESIAN_POINT('',(1.7147475505128,-0.7,6.57351122480134));
#2357=CARTESIAN_POINT('',(1.46233688090578,-0.7,5.6058910235506));
#2358=CARTESIAN_POINT('Origin',(1.58854221570929,-0.7,6.08970112417597));
#2359=CARTESIAN_POINT('',(1.46233688090578,-0.705,5.6058910235506));
#2360=CARTESIAN_POINT('',(1.46233688090578,-0.7,5.6058910235506));
#2361=CARTESIAN_POINT('',(1.7147475505128,-0.705,6.57351122480134));
#2362=CARTESIAN_POINT('Origin',(1.58854221570929,-0.705,6.08970112417597));
#2363=CARTESIAN_POINT('',(1.7147475505128,-0.7,6.57351122480134));
#2364=CARTESIAN_POINT('Origin',(0.,-0.7,0.));
#2365=CARTESIAN_POINT('',(1.7147475505128,-0.7,-6.57351122480134));
#2366=CARTESIAN_POINT('Origin',(0.,-0.7,0.));
#2367=CARTESIAN_POINT('',(1.7147475505128,-0.705,-6.57351122480134));
#2368=CARTESIAN_POINT('Origin',(0.,-0.705,0.));
#2369=CARTESIAN_POINT('',(1.7147475505128,-0.7,-6.57351122480134));
#2370=CARTESIAN_POINT('Origin',(1.58854221570929,-0.7,-6.08970112417598));
#2371=CARTESIAN_POINT('',(1.46233688090577,-0.7,-5.60589102355061));
#2372=CARTESIAN_POINT('Origin',(1.58854221570929,-0.7,-6.08970112417598));
#2373=CARTESIAN_POINT('',(1.46233688090577,-0.705,-5.60589102355061));
#2374=CARTESIAN_POINT('Origin',(1.58854221570929,-0.705,-6.08970112417598));
#2375=CARTESIAN_POINT('',(1.46233688090577,-0.7,-5.60589102355061));
#2376=CARTESIAN_POINT('Origin',(0.,-0.7,0.));
#2377=CARTESIAN_POINT('Origin',(0.,-0.7,0.));
#2378=CARTESIAN_POINT('Origin',(0.,-0.705,0.));
#2379=CARTESIAN_POINT('Origin',(4.36535234302266,-0.705,-1.91359380384843E-15));
#2380=CARTESIAN_POINT('Origin',(4.36535234302266,-0.7,-1.91359380384843E-15));
#2381=CARTESIAN_POINT('Origin',(0.,-0.7,0.));
#2382=CARTESIAN_POINT('',(0.6,-0.7,7.34788079488412E-17));
#2383=CARTESIAN_POINT('Origin',(0.,-0.7,0.));
#2384=CARTESIAN_POINT('',(0.6,-0.705,7.34788079488412E-17));
#2385=CARTESIAN_POINT('',(0.6,-0.7,7.34788079488412E-17));
#2386=CARTESIAN_POINT('Origin',(0.,-0.705,0.));
#2387=CARTESIAN_POINT('Origin',(0.,-0.7,0.));
#2388=CARTESIAN_POINT('',(0.75,-0.705,9.18485099360515E-17));
#2389=CARTESIAN_POINT('Origin',(0.,-0.705,0.));
#2390=CARTESIAN_POINT('',(0.75,-0.7,9.18485099360515E-17));
#2391=CARTESIAN_POINT('',(0.75,-0.7,9.18485099360515E-17));
#2392=CARTESIAN_POINT('Origin',(0.,-0.7,0.));
#2393=CARTESIAN_POINT('Origin',(-4.62034530719333E-17,-0.7,-1.92747052886312E-17));
#2394=CARTESIAN_POINT('Origin',(-4.62034530719333E-17,-0.705,-1.92747052886312E-17));
#2395=UNCERTAINTY_MEASURE_WITH_UNIT(LENGTH_MEASURE(0.01),#2399,
'DISTANCE_ACCURACY_VALUE',
'Maximum model space distance between geometric entities at asserted c
onnectivities');
#2396=UNCERTAINTY_MEASURE_WITH_UNIT(LENGTH_MEASURE(0.01),#2399,
'DISTANCE_ACCURACY_VALUE',
'Maximum model space distance between geometric entities at asserted c
onnectivities');
#2397=(
GEOMETRIC_REPRESENTATION_CONTEXT(3)
GLOBAL_UNCERTAINTY_ASSIGNED_CONTEXT((#2395))
GLOBAL_UNIT_ASSIGNED_CONTEXT((#2399,#2401,#2402))
REPRESENTATION_CONTEXT('','3D')
);
#2398=(
GEOMETRIC_REPRESENTATION_CONTEXT(3)
GLOBAL_UNCERTAINTY_ASSIGNED_CONTEXT((#2396))
GLOBAL_UNIT_ASSIGNED_CONTEXT((#2399,#2401,#2402))
REPRESENTATION_CONTEXT('','3D')
);
#2399=(
LENGTH_UNIT()
NAMED_UNIT(*)
SI_UNIT(.MILLI.,.METRE.)
);
#2400=(
LENGTH_UNIT()
NAMED_UNIT(*)
SI_UNIT($,.METRE.)
);
#2401=(
NAMED_UNIT(*)
PLANE_ANGLE_UNIT()
SI_UNIT($,.RADIAN.)
);
#2402=(
NAMED_UNIT(*)
SI_UNIT($,.STERADIAN.)
SOLID_ANGLE_UNIT()
);
#2403=SHAPE_DEFINITION_REPRESENTATION(#2404,#2405);
#2404=PRODUCT_DEFINITION_SHAPE('',$,#2407);
#2405=SHAPE_REPRESENTATION('',(#1399),#2397);
#2406=PRODUCT_DEFINITION_CONTEXT('part definition',#2411,'design');
#2407=PRODUCT_DEFINITION('2025-08-16-21-47-10-662',
'INMP441 MEMS I2S MICROPHONE PCB',#2408,#2406);
#2408=PRODUCT_DEFINITION_FORMATION('',$,#2413);
#2409=PRODUCT_RELATED_PRODUCT_CATEGORY(
'INMP441 MEMS I2S MICROPHONE PCB','INMP441 MEMS I2S MICROPHONE PCB',(#2413));
#2410=APPLICATION_PROTOCOL_DEFINITION('international standard',
'automotive_design',2009,#2411);
#2411=APPLICATION_CONTEXT(
'Core Data for Automotive Mechanical Design Process');
#2412=PRODUCT_CONTEXT('part definition',#2411,'mechanical');
#2413=PRODUCT('2025-08-16-21-47-10-662',
'INMP441 MEMS I2S MICROPHONE PCB',$,(#2412));
#2414=PRESENTATION_STYLE_ASSIGNMENT((#2418));
#2415=PRESENTATION_STYLE_ASSIGNMENT((#2419));
#2416=PRESENTATION_STYLE_ASSIGNMENT((#2420));
#2417=PRESENTATION_STYLE_ASSIGNMENT((#2421));
#2418=SURFACE_STYLE_USAGE(.BOTH.,#2422);
#2419=SURFACE_STYLE_USAGE(.BOTH.,#2423);
#2420=SURFACE_STYLE_USAGE(.BOTH.,#2424);
#2421=SURFACE_STYLE_USAGE(.BOTH.,#2425);
#2422=SURFACE_SIDE_STYLE('',(#2426));
#2423=SURFACE_SIDE_STYLE('',(#2427));
#2424=SURFACE_SIDE_STYLE('',(#2428));
#2425=SURFACE_SIDE_STYLE('',(#2429));
#2426=SURFACE_STYLE_FILL_AREA(#2430);
#2427=SURFACE_STYLE_FILL_AREA(#2431);
#2428=SURFACE_STYLE_FILL_AREA(#2432);
#2429=SURFACE_STYLE_FILL_AREA(#2433);
#2430=FILL_AREA_STYLE('Steel - Satin',(#2434));
#2431=FILL_AREA_STYLE('Opaque(82,105,43)',(#2435));
#2432=FILL_AREA_STYLE('Opaque(33,43,17)',(#2436));
#2433=FILL_AREA_STYLE('Opaque(188,80,47)',(#2437));
#2434=FILL_AREA_STYLE_COLOUR('Steel - Satin',#2438);
#2435=FILL_AREA_STYLE_COLOUR('Opaque(82,105,43)',#2439);
#2436=FILL_AREA_STYLE_COLOUR('Opaque(33,43,17)',#2440);
#2437=FILL_AREA_STYLE_COLOUR('Opaque(188,80,47)',#2441);
#2438=COLOUR_RGB('Steel - Satin',0.627450980392157,0.627450980392157,0.627450980392157);
#2439=COLOUR_RGB('Opaque(82,105,43)',0.32156862745098,0.411764705882353,
0.168627450980392);
#2440=COLOUR_RGB('Opaque(33,43,17)',0.129411764705882,0.168627450980392,
0.0666666666666667);
#2441=COLOUR_RGB('Opaque(188,80,47)',0.737254901960784,0.313725490196078,
0.184313725490196);
ENDSEC;
END-ISO-10303-21;
