ISO-10303-21;
HEADER;
/* Generated by software containing ST-Developer
 * from STEP Tools, Inc. (www.steptools.com) 
 */

FILE_DESCRIPTION(
/* description */ (''),
/* implementation_level */ '2;1');

FILE_NAME(
/* name */ 'XPT2046 5inch HDMI 800x480px.step',
/* time_stamp */ '2025-08-16T21:48:57+05:30',
/* author */ (''),
/* organization */ (''),
/* preprocessor_version */ 'ST-DEVELOPER v20.1',
/* originating_system */ 'Autodesk Translation Framework v14.10.0.0',
/* authorisation */ '');

FILE_SCHEMA (('AUTOMOTIVE_DESIGN { 1 0 10303 214 3 1 1 }'));
ENDSEC;

DATA;
#10=MECHANICAL_DESIGN_GEOMETRIC_PRESENTATION_REPRESENTATION('',(#80,#81,
#82,#83,#84,#85,#86,#87,#88),#8355);
#11=SHAPE_REPRESENTATION_RELATIONSHIP('SRR','None',#8362,#12);
#12=ADVANCED_BREP_SHAPE_REPRESENTATION('',(#89,#90,#91,#92,#93,#94,#95,
#96,#97),#8354);
#13=CYLINDRICAL_SURFACE('',#5344,0.5);
#14=CYLINDRICAL_SURFACE('',#5345,0.5);
#15=CYLINDRICAL_SURFACE('',#5346,0.5);
#16=CYLINDRICAL_SURFACE('',#5347,0.5);
#17=CIRCLE('',#5335,0.5);
#18=CIRCLE('',#5336,0.5);
#19=CIRCLE('',#5337,0.5);
#20=CIRCLE('',#5338,0.5);
#21=CIRCLE('',#5340,0.5);
#22=CIRCLE('',#5341,0.5);
#23=CIRCLE('',#5342,0.5);
#24=CIRCLE('',#5343,0.5);
#25=FACE_BOUND('',#398,.T.);
#26=FACE_BOUND('',#400,.T.);
#27=FACE_BOUND('',#406,.T.);
#28=FACE_BOUND('',#470,.T.);
#29=FACE_BOUND('',#471,.T.);
#30=FACE_BOUND('',#472,.T.);
#31=FACE_BOUND('',#473,.T.);
#32=FACE_BOUND('',#474,.T.);
#33=FACE_BOUND('',#475,.T.);
#34=FACE_BOUND('',#476,.T.);
#35=FACE_BOUND('',#477,.T.);
#36=FACE_BOUND('',#478,.T.);
#37=FACE_BOUND('',#479,.T.);
#38=FACE_BOUND('',#480,.T.);
#39=FACE_BOUND('',#481,.T.);
#40=FACE_BOUND('',#482,.T.);
#41=FACE_BOUND('',#483,.T.);
#42=FACE_BOUND('',#484,.T.);
#43=FACE_BOUND('',#485,.T.);
#44=FACE_BOUND('',#486,.T.);
#45=FACE_BOUND('',#487,.T.);
#46=FACE_BOUND('',#488,.T.);
#47=FACE_BOUND('',#489,.T.);
#48=FACE_BOUND('',#490,.T.);
#49=FACE_BOUND('',#491,.T.);
#50=FACE_BOUND('',#492,.T.);
#51=FACE_BOUND('',#493,.T.);
#52=FACE_BOUND('',#494,.T.);
#53=FACE_BOUND('',#495,.T.);
#54=FACE_BOUND('',#497,.T.);
#55=FACE_BOUND('',#498,.T.);
#56=FACE_BOUND('',#499,.T.);
#57=FACE_BOUND('',#500,.T.);
#58=FACE_BOUND('',#501,.T.);
#59=FACE_BOUND('',#502,.T.);
#60=FACE_BOUND('',#503,.T.);
#61=FACE_BOUND('',#504,.T.);
#62=FACE_BOUND('',#505,.T.);
#63=FACE_BOUND('',#506,.T.);
#64=FACE_BOUND('',#507,.T.);
#65=FACE_BOUND('',#508,.T.);
#66=FACE_BOUND('',#509,.T.);
#67=FACE_BOUND('',#510,.T.);
#68=FACE_BOUND('',#511,.T.);
#69=FACE_BOUND('',#512,.T.);
#70=FACE_BOUND('',#513,.T.);
#71=FACE_BOUND('',#514,.T.);
#72=FACE_BOUND('',#515,.T.);
#73=FACE_BOUND('',#516,.T.);
#74=FACE_BOUND('',#517,.T.);
#75=FACE_BOUND('',#518,.T.);
#76=FACE_BOUND('',#519,.T.);
#77=FACE_BOUND('',#520,.T.);
#78=FACE_BOUND('',#521,.T.);
#79=FACE_BOUND('',#522,.T.);
#80=STYLED_ITEM('',(#8372),#89);
#81=STYLED_ITEM('',(#8373),#90);
#82=STYLED_ITEM('',(#8372),#91);
#83=STYLED_ITEM('',(#8371),#92);
#84=STYLED_ITEM('',(#8371),#93);
#85=STYLED_ITEM('',(#8371),#94);
#86=STYLED_ITEM('',(#8371),#95);
#87=STYLED_ITEM('',(#8373),#96);
#88=STYLED_ITEM('',(#8374),#97);
#89=MANIFOLD_SOLID_BREP('Body1',#5287);
#90=MANIFOLD_SOLID_BREP('Body2',#5288);
#91=MANIFOLD_SOLID_BREP('Body3',#5289);
#92=MANIFOLD_SOLID_BREP('Body4',#5290);
#93=MANIFOLD_SOLID_BREP('Body5',#5291);
#94=MANIFOLD_SOLID_BREP('Body6',#5292);
#95=MANIFOLD_SOLID_BREP('Body7',#5293);
#96=MANIFOLD_SOLID_BREP('Body8',#5294);
#97=MANIFOLD_SOLID_BREP('Body9',#5295);
#98=FACE_OUTER_BOUND('',#389,.T.);
#99=FACE_OUTER_BOUND('',#390,.T.);
#100=FACE_OUTER_BOUND('',#391,.T.);
#101=FACE_OUTER_BOUND('',#392,.T.);
#102=FACE_OUTER_BOUND('',#393,.T.);
#103=FACE_OUTER_BOUND('',#394,.T.);
#104=FACE_OUTER_BOUND('',#395,.T.);
#105=FACE_OUTER_BOUND('',#396,.T.);
#106=FACE_OUTER_BOUND('',#397,.T.);
#107=FACE_OUTER_BOUND('',#399,.T.);
#108=FACE_OUTER_BOUND('',#401,.T.);
#109=FACE_OUTER_BOUND('',#402,.T.);
#110=FACE_OUTER_BOUND('',#403,.T.);
#111=FACE_OUTER_BOUND('',#404,.T.);
#112=FACE_OUTER_BOUND('',#405,.T.);
#113=FACE_OUTER_BOUND('',#407,.T.);
#114=FACE_OUTER_BOUND('',#408,.T.);
#115=FACE_OUTER_BOUND('',#409,.T.);
#116=FACE_OUTER_BOUND('',#410,.T.);
#117=FACE_OUTER_BOUND('',#411,.T.);
#118=FACE_OUTER_BOUND('',#412,.T.);
#119=FACE_OUTER_BOUND('',#413,.T.);
#120=FACE_OUTER_BOUND('',#414,.T.);
#121=FACE_OUTER_BOUND('',#415,.T.);
#122=FACE_OUTER_BOUND('',#416,.T.);
#123=FACE_OUTER_BOUND('',#417,.T.);
#124=FACE_OUTER_BOUND('',#418,.T.);
#125=FACE_OUTER_BOUND('',#419,.T.);
#126=FACE_OUTER_BOUND('',#420,.T.);
#127=FACE_OUTER_BOUND('',#421,.T.);
#128=FACE_OUTER_BOUND('',#422,.T.);
#129=FACE_OUTER_BOUND('',#423,.T.);
#130=FACE_OUTER_BOUND('',#424,.T.);
#131=FACE_OUTER_BOUND('',#425,.T.);
#132=FACE_OUTER_BOUND('',#426,.T.);
#133=FACE_OUTER_BOUND('',#427,.T.);
#134=FACE_OUTER_BOUND('',#428,.T.);
#135=FACE_OUTER_BOUND('',#429,.T.);
#136=FACE_OUTER_BOUND('',#430,.T.);
#137=FACE_OUTER_BOUND('',#431,.T.);
#138=FACE_OUTER_BOUND('',#432,.T.);
#139=FACE_OUTER_BOUND('',#433,.T.);
#140=FACE_OUTER_BOUND('',#434,.T.);
#141=FACE_OUTER_BOUND('',#435,.T.);
#142=FACE_OUTER_BOUND('',#436,.T.);
#143=FACE_OUTER_BOUND('',#437,.T.);
#144=FACE_OUTER_BOUND('',#438,.T.);
#145=FACE_OUTER_BOUND('',#439,.T.);
#146=FACE_OUTER_BOUND('',#440,.T.);
#147=FACE_OUTER_BOUND('',#441,.T.);
#148=FACE_OUTER_BOUND('',#442,.T.);
#149=FACE_OUTER_BOUND('',#443,.T.);
#150=FACE_OUTER_BOUND('',#444,.T.);
#151=FACE_OUTER_BOUND('',#445,.T.);
#152=FACE_OUTER_BOUND('',#446,.T.);
#153=FACE_OUTER_BOUND('',#447,.T.);
#154=FACE_OUTER_BOUND('',#448,.T.);
#155=FACE_OUTER_BOUND('',#449,.T.);
#156=FACE_OUTER_BOUND('',#450,.T.);
#157=FACE_OUTER_BOUND('',#451,.T.);
#158=FACE_OUTER_BOUND('',#452,.T.);
#159=FACE_OUTER_BOUND('',#453,.T.);
#160=FACE_OUTER_BOUND('',#454,.T.);
#161=FACE_OUTER_BOUND('',#455,.T.);
#162=FACE_OUTER_BOUND('',#456,.T.);
#163=FACE_OUTER_BOUND('',#457,.T.);
#164=FACE_OUTER_BOUND('',#458,.T.);
#165=FACE_OUTER_BOUND('',#459,.T.);
#166=FACE_OUTER_BOUND('',#460,.T.);
#167=FACE_OUTER_BOUND('',#461,.T.);
#168=FACE_OUTER_BOUND('',#462,.T.);
#169=FACE_OUTER_BOUND('',#463,.T.);
#170=FACE_OUTER_BOUND('',#464,.T.);
#171=FACE_OUTER_BOUND('',#465,.T.);
#172=FACE_OUTER_BOUND('',#466,.T.);
#173=FACE_OUTER_BOUND('',#467,.T.);
#174=FACE_OUTER_BOUND('',#468,.T.);
#175=FACE_OUTER_BOUND('',#469,.T.);
#176=FACE_OUTER_BOUND('',#496,.T.);
#177=FACE_OUTER_BOUND('',#523,.T.);
#178=FACE_OUTER_BOUND('',#524,.T.);
#179=FACE_OUTER_BOUND('',#525,.T.);
#180=FACE_OUTER_BOUND('',#526,.T.);
#181=FACE_OUTER_BOUND('',#527,.T.);
#182=FACE_OUTER_BOUND('',#528,.T.);
#183=FACE_OUTER_BOUND('',#529,.T.);
#184=FACE_OUTER_BOUND('',#530,.T.);
#185=FACE_OUTER_BOUND('',#531,.T.);
#186=FACE_OUTER_BOUND('',#532,.T.);
#187=FACE_OUTER_BOUND('',#533,.T.);
#188=FACE_OUTER_BOUND('',#534,.T.);
#189=FACE_OUTER_BOUND('',#535,.T.);
#190=FACE_OUTER_BOUND('',#536,.T.);
#191=FACE_OUTER_BOUND('',#537,.T.);
#192=FACE_OUTER_BOUND('',#538,.T.);
#193=FACE_OUTER_BOUND('',#539,.T.);
#194=FACE_OUTER_BOUND('',#540,.T.);
#195=FACE_OUTER_BOUND('',#541,.T.);
#196=FACE_OUTER_BOUND('',#542,.T.);
#197=FACE_OUTER_BOUND('',#543,.T.);
#198=FACE_OUTER_BOUND('',#544,.T.);
#199=FACE_OUTER_BOUND('',#545,.T.);
#200=FACE_OUTER_BOUND('',#546,.T.);
#201=FACE_OUTER_BOUND('',#547,.T.);
#202=FACE_OUTER_BOUND('',#548,.T.);
#203=FACE_OUTER_BOUND('',#549,.T.);
#204=FACE_OUTER_BOUND('',#550,.T.);
#205=FACE_OUTER_BOUND('',#551,.T.);
#206=FACE_OUTER_BOUND('',#552,.T.);
#207=FACE_OUTER_BOUND('',#553,.T.);
#208=FACE_OUTER_BOUND('',#554,.T.);
#209=FACE_OUTER_BOUND('',#555,.T.);
#210=FACE_OUTER_BOUND('',#556,.T.);
#211=FACE_OUTER_BOUND('',#557,.T.);
#212=FACE_OUTER_BOUND('',#558,.T.);
#213=FACE_OUTER_BOUND('',#559,.T.);
#214=FACE_OUTER_BOUND('',#560,.T.);
#215=FACE_OUTER_BOUND('',#561,.T.);
#216=FACE_OUTER_BOUND('',#562,.T.);
#217=FACE_OUTER_BOUND('',#563,.T.);
#218=FACE_OUTER_BOUND('',#564,.T.);
#219=FACE_OUTER_BOUND('',#565,.T.);
#220=FACE_OUTER_BOUND('',#566,.T.);
#221=FACE_OUTER_BOUND('',#567,.T.);
#222=FACE_OUTER_BOUND('',#568,.T.);
#223=FACE_OUTER_BOUND('',#569,.T.);
#224=FACE_OUTER_BOUND('',#570,.T.);
#225=FACE_OUTER_BOUND('',#571,.T.);
#226=FACE_OUTER_BOUND('',#572,.T.);
#227=FACE_OUTER_BOUND('',#573,.T.);
#228=FACE_OUTER_BOUND('',#574,.T.);
#229=FACE_OUTER_BOUND('',#575,.T.);
#230=FACE_OUTER_BOUND('',#576,.T.);
#231=FACE_OUTER_BOUND('',#577,.T.);
#232=FACE_OUTER_BOUND('',#578,.T.);
#233=FACE_OUTER_BOUND('',#579,.T.);
#234=FACE_OUTER_BOUND('',#580,.T.);
#235=FACE_OUTER_BOUND('',#581,.T.);
#236=FACE_OUTER_BOUND('',#582,.T.);
#237=FACE_OUTER_BOUND('',#583,.T.);
#238=FACE_OUTER_BOUND('',#584,.T.);
#239=FACE_OUTER_BOUND('',#585,.T.);
#240=FACE_OUTER_BOUND('',#586,.T.);
#241=FACE_OUTER_BOUND('',#587,.T.);
#242=FACE_OUTER_BOUND('',#588,.T.);
#243=FACE_OUTER_BOUND('',#589,.T.);
#244=FACE_OUTER_BOUND('',#590,.T.);
#245=FACE_OUTER_BOUND('',#591,.T.);
#246=FACE_OUTER_BOUND('',#592,.T.);
#247=FACE_OUTER_BOUND('',#593,.T.);
#248=FACE_OUTER_BOUND('',#594,.T.);
#249=FACE_OUTER_BOUND('',#595,.T.);
#250=FACE_OUTER_BOUND('',#596,.T.);
#251=FACE_OUTER_BOUND('',#597,.T.);
#252=FACE_OUTER_BOUND('',#598,.T.);
#253=FACE_OUTER_BOUND('',#599,.T.);
#254=FACE_OUTER_BOUND('',#600,.T.);
#255=FACE_OUTER_BOUND('',#601,.T.);
#256=FACE_OUTER_BOUND('',#602,.T.);
#257=FACE_OUTER_BOUND('',#603,.T.);
#258=FACE_OUTER_BOUND('',#604,.T.);
#259=FACE_OUTER_BOUND('',#605,.T.);
#260=FACE_OUTER_BOUND('',#606,.T.);
#261=FACE_OUTER_BOUND('',#607,.T.);
#262=FACE_OUTER_BOUND('',#608,.T.);
#263=FACE_OUTER_BOUND('',#609,.T.);
#264=FACE_OUTER_BOUND('',#610,.T.);
#265=FACE_OUTER_BOUND('',#611,.T.);
#266=FACE_OUTER_BOUND('',#612,.T.);
#267=FACE_OUTER_BOUND('',#613,.T.);
#268=FACE_OUTER_BOUND('',#614,.T.);
#269=FACE_OUTER_BOUND('',#615,.T.);
#270=FACE_OUTER_BOUND('',#616,.T.);
#271=FACE_OUTER_BOUND('',#617,.T.);
#272=FACE_OUTER_BOUND('',#618,.T.);
#273=FACE_OUTER_BOUND('',#619,.T.);
#274=FACE_OUTER_BOUND('',#620,.T.);
#275=FACE_OUTER_BOUND('',#621,.T.);
#276=FACE_OUTER_BOUND('',#622,.T.);
#277=FACE_OUTER_BOUND('',#623,.T.);
#278=FACE_OUTER_BOUND('',#624,.T.);
#279=FACE_OUTER_BOUND('',#625,.T.);
#280=FACE_OUTER_BOUND('',#626,.T.);
#281=FACE_OUTER_BOUND('',#627,.T.);
#282=FACE_OUTER_BOUND('',#628,.T.);
#283=FACE_OUTER_BOUND('',#629,.T.);
#284=FACE_OUTER_BOUND('',#630,.T.);
#285=FACE_OUTER_BOUND('',#631,.T.);
#286=FACE_OUTER_BOUND('',#632,.T.);
#287=FACE_OUTER_BOUND('',#633,.T.);
#288=FACE_OUTER_BOUND('',#634,.T.);
#289=FACE_OUTER_BOUND('',#635,.T.);
#290=FACE_OUTER_BOUND('',#636,.T.);
#291=FACE_OUTER_BOUND('',#637,.T.);
#292=FACE_OUTER_BOUND('',#638,.T.);
#293=FACE_OUTER_BOUND('',#639,.T.);
#294=FACE_OUTER_BOUND('',#640,.T.);
#295=FACE_OUTER_BOUND('',#641,.T.);
#296=FACE_OUTER_BOUND('',#642,.T.);
#297=FACE_OUTER_BOUND('',#643,.T.);
#298=FACE_OUTER_BOUND('',#644,.T.);
#299=FACE_OUTER_BOUND('',#645,.T.);
#300=FACE_OUTER_BOUND('',#646,.T.);
#301=FACE_OUTER_BOUND('',#647,.T.);
#302=FACE_OUTER_BOUND('',#648,.T.);
#303=FACE_OUTER_BOUND('',#649,.T.);
#304=FACE_OUTER_BOUND('',#650,.T.);
#305=FACE_OUTER_BOUND('',#651,.T.);
#306=FACE_OUTER_BOUND('',#652,.T.);
#307=FACE_OUTER_BOUND('',#653,.T.);
#308=FACE_OUTER_BOUND('',#654,.T.);
#309=FACE_OUTER_BOUND('',#655,.T.);
#310=FACE_OUTER_BOUND('',#656,.T.);
#311=FACE_OUTER_BOUND('',#657,.T.);
#312=FACE_OUTER_BOUND('',#658,.T.);
#313=FACE_OUTER_BOUND('',#659,.T.);
#314=FACE_OUTER_BOUND('',#660,.T.);
#315=FACE_OUTER_BOUND('',#661,.T.);
#316=FACE_OUTER_BOUND('',#662,.T.);
#317=FACE_OUTER_BOUND('',#663,.T.);
#318=FACE_OUTER_BOUND('',#664,.T.);
#319=FACE_OUTER_BOUND('',#665,.T.);
#320=FACE_OUTER_BOUND('',#666,.T.);
#321=FACE_OUTER_BOUND('',#667,.T.);
#322=FACE_OUTER_BOUND('',#668,.T.);
#323=FACE_OUTER_BOUND('',#669,.T.);
#324=FACE_OUTER_BOUND('',#670,.T.);
#325=FACE_OUTER_BOUND('',#671,.T.);
#326=FACE_OUTER_BOUND('',#672,.T.);
#327=FACE_OUTER_BOUND('',#673,.T.);
#328=FACE_OUTER_BOUND('',#674,.T.);
#329=FACE_OUTER_BOUND('',#675,.T.);
#330=FACE_OUTER_BOUND('',#676,.T.);
#331=FACE_OUTER_BOUND('',#677,.T.);
#332=FACE_OUTER_BOUND('',#678,.T.);
#333=FACE_OUTER_BOUND('',#679,.T.);
#334=FACE_OUTER_BOUND('',#680,.T.);
#335=FACE_OUTER_BOUND('',#681,.T.);
#336=FACE_OUTER_BOUND('',#682,.T.);
#337=FACE_OUTER_BOUND('',#683,.T.);
#338=FACE_OUTER_BOUND('',#684,.T.);
#339=FACE_OUTER_BOUND('',#685,.T.);
#340=FACE_OUTER_BOUND('',#686,.T.);
#341=FACE_OUTER_BOUND('',#687,.T.);
#342=FACE_OUTER_BOUND('',#688,.T.);
#343=FACE_OUTER_BOUND('',#689,.T.);
#344=FACE_OUTER_BOUND('',#690,.T.);
#345=FACE_OUTER_BOUND('',#691,.T.);
#346=FACE_OUTER_BOUND('',#692,.T.);
#347=FACE_OUTER_BOUND('',#693,.T.);
#348=FACE_OUTER_BOUND('',#694,.T.);
#349=FACE_OUTER_BOUND('',#695,.T.);
#350=FACE_OUTER_BOUND('',#696,.T.);
#351=FACE_OUTER_BOUND('',#697,.T.);
#352=FACE_OUTER_BOUND('',#698,.T.);
#353=FACE_OUTER_BOUND('',#699,.T.);
#354=FACE_OUTER_BOUND('',#700,.T.);
#355=FACE_OUTER_BOUND('',#701,.T.);
#356=FACE_OUTER_BOUND('',#702,.T.);
#357=FACE_OUTER_BOUND('',#703,.T.);
#358=FACE_OUTER_BOUND('',#704,.T.);
#359=FACE_OUTER_BOUND('',#705,.T.);
#360=FACE_OUTER_BOUND('',#706,.T.);
#361=FACE_OUTER_BOUND('',#707,.T.);
#362=FACE_OUTER_BOUND('',#708,.T.);
#363=FACE_OUTER_BOUND('',#709,.T.);
#364=FACE_OUTER_BOUND('',#710,.T.);
#365=FACE_OUTER_BOUND('',#711,.T.);
#366=FACE_OUTER_BOUND('',#712,.T.);
#367=FACE_OUTER_BOUND('',#713,.T.);
#368=FACE_OUTER_BOUND('',#714,.T.);
#369=FACE_OUTER_BOUND('',#715,.T.);
#370=FACE_OUTER_BOUND('',#716,.T.);
#371=FACE_OUTER_BOUND('',#717,.T.);
#372=FACE_OUTER_BOUND('',#718,.T.);
#373=FACE_OUTER_BOUND('',#719,.T.);
#374=FACE_OUTER_BOUND('',#720,.T.);
#375=FACE_OUTER_BOUND('',#721,.T.);
#376=FACE_OUTER_BOUND('',#722,.T.);
#377=FACE_OUTER_BOUND('',#723,.T.);
#378=FACE_OUTER_BOUND('',#724,.T.);
#379=FACE_OUTER_BOUND('',#725,.T.);
#380=FACE_OUTER_BOUND('',#726,.T.);
#381=FACE_OUTER_BOUND('',#727,.T.);
#382=FACE_OUTER_BOUND('',#728,.T.);
#383=FACE_OUTER_BOUND('',#729,.T.);
#384=FACE_OUTER_BOUND('',#730,.T.);
#385=FACE_OUTER_BOUND('',#731,.T.);
#386=FACE_OUTER_BOUND('',#732,.T.);
#387=FACE_OUTER_BOUND('',#733,.T.);
#388=FACE_OUTER_BOUND('',#734,.T.);
#389=EDGE_LOOP('',(#3289,#3290,#3291,#3292));
#390=EDGE_LOOP('',(#3293,#3294,#3295,#3296));
#391=EDGE_LOOP('',(#3297,#3298,#3299,#3300));
#392=EDGE_LOOP('',(#3301,#3302,#3303,#3304));
#393=EDGE_LOOP('',(#3305,#3306,#3307,#3308));
#394=EDGE_LOOP('',(#3309,#3310,#3311,#3312));
#395=EDGE_LOOP('',(#3313,#3314,#3315,#3316));
#396=EDGE_LOOP('',(#3317,#3318,#3319,#3320));
#397=EDGE_LOOP('',(#3321,#3322,#3323,#3324));
#398=EDGE_LOOP('',(#3325,#3326,#3327,#3328));
#399=EDGE_LOOP('',(#3329,#3330,#3331,#3332));
#400=EDGE_LOOP('',(#3333,#3334,#3335,#3336,#3337,#3338,#3339,#3340));
#401=EDGE_LOOP('',(#3341,#3342,#3343,#3344));
#402=EDGE_LOOP('',(#3345,#3346,#3347,#3348));
#403=EDGE_LOOP('',(#3349,#3350,#3351,#3352));
#404=EDGE_LOOP('',(#3353,#3354,#3355,#3356));
#405=EDGE_LOOP('',(#3357,#3358,#3359,#3360));
#406=EDGE_LOOP('',(#3361,#3362,#3363,#3364));
#407=EDGE_LOOP('',(#3365,#3366,#3367,#3368));
#408=EDGE_LOOP('',(#3369,#3370,#3371,#3372));
#409=EDGE_LOOP('',(#3373,#3374,#3375,#3376));
#410=EDGE_LOOP('',(#3377,#3378,#3379,#3380));
#411=EDGE_LOOP('',(#3381,#3382,#3383,#3384));
#412=EDGE_LOOP('',(#3385,#3386,#3387,#3388));
#413=EDGE_LOOP('',(#3389,#3390,#3391,#3392));
#414=EDGE_LOOP('',(#3393,#3394,#3395,#3396));
#415=EDGE_LOOP('',(#3397,#3398,#3399,#3400));
#416=EDGE_LOOP('',(#3401,#3402,#3403,#3404));
#417=EDGE_LOOP('',(#3405,#3406,#3407,#3408,#3409,#3410,#3411,#3412));
#418=EDGE_LOOP('',(#3413,#3414,#3415,#3416,#3417,#3418,#3419,#3420));
#419=EDGE_LOOP('',(#3421,#3422,#3423,#3424));
#420=EDGE_LOOP('',(#3425,#3426,#3427,#3428));
#421=EDGE_LOOP('',(#3429,#3430,#3431,#3432));
#422=EDGE_LOOP('',(#3433,#3434,#3435,#3436));
#423=EDGE_LOOP('',(#3437,#3438,#3439,#3440));
#424=EDGE_LOOP('',(#3441,#3442,#3443,#3444));
#425=EDGE_LOOP('',(#3445,#3446,#3447,#3448));
#426=EDGE_LOOP('',(#3449,#3450,#3451,#3452));
#427=EDGE_LOOP('',(#3453,#3454,#3455,#3456));
#428=EDGE_LOOP('',(#3457,#3458,#3459,#3460));
#429=EDGE_LOOP('',(#3461,#3462,#3463,#3464));
#430=EDGE_LOOP('',(#3465,#3466,#3467,#3468));
#431=EDGE_LOOP('',(#3469,#3470,#3471,#3472));
#432=EDGE_LOOP('',(#3473,#3474,#3475,#3476));
#433=EDGE_LOOP('',(#3477,#3478,#3479,#3480));
#434=EDGE_LOOP('',(#3481,#3482,#3483,#3484));
#435=EDGE_LOOP('',(#3485,#3486,#3487,#3488));
#436=EDGE_LOOP('',(#3489,#3490,#3491,#3492));
#437=EDGE_LOOP('',(#3493,#3494,#3495,#3496));
#438=EDGE_LOOP('',(#3497,#3498,#3499,#3500));
#439=EDGE_LOOP('',(#3501,#3502,#3503,#3504));
#440=EDGE_LOOP('',(#3505,#3506,#3507,#3508));
#441=EDGE_LOOP('',(#3509,#3510,#3511,#3512));
#442=EDGE_LOOP('',(#3513,#3514,#3515,#3516));
#443=EDGE_LOOP('',(#3517,#3518,#3519,#3520));
#444=EDGE_LOOP('',(#3521,#3522,#3523,#3524));
#445=EDGE_LOOP('',(#3525,#3526,#3527,#3528));
#446=EDGE_LOOP('',(#3529,#3530,#3531,#3532));
#447=EDGE_LOOP('',(#3533,#3534,#3535,#3536));
#448=EDGE_LOOP('',(#3537,#3538,#3539,#3540));
#449=EDGE_LOOP('',(#3541,#3542,#3543,#3544));
#450=EDGE_LOOP('',(#3545,#3546,#3547,#3548,#3549,#3550,#3551,#3552,#3553,
#3554,#3555,#3556,#3557,#3558,#3559,#3560));
#451=EDGE_LOOP('',(#3561,#3562,#3563,#3564));
#452=EDGE_LOOP('',(#3565,#3566,#3567,#3568));
#453=EDGE_LOOP('',(#3569,#3570,#3571,#3572));
#454=EDGE_LOOP('',(#3573,#3574,#3575,#3576,#3577,#3578,#3579,#3580));
#455=EDGE_LOOP('',(#3581,#3582,#3583,#3584));
#456=EDGE_LOOP('',(#3585,#3586,#3587,#3588));
#457=EDGE_LOOP('',(#3589,#3590,#3591,#3592));
#458=EDGE_LOOP('',(#3593,#3594,#3595,#3596));
#459=EDGE_LOOP('',(#3597,#3598,#3599,#3600));
#460=EDGE_LOOP('',(#3601,#3602,#3603,#3604));
#461=EDGE_LOOP('',(#3605,#3606,#3607,#3608));
#462=EDGE_LOOP('',(#3609,#3610,#3611,#3612));
#463=EDGE_LOOP('',(#3613,#3614,#3615,#3616,#3617,#3618,#3619,#3620,#3621,
#3622,#3623,#3624));
#464=EDGE_LOOP('',(#3625,#3626,#3627,#3628));
#465=EDGE_LOOP('',(#3629,#3630,#3631,#3632));
#466=EDGE_LOOP('',(#3633,#3634,#3635,#3636));
#467=EDGE_LOOP('',(#3637,#3638,#3639,#3640));
#468=EDGE_LOOP('',(#3641,#3642,#3643,#3644));
#469=EDGE_LOOP('',(#3645,#3646,#3647,#3648));
#470=EDGE_LOOP('',(#3649,#3650,#3651,#3652));
#471=EDGE_LOOP('',(#3653,#3654,#3655,#3656));
#472=EDGE_LOOP('',(#3657,#3658,#3659,#3660));
#473=EDGE_LOOP('',(#3661,#3662,#3663,#3664));
#474=EDGE_LOOP('',(#3665,#3666,#3667,#3668));
#475=EDGE_LOOP('',(#3669,#3670,#3671,#3672));
#476=EDGE_LOOP('',(#3673,#3674,#3675,#3676));
#477=EDGE_LOOP('',(#3677,#3678,#3679,#3680));
#478=EDGE_LOOP('',(#3681,#3682,#3683,#3684));
#479=EDGE_LOOP('',(#3685,#3686,#3687,#3688));
#480=EDGE_LOOP('',(#3689,#3690,#3691,#3692));
#481=EDGE_LOOP('',(#3693,#3694,#3695,#3696));
#482=EDGE_LOOP('',(#3697,#3698,#3699,#3700));
#483=EDGE_LOOP('',(#3701,#3702,#3703,#3704));
#484=EDGE_LOOP('',(#3705,#3706,#3707,#3708));
#485=EDGE_LOOP('',(#3709,#3710,#3711,#3712));
#486=EDGE_LOOP('',(#3713,#3714,#3715,#3716));
#487=EDGE_LOOP('',(#3717,#3718,#3719,#3720));
#488=EDGE_LOOP('',(#3721,#3722,#3723,#3724));
#489=EDGE_LOOP('',(#3725,#3726,#3727,#3728));
#490=EDGE_LOOP('',(#3729,#3730,#3731,#3732));
#491=EDGE_LOOP('',(#3733,#3734,#3735,#3736));
#492=EDGE_LOOP('',(#3737,#3738,#3739,#3740));
#493=EDGE_LOOP('',(#3741,#3742,#3743,#3744));
#494=EDGE_LOOP('',(#3745,#3746,#3747,#3748));
#495=EDGE_LOOP('',(#3749,#3750,#3751,#3752));
#496=EDGE_LOOP('',(#3753,#3754,#3755,#3756));
#497=EDGE_LOOP('',(#3757,#3758,#3759,#3760));
#498=EDGE_LOOP('',(#3761,#3762,#3763,#3764));
#499=EDGE_LOOP('',(#3765,#3766,#3767,#3768));
#500=EDGE_LOOP('',(#3769,#3770,#3771,#3772));
#501=EDGE_LOOP('',(#3773,#3774,#3775,#3776));
#502=EDGE_LOOP('',(#3777,#3778,#3779,#3780));
#503=EDGE_LOOP('',(#3781,#3782,#3783,#3784));
#504=EDGE_LOOP('',(#3785,#3786,#3787,#3788));
#505=EDGE_LOOP('',(#3789,#3790,#3791,#3792));
#506=EDGE_LOOP('',(#3793,#3794,#3795,#3796));
#507=EDGE_LOOP('',(#3797,#3798,#3799,#3800));
#508=EDGE_LOOP('',(#3801,#3802,#3803,#3804));
#509=EDGE_LOOP('',(#3805,#3806,#3807,#3808));
#510=EDGE_LOOP('',(#3809,#3810,#3811,#3812));
#511=EDGE_LOOP('',(#3813,#3814,#3815,#3816));
#512=EDGE_LOOP('',(#3817,#3818,#3819,#3820));
#513=EDGE_LOOP('',(#3821,#3822,#3823,#3824));
#514=EDGE_LOOP('',(#3825,#3826,#3827,#3828));
#515=EDGE_LOOP('',(#3829,#3830,#3831,#3832));
#516=EDGE_LOOP('',(#3833,#3834,#3835,#3836));
#517=EDGE_LOOP('',(#3837,#3838,#3839,#3840));
#518=EDGE_LOOP('',(#3841,#3842,#3843,#3844));
#519=EDGE_LOOP('',(#3845,#3846,#3847,#3848));
#520=EDGE_LOOP('',(#3849,#3850,#3851,#3852));
#521=EDGE_LOOP('',(#3853,#3854,#3855,#3856));
#522=EDGE_LOOP('',(#3857,#3858,#3859,#3860));
#523=EDGE_LOOP('',(#3861,#3862,#3863,#3864));
#524=EDGE_LOOP('',(#3865,#3866,#3867,#3868));
#525=EDGE_LOOP('',(#3869,#3870,#3871,#3872));
#526=EDGE_LOOP('',(#3873,#3874,#3875,#3876));
#527=EDGE_LOOP('',(#3877,#3878,#3879,#3880));
#528=EDGE_LOOP('',(#3881,#3882,#3883,#3884));
#529=EDGE_LOOP('',(#3885,#3886,#3887,#3888));
#530=EDGE_LOOP('',(#3889,#3890,#3891,#3892));
#531=EDGE_LOOP('',(#3893,#3894,#3895,#3896));
#532=EDGE_LOOP('',(#3897,#3898,#3899,#3900));
#533=EDGE_LOOP('',(#3901,#3902,#3903,#3904));
#534=EDGE_LOOP('',(#3905,#3906,#3907,#3908));
#535=EDGE_LOOP('',(#3909,#3910,#3911,#3912));
#536=EDGE_LOOP('',(#3913,#3914,#3915,#3916));
#537=EDGE_LOOP('',(#3917,#3918,#3919,#3920));
#538=EDGE_LOOP('',(#3921,#3922,#3923,#3924));
#539=EDGE_LOOP('',(#3925,#3926,#3927,#3928));
#540=EDGE_LOOP('',(#3929,#3930,#3931,#3932));
#541=EDGE_LOOP('',(#3933,#3934,#3935,#3936));
#542=EDGE_LOOP('',(#3937,#3938,#3939,#3940));
#543=EDGE_LOOP('',(#3941,#3942,#3943,#3944));
#544=EDGE_LOOP('',(#3945,#3946,#3947,#3948));
#545=EDGE_LOOP('',(#3949,#3950,#3951,#3952));
#546=EDGE_LOOP('',(#3953,#3954,#3955,#3956));
#547=EDGE_LOOP('',(#3957,#3958,#3959,#3960));
#548=EDGE_LOOP('',(#3961,#3962,#3963,#3964));
#549=EDGE_LOOP('',(#3965,#3966,#3967,#3968));
#550=EDGE_LOOP('',(#3969,#3970,#3971,#3972));
#551=EDGE_LOOP('',(#3973,#3974,#3975,#3976));
#552=EDGE_LOOP('',(#3977,#3978,#3979,#3980));
#553=EDGE_LOOP('',(#3981,#3982,#3983,#3984));
#554=EDGE_LOOP('',(#3985,#3986,#3987,#3988));
#555=EDGE_LOOP('',(#3989,#3990,#3991,#3992));
#556=EDGE_LOOP('',(#3993,#3994,#3995,#3996));
#557=EDGE_LOOP('',(#3997,#3998,#3999,#4000));
#558=EDGE_LOOP('',(#4001,#4002,#4003,#4004));
#559=EDGE_LOOP('',(#4005,#4006,#4007,#4008));
#560=EDGE_LOOP('',(#4009,#4010,#4011,#4012));
#561=EDGE_LOOP('',(#4013,#4014,#4015,#4016));
#562=EDGE_LOOP('',(#4017,#4018,#4019,#4020));
#563=EDGE_LOOP('',(#4021,#4022,#4023,#4024));
#564=EDGE_LOOP('',(#4025,#4026,#4027,#4028));
#565=EDGE_LOOP('',(#4029,#4030,#4031,#4032));
#566=EDGE_LOOP('',(#4033,#4034,#4035,#4036));
#567=EDGE_LOOP('',(#4037,#4038,#4039,#4040));
#568=EDGE_LOOP('',(#4041,#4042,#4043,#4044));
#569=EDGE_LOOP('',(#4045,#4046,#4047,#4048));
#570=EDGE_LOOP('',(#4049,#4050,#4051,#4052));
#571=EDGE_LOOP('',(#4053,#4054,#4055,#4056));
#572=EDGE_LOOP('',(#4057,#4058,#4059,#4060));
#573=EDGE_LOOP('',(#4061,#4062,#4063,#4064));
#574=EDGE_LOOP('',(#4065,#4066,#4067,#4068));
#575=EDGE_LOOP('',(#4069,#4070,#4071,#4072));
#576=EDGE_LOOP('',(#4073,#4074,#4075,#4076));
#577=EDGE_LOOP('',(#4077,#4078,#4079,#4080));
#578=EDGE_LOOP('',(#4081,#4082,#4083,#4084));
#579=EDGE_LOOP('',(#4085,#4086,#4087,#4088));
#580=EDGE_LOOP('',(#4089,#4090,#4091,#4092));
#581=EDGE_LOOP('',(#4093,#4094,#4095,#4096));
#582=EDGE_LOOP('',(#4097,#4098,#4099,#4100));
#583=EDGE_LOOP('',(#4101,#4102,#4103,#4104));
#584=EDGE_LOOP('',(#4105,#4106,#4107,#4108));
#585=EDGE_LOOP('',(#4109,#4110,#4111,#4112));
#586=EDGE_LOOP('',(#4113,#4114,#4115,#4116));
#587=EDGE_LOOP('',(#4117,#4118,#4119,#4120));
#588=EDGE_LOOP('',(#4121,#4122,#4123,#4124));
#589=EDGE_LOOP('',(#4125,#4126,#4127,#4128));
#590=EDGE_LOOP('',(#4129,#4130,#4131,#4132));
#591=EDGE_LOOP('',(#4133,#4134,#4135,#4136));
#592=EDGE_LOOP('',(#4137,#4138,#4139,#4140));
#593=EDGE_LOOP('',(#4141,#4142,#4143,#4144));
#594=EDGE_LOOP('',(#4145,#4146,#4147,#4148));
#595=EDGE_LOOP('',(#4149,#4150,#4151,#4152));
#596=EDGE_LOOP('',(#4153,#4154,#4155,#4156));
#597=EDGE_LOOP('',(#4157,#4158,#4159,#4160));
#598=EDGE_LOOP('',(#4161,#4162,#4163,#4164));
#599=EDGE_LOOP('',(#4165,#4166,#4167,#4168));
#600=EDGE_LOOP('',(#4169,#4170,#4171,#4172));
#601=EDGE_LOOP('',(#4173,#4174,#4175,#4176));
#602=EDGE_LOOP('',(#4177,#4178,#4179,#4180));
#603=EDGE_LOOP('',(#4181,#4182,#4183,#4184));
#604=EDGE_LOOP('',(#4185,#4186,#4187,#4188));
#605=EDGE_LOOP('',(#4189,#4190,#4191,#4192));
#606=EDGE_LOOP('',(#4193,#4194,#4195,#4196));
#607=EDGE_LOOP('',(#4197,#4198,#4199,#4200));
#608=EDGE_LOOP('',(#4201,#4202,#4203,#4204));
#609=EDGE_LOOP('',(#4205,#4206,#4207,#4208));
#610=EDGE_LOOP('',(#4209,#4210,#4211,#4212));
#611=EDGE_LOOP('',(#4213,#4214,#4215,#4216));
#612=EDGE_LOOP('',(#4217,#4218,#4219,#4220));
#613=EDGE_LOOP('',(#4221,#4222,#4223,#4224));
#614=EDGE_LOOP('',(#4225,#4226,#4227,#4228));
#615=EDGE_LOOP('',(#4229,#4230,#4231,#4232));
#616=EDGE_LOOP('',(#4233,#4234,#4235,#4236));
#617=EDGE_LOOP('',(#4237,#4238,#4239,#4240));
#618=EDGE_LOOP('',(#4241,#4242,#4243,#4244));
#619=EDGE_LOOP('',(#4245,#4246,#4247,#4248));
#620=EDGE_LOOP('',(#4249,#4250,#4251,#4252));
#621=EDGE_LOOP('',(#4253,#4254,#4255,#4256));
#622=EDGE_LOOP('',(#4257,#4258,#4259,#4260));
#623=EDGE_LOOP('',(#4261,#4262,#4263,#4264));
#624=EDGE_LOOP('',(#4265,#4266,#4267,#4268));
#625=EDGE_LOOP('',(#4269,#4270,#4271,#4272));
#626=EDGE_LOOP('',(#4273,#4274,#4275,#4276));
#627=EDGE_LOOP('',(#4277,#4278,#4279,#4280));
#628=EDGE_LOOP('',(#4281,#4282,#4283,#4284));
#629=EDGE_LOOP('',(#4285,#4286,#4287,#4288));
#630=EDGE_LOOP('',(#4289,#4290,#4291,#4292));
#631=EDGE_LOOP('',(#4293,#4294,#4295,#4296));
#632=EDGE_LOOP('',(#4297,#4298,#4299,#4300));
#633=EDGE_LOOP('',(#4301,#4302,#4303,#4304));
#634=EDGE_LOOP('',(#4305,#4306,#4307,#4308));
#635=EDGE_LOOP('',(#4309,#4310,#4311,#4312));
#636=EDGE_LOOP('',(#4313,#4314,#4315,#4316));
#637=EDGE_LOOP('',(#4317,#4318,#4319,#4320));
#638=EDGE_LOOP('',(#4321,#4322,#4323,#4324));
#639=EDGE_LOOP('',(#4325,#4326,#4327,#4328));
#640=EDGE_LOOP('',(#4329,#4330,#4331,#4332));
#641=EDGE_LOOP('',(#4333,#4334,#4335,#4336));
#642=EDGE_LOOP('',(#4337,#4338,#4339,#4340));
#643=EDGE_LOOP('',(#4341,#4342,#4343,#4344));
#644=EDGE_LOOP('',(#4345,#4346,#4347,#4348));
#645=EDGE_LOOP('',(#4349,#4350,#4351,#4352));
#646=EDGE_LOOP('',(#4353,#4354,#4355,#4356));
#647=EDGE_LOOP('',(#4357,#4358,#4359,#4360));
#648=EDGE_LOOP('',(#4361,#4362,#4363,#4364));
#649=EDGE_LOOP('',(#4365,#4366,#4367,#4368));
#650=EDGE_LOOP('',(#4369,#4370,#4371,#4372));
#651=EDGE_LOOP('',(#4373,#4374,#4375,#4376));
#652=EDGE_LOOP('',(#4377,#4378,#4379,#4380));
#653=EDGE_LOOP('',(#4381,#4382,#4383,#4384));
#654=EDGE_LOOP('',(#4385,#4386,#4387,#4388));
#655=EDGE_LOOP('',(#4389,#4390,#4391,#4392));
#656=EDGE_LOOP('',(#4393,#4394,#4395,#4396));
#657=EDGE_LOOP('',(#4397,#4398,#4399,#4400));
#658=EDGE_LOOP('',(#4401,#4402,#4403,#4404));
#659=EDGE_LOOP('',(#4405,#4406,#4407,#4408));
#660=EDGE_LOOP('',(#4409,#4410,#4411,#4412));
#661=EDGE_LOOP('',(#4413,#4414,#4415,#4416));
#662=EDGE_LOOP('',(#4417,#4418,#4419,#4420));
#663=EDGE_LOOP('',(#4421,#4422,#4423,#4424));
#664=EDGE_LOOP('',(#4425,#4426,#4427,#4428));
#665=EDGE_LOOP('',(#4429,#4430,#4431,#4432));
#666=EDGE_LOOP('',(#4433,#4434,#4435,#4436));
#667=EDGE_LOOP('',(#4437,#4438,#4439,#4440));
#668=EDGE_LOOP('',(#4441,#4442,#4443,#4444));
#669=EDGE_LOOP('',(#4445,#4446,#4447,#4448));
#670=EDGE_LOOP('',(#4449,#4450,#4451,#4452));
#671=EDGE_LOOP('',(#4453,#4454,#4455,#4456));
#672=EDGE_LOOP('',(#4457,#4458,#4459,#4460));
#673=EDGE_LOOP('',(#4461,#4462,#4463,#4464));
#674=EDGE_LOOP('',(#4465,#4466,#4467,#4468));
#675=EDGE_LOOP('',(#4469,#4470,#4471,#4472));
#676=EDGE_LOOP('',(#4473,#4474,#4475,#4476));
#677=EDGE_LOOP('',(#4477,#4478,#4479,#4480));
#678=EDGE_LOOP('',(#4481,#4482,#4483,#4484));
#679=EDGE_LOOP('',(#4485,#4486,#4487,#4488));
#680=EDGE_LOOP('',(#4489,#4490,#4491,#4492));
#681=EDGE_LOOP('',(#4493,#4494,#4495,#4496));
#682=EDGE_LOOP('',(#4497,#4498,#4499,#4500));
#683=EDGE_LOOP('',(#4501,#4502,#4503,#4504));
#684=EDGE_LOOP('',(#4505,#4506,#4507,#4508));
#685=EDGE_LOOP('',(#4509,#4510,#4511,#4512));
#686=EDGE_LOOP('',(#4513,#4514,#4515,#4516));
#687=EDGE_LOOP('',(#4517,#4518,#4519,#4520));
#688=EDGE_LOOP('',(#4521,#4522,#4523,#4524));
#689=EDGE_LOOP('',(#4525,#4526,#4527,#4528));
#690=EDGE_LOOP('',(#4529,#4530,#4531,#4532));
#691=EDGE_LOOP('',(#4533,#4534,#4535,#4536));
#692=EDGE_LOOP('',(#4537,#4538,#4539,#4540));
#693=EDGE_LOOP('',(#4541,#4542,#4543,#4544));
#694=EDGE_LOOP('',(#4545,#4546,#4547,#4548));
#695=EDGE_LOOP('',(#4549,#4550,#4551,#4552));
#696=EDGE_LOOP('',(#4553,#4554,#4555,#4556));
#697=EDGE_LOOP('',(#4557,#4558,#4559,#4560));
#698=EDGE_LOOP('',(#4561,#4562,#4563,#4564));
#699=EDGE_LOOP('',(#4565,#4566,#4567,#4568));
#700=EDGE_LOOP('',(#4569,#4570,#4571,#4572));
#701=EDGE_LOOP('',(#4573,#4574,#4575,#4576));
#702=EDGE_LOOP('',(#4577,#4578,#4579,#4580));
#703=EDGE_LOOP('',(#4581,#4582,#4583,#4584));
#704=EDGE_LOOP('',(#4585,#4586,#4587,#4588));
#705=EDGE_LOOP('',(#4589,#4590,#4591,#4592));
#706=EDGE_LOOP('',(#4593,#4594,#4595,#4596));
#707=EDGE_LOOP('',(#4597,#4598,#4599,#4600));
#708=EDGE_LOOP('',(#4601,#4602,#4603,#4604));
#709=EDGE_LOOP('',(#4605,#4606,#4607,#4608));
#710=EDGE_LOOP('',(#4609,#4610,#4611,#4612));
#711=EDGE_LOOP('',(#4613,#4614,#4615,#4616));
#712=EDGE_LOOP('',(#4617,#4618,#4619,#4620));
#713=EDGE_LOOP('',(#4621,#4622,#4623,#4624));
#714=EDGE_LOOP('',(#4625,#4626,#4627,#4628));
#715=EDGE_LOOP('',(#4629,#4630,#4631,#4632));
#716=EDGE_LOOP('',(#4633,#4634,#4635,#4636));
#717=EDGE_LOOP('',(#4637,#4638,#4639,#4640));
#718=EDGE_LOOP('',(#4641,#4642,#4643,#4644));
#719=EDGE_LOOP('',(#4645,#4646,#4647,#4648));
#720=EDGE_LOOP('',(#4649,#4650,#4651,#4652));
#721=EDGE_LOOP('',(#4653,#4654,#4655,#4656));
#722=EDGE_LOOP('',(#4657,#4658,#4659,#4660));
#723=EDGE_LOOP('',(#4661,#4662,#4663,#4664));
#724=EDGE_LOOP('',(#4665,#4666,#4667,#4668));
#725=EDGE_LOOP('',(#4669,#4670,#4671,#4672));
#726=EDGE_LOOP('',(#4673,#4674,#4675,#4676));
#727=EDGE_LOOP('',(#4677,#4678,#4679,#4680));
#728=EDGE_LOOP('',(#4681,#4682,#4683,#4684));
#729=EDGE_LOOP('',(#4685,#4686,#4687,#4688));
#730=EDGE_LOOP('',(#4689,#4690,#4691,#4692));
#731=EDGE_LOOP('',(#4693,#4694,#4695,#4696));
#732=EDGE_LOOP('',(#4697,#4698,#4699,#4700));
#733=EDGE_LOOP('',(#4701,#4702,#4703,#4704));
#734=EDGE_LOOP('',(#4705,#4706,#4707,#4708));
#735=LINE('',#6914,#1437);
#736=LINE('',#6916,#1438);
#737=LINE('',#6918,#1439);
#738=LINE('',#6919,#1440);
#739=LINE('',#6922,#1441);
#740=LINE('',#6924,#1442);
#741=LINE('',#6925,#1443);
#742=LINE('',#6928,#1444);
#743=LINE('',#6930,#1445);
#744=LINE('',#6931,#1446);
#745=LINE('',#6933,#1447);
#746=LINE('',#6934,#1448);
#747=LINE('',#6940,#1449);
#748=LINE('',#6942,#1450);
#749=LINE('',#6944,#1451);
#750=LINE('',#6945,#1452);
#751=LINE('',#6949,#1453);
#752=LINE('',#6951,#1454);
#753=LINE('',#6953,#1455);
#754=LINE('',#6954,#1456);
#755=LINE('',#6958,#1457);
#756=LINE('',#6960,#1458);
#757=LINE('',#6962,#1459);
#758=LINE('',#6963,#1460);
#759=LINE('',#6966,#1461);
#760=LINE('',#6968,#1462);
#761=LINE('',#6970,#1463);
#762=LINE('',#6971,#1464);
#763=LINE('',#6973,#1465);
#764=LINE('',#6974,#1466);
#765=LINE('',#6977,#1467);
#766=LINE('',#6979,#1468);
#767=LINE('',#6980,#1469);
#768=LINE('',#6983,#1470);
#769=LINE('',#6984,#1471);
#770=LINE('',#6987,#1472);
#771=LINE('',#6988,#1473);
#772=LINE('',#6990,#1474);
#773=LINE('',#6994,#1475);
#774=LINE('',#6996,#1476);
#775=LINE('',#6998,#1477);
#776=LINE('',#6999,#1478);
#777=LINE('',#7003,#1479);
#778=LINE('',#7005,#1480);
#779=LINE('',#7006,#1481);
#780=LINE('',#7009,#1482);
#781=LINE('',#7010,#1483);
#782=LINE('',#7013,#1484);
#783=LINE('',#7014,#1485);
#784=LINE('',#7016,#1486);
#785=LINE('',#7021,#1487);
#786=LINE('',#7023,#1488);
#787=LINE('',#7025,#1489);
#788=LINE('',#7026,#1490);
#789=LINE('',#7030,#1491);
#790=LINE('',#7032,#1492);
#791=LINE('',#7034,#1493);
#792=LINE('',#7035,#1494);
#793=LINE('',#7039,#1495);
#794=LINE('',#7041,#1496);
#795=LINE('',#7043,#1497);
#796=LINE('',#7044,#1498);
#797=LINE('',#7048,#1499);
#798=LINE('',#7050,#1500);
#799=LINE('',#7052,#1501);
#800=LINE('',#7053,#1502);
#801=LINE('',#7071,#1503);
#802=LINE('',#7073,#1504);
#803=LINE('',#7075,#1505);
#804=LINE('',#7076,#1506);
#805=LINE('',#7079,#1507);
#806=LINE('',#7081,#1508);
#807=LINE('',#7082,#1509);
#808=LINE('',#7085,#1510);
#809=LINE('',#7087,#1511);
#810=LINE('',#7088,#1512);
#811=LINE('',#7090,#1513);
#812=LINE('',#7091,#1514);
#813=LINE('',#7097,#1515);
#814=LINE('',#7099,#1516);
#815=LINE('',#7101,#1517);
#816=LINE('',#7102,#1518);
#817=LINE('',#7105,#1519);
#818=LINE('',#7107,#1520);
#819=LINE('',#7108,#1521);
#820=LINE('',#7111,#1522);
#821=LINE('',#7113,#1523);
#822=LINE('',#7114,#1524);
#823=LINE('',#7116,#1525);
#824=LINE('',#7117,#1526);
#825=LINE('',#7123,#1527);
#826=LINE('',#7125,#1528);
#827=LINE('',#7127,#1529);
#828=LINE('',#7128,#1530);
#829=LINE('',#7131,#1531);
#830=LINE('',#7133,#1532);
#831=LINE('',#7134,#1533);
#832=LINE('',#7137,#1534);
#833=LINE('',#7139,#1535);
#834=LINE('',#7140,#1536);
#835=LINE('',#7142,#1537);
#836=LINE('',#7143,#1538);
#837=LINE('',#7149,#1539);
#838=LINE('',#7151,#1540);
#839=LINE('',#7153,#1541);
#840=LINE('',#7154,#1542);
#841=LINE('',#7157,#1543);
#842=LINE('',#7159,#1544);
#843=LINE('',#7160,#1545);
#844=LINE('',#7163,#1546);
#845=LINE('',#7165,#1547);
#846=LINE('',#7166,#1548);
#847=LINE('',#7168,#1549);
#848=LINE('',#7169,#1550);
#849=LINE('',#7175,#1551);
#850=LINE('',#7177,#1552);
#851=LINE('',#7179,#1553);
#852=LINE('',#7180,#1554);
#853=LINE('',#7184,#1555);
#854=LINE('',#7186,#1556);
#855=LINE('',#7188,#1557);
#856=LINE('',#7189,#1558);
#857=LINE('',#7192,#1559);
#858=LINE('',#7194,#1560);
#859=LINE('',#7195,#1561);
#860=LINE('',#7198,#1562);
#861=LINE('',#7199,#1563);
#862=LINE('',#7201,#1564);
#863=LINE('',#7203,#1565);
#864=LINE('',#7205,#1566);
#865=LINE('',#7207,#1567);
#866=LINE('',#7209,#1568);
#867=LINE('',#7211,#1569);
#868=LINE('',#7213,#1570);
#869=LINE('',#7215,#1571);
#870=LINE('',#7217,#1572);
#871=LINE('',#7219,#1573);
#872=LINE('',#7220,#1574);
#873=LINE('',#7223,#1575);
#874=LINE('',#7224,#1576);
#875=LINE('',#7227,#1577);
#876=LINE('',#7228,#1578);
#877=LINE('',#7230,#1579);
#878=LINE('',#7233,#1580);
#879=LINE('',#7234,#1581);
#880=LINE('',#7237,#1582);
#881=LINE('',#7239,#1583);
#882=LINE('',#7240,#1584);
#883=LINE('',#7243,#1585);
#884=LINE('',#7244,#1586);
#885=LINE('',#7247,#1587);
#886=LINE('',#7248,#1588);
#887=LINE('',#7250,#1589);
#888=LINE('',#7253,#1590);
#889=LINE('',#7255,#1591);
#890=LINE('',#7256,#1592);
#891=LINE('',#7259,#1593);
#892=LINE('',#7260,#1594);
#893=LINE('',#7263,#1595);
#894=LINE('',#7264,#1596);
#895=LINE('',#7266,#1597);
#896=LINE('',#7268,#1598);
#897=LINE('',#7273,#1599);
#898=LINE('',#7275,#1600);
#899=LINE('',#7277,#1601);
#900=LINE('',#7278,#1602);
#901=LINE('',#7282,#1603);
#902=LINE('',#7283,#1604);
#903=LINE('',#7284,#1605);
#904=LINE('',#7288,#1606);
#905=LINE('',#7289,#1607);
#906=LINE('',#7290,#1608);
#907=LINE('',#7292,#1609);
#908=LINE('',#7293,#1610);
#909=LINE('',#7297,#1611);
#910=LINE('',#7299,#1612);
#911=LINE('',#7301,#1613);
#912=LINE('',#7302,#1614);
#913=LINE('',#7305,#1615);
#914=LINE('',#7307,#1616);
#915=LINE('',#7309,#1617);
#916=LINE('',#7310,#1618);
#917=LINE('',#7313,#1619);
#918=LINE('',#7315,#1620);
#919=LINE('',#7317,#1621);
#920=LINE('',#7318,#1622);
#921=LINE('',#7321,#1623);
#922=LINE('',#7323,#1624);
#923=LINE('',#7325,#1625);
#924=LINE('',#7326,#1626);
#925=LINE('',#7329,#1627);
#926=LINE('',#7331,#1628);
#927=LINE('',#7333,#1629);
#928=LINE('',#7334,#1630);
#929=LINE('',#7337,#1631);
#930=LINE('',#7339,#1632);
#931=LINE('',#7341,#1633);
#932=LINE('',#7342,#1634);
#933=LINE('',#7345,#1635);
#934=LINE('',#7347,#1636);
#935=LINE('',#7349,#1637);
#936=LINE('',#7350,#1638);
#937=LINE('',#7353,#1639);
#938=LINE('',#7355,#1640);
#939=LINE('',#7357,#1641);
#940=LINE('',#7358,#1642);
#941=LINE('',#7361,#1643);
#942=LINE('',#7363,#1644);
#943=LINE('',#7365,#1645);
#944=LINE('',#7366,#1646);
#945=LINE('',#7369,#1647);
#946=LINE('',#7371,#1648);
#947=LINE('',#7373,#1649);
#948=LINE('',#7374,#1650);
#949=LINE('',#7377,#1651);
#950=LINE('',#7379,#1652);
#951=LINE('',#7381,#1653);
#952=LINE('',#7382,#1654);
#953=LINE('',#7385,#1655);
#954=LINE('',#7387,#1656);
#955=LINE('',#7389,#1657);
#956=LINE('',#7390,#1658);
#957=LINE('',#7393,#1659);
#958=LINE('',#7395,#1660);
#959=LINE('',#7397,#1661);
#960=LINE('',#7398,#1662);
#961=LINE('',#7401,#1663);
#962=LINE('',#7403,#1664);
#963=LINE('',#7405,#1665);
#964=LINE('',#7406,#1666);
#965=LINE('',#7409,#1667);
#966=LINE('',#7411,#1668);
#967=LINE('',#7413,#1669);
#968=LINE('',#7414,#1670);
#969=LINE('',#7417,#1671);
#970=LINE('',#7419,#1672);
#971=LINE('',#7421,#1673);
#972=LINE('',#7422,#1674);
#973=LINE('',#7425,#1675);
#974=LINE('',#7427,#1676);
#975=LINE('',#7429,#1677);
#976=LINE('',#7430,#1678);
#977=LINE('',#7433,#1679);
#978=LINE('',#7435,#1680);
#979=LINE('',#7437,#1681);
#980=LINE('',#7438,#1682);
#981=LINE('',#7441,#1683);
#982=LINE('',#7443,#1684);
#983=LINE('',#7445,#1685);
#984=LINE('',#7446,#1686);
#985=LINE('',#7449,#1687);
#986=LINE('',#7451,#1688);
#987=LINE('',#7453,#1689);
#988=LINE('',#7454,#1690);
#989=LINE('',#7457,#1691);
#990=LINE('',#7459,#1692);
#991=LINE('',#7461,#1693);
#992=LINE('',#7462,#1694);
#993=LINE('',#7465,#1695);
#994=LINE('',#7467,#1696);
#995=LINE('',#7469,#1697);
#996=LINE('',#7470,#1698);
#997=LINE('',#7473,#1699);
#998=LINE('',#7475,#1700);
#999=LINE('',#7477,#1701);
#1000=LINE('',#7478,#1702);
#1001=LINE('',#7481,#1703);
#1002=LINE('',#7483,#1704);
#1003=LINE('',#7485,#1705);
#1004=LINE('',#7486,#1706);
#1005=LINE('',#7489,#1707);
#1006=LINE('',#7491,#1708);
#1007=LINE('',#7493,#1709);
#1008=LINE('',#7494,#1710);
#1009=LINE('',#7497,#1711);
#1010=LINE('',#7499,#1712);
#1011=LINE('',#7501,#1713);
#1012=LINE('',#7502,#1714);
#1013=LINE('',#7505,#1715);
#1014=LINE('',#7507,#1716);
#1015=LINE('',#7509,#1717);
#1016=LINE('',#7510,#1718);
#1017=LINE('',#7514,#1719);
#1018=LINE('',#7516,#1720);
#1019=LINE('',#7518,#1721);
#1020=LINE('',#7519,#1722);
#1021=LINE('',#7522,#1723);
#1022=LINE('',#7524,#1724);
#1023=LINE('',#7526,#1725);
#1024=LINE('',#7527,#1726);
#1025=LINE('',#7530,#1727);
#1026=LINE('',#7532,#1728);
#1027=LINE('',#7534,#1729);
#1028=LINE('',#7535,#1730);
#1029=LINE('',#7538,#1731);
#1030=LINE('',#7540,#1732);
#1031=LINE('',#7542,#1733);
#1032=LINE('',#7543,#1734);
#1033=LINE('',#7546,#1735);
#1034=LINE('',#7548,#1736);
#1035=LINE('',#7550,#1737);
#1036=LINE('',#7551,#1738);
#1037=LINE('',#7554,#1739);
#1038=LINE('',#7556,#1740);
#1039=LINE('',#7558,#1741);
#1040=LINE('',#7559,#1742);
#1041=LINE('',#7562,#1743);
#1042=LINE('',#7564,#1744);
#1043=LINE('',#7566,#1745);
#1044=LINE('',#7567,#1746);
#1045=LINE('',#7570,#1747);
#1046=LINE('',#7572,#1748);
#1047=LINE('',#7574,#1749);
#1048=LINE('',#7575,#1750);
#1049=LINE('',#7578,#1751);
#1050=LINE('',#7580,#1752);
#1051=LINE('',#7582,#1753);
#1052=LINE('',#7583,#1754);
#1053=LINE('',#7586,#1755);
#1054=LINE('',#7588,#1756);
#1055=LINE('',#7590,#1757);
#1056=LINE('',#7591,#1758);
#1057=LINE('',#7594,#1759);
#1058=LINE('',#7596,#1760);
#1059=LINE('',#7598,#1761);
#1060=LINE('',#7599,#1762);
#1061=LINE('',#7602,#1763);
#1062=LINE('',#7604,#1764);
#1063=LINE('',#7606,#1765);
#1064=LINE('',#7607,#1766);
#1065=LINE('',#7610,#1767);
#1066=LINE('',#7612,#1768);
#1067=LINE('',#7614,#1769);
#1068=LINE('',#7615,#1770);
#1069=LINE('',#7618,#1771);
#1070=LINE('',#7620,#1772);
#1071=LINE('',#7622,#1773);
#1072=LINE('',#7623,#1774);
#1073=LINE('',#7626,#1775);
#1074=LINE('',#7628,#1776);
#1075=LINE('',#7630,#1777);
#1076=LINE('',#7631,#1778);
#1077=LINE('',#7634,#1779);
#1078=LINE('',#7636,#1780);
#1079=LINE('',#7638,#1781);
#1080=LINE('',#7639,#1782);
#1081=LINE('',#7642,#1783);
#1082=LINE('',#7644,#1784);
#1083=LINE('',#7646,#1785);
#1084=LINE('',#7647,#1786);
#1085=LINE('',#7650,#1787);
#1086=LINE('',#7652,#1788);
#1087=LINE('',#7654,#1789);
#1088=LINE('',#7655,#1790);
#1089=LINE('',#7658,#1791);
#1090=LINE('',#7660,#1792);
#1091=LINE('',#7662,#1793);
#1092=LINE('',#7663,#1794);
#1093=LINE('',#7666,#1795);
#1094=LINE('',#7668,#1796);
#1095=LINE('',#7670,#1797);
#1096=LINE('',#7671,#1798);
#1097=LINE('',#7674,#1799);
#1098=LINE('',#7676,#1800);
#1099=LINE('',#7678,#1801);
#1100=LINE('',#7679,#1802);
#1101=LINE('',#7682,#1803);
#1102=LINE('',#7684,#1804);
#1103=LINE('',#7686,#1805);
#1104=LINE('',#7687,#1806);
#1105=LINE('',#7690,#1807);
#1106=LINE('',#7692,#1808);
#1107=LINE('',#7694,#1809);
#1108=LINE('',#7695,#1810);
#1109=LINE('',#7698,#1811);
#1110=LINE('',#7700,#1812);
#1111=LINE('',#7702,#1813);
#1112=LINE('',#7703,#1814);
#1113=LINE('',#7706,#1815);
#1114=LINE('',#7708,#1816);
#1115=LINE('',#7710,#1817);
#1116=LINE('',#7711,#1818);
#1117=LINE('',#7714,#1819);
#1118=LINE('',#7716,#1820);
#1119=LINE('',#7718,#1821);
#1120=LINE('',#7719,#1822);
#1121=LINE('',#7722,#1823);
#1122=LINE('',#7724,#1824);
#1123=LINE('',#7725,#1825);
#1124=LINE('',#7728,#1826);
#1125=LINE('',#7729,#1827);
#1126=LINE('',#7732,#1828);
#1127=LINE('',#7733,#1829);
#1128=LINE('',#7735,#1830);
#1129=LINE('',#7738,#1831);
#1130=LINE('',#7740,#1832);
#1131=LINE('',#7741,#1833);
#1132=LINE('',#7744,#1834);
#1133=LINE('',#7745,#1835);
#1134=LINE('',#7748,#1836);
#1135=LINE('',#7749,#1837);
#1136=LINE('',#7751,#1838);
#1137=LINE('',#7754,#1839);
#1138=LINE('',#7756,#1840);
#1139=LINE('',#7757,#1841);
#1140=LINE('',#7760,#1842);
#1141=LINE('',#7761,#1843);
#1142=LINE('',#7764,#1844);
#1143=LINE('',#7765,#1845);
#1144=LINE('',#7767,#1846);
#1145=LINE('',#7770,#1847);
#1146=LINE('',#7772,#1848);
#1147=LINE('',#7773,#1849);
#1148=LINE('',#7776,#1850);
#1149=LINE('',#7777,#1851);
#1150=LINE('',#7780,#1852);
#1151=LINE('',#7781,#1853);
#1152=LINE('',#7783,#1854);
#1153=LINE('',#7786,#1855);
#1154=LINE('',#7788,#1856);
#1155=LINE('',#7789,#1857);
#1156=LINE('',#7792,#1858);
#1157=LINE('',#7793,#1859);
#1158=LINE('',#7796,#1860);
#1159=LINE('',#7797,#1861);
#1160=LINE('',#7799,#1862);
#1161=LINE('',#7802,#1863);
#1162=LINE('',#7804,#1864);
#1163=LINE('',#7805,#1865);
#1164=LINE('',#7808,#1866);
#1165=LINE('',#7809,#1867);
#1166=LINE('',#7812,#1868);
#1167=LINE('',#7813,#1869);
#1168=LINE('',#7815,#1870);
#1169=LINE('',#7818,#1871);
#1170=LINE('',#7820,#1872);
#1171=LINE('',#7821,#1873);
#1172=LINE('',#7824,#1874);
#1173=LINE('',#7825,#1875);
#1174=LINE('',#7828,#1876);
#1175=LINE('',#7829,#1877);
#1176=LINE('',#7831,#1878);
#1177=LINE('',#7834,#1879);
#1178=LINE('',#7836,#1880);
#1179=LINE('',#7837,#1881);
#1180=LINE('',#7840,#1882);
#1181=LINE('',#7841,#1883);
#1182=LINE('',#7844,#1884);
#1183=LINE('',#7845,#1885);
#1184=LINE('',#7847,#1886);
#1185=LINE('',#7850,#1887);
#1186=LINE('',#7852,#1888);
#1187=LINE('',#7853,#1889);
#1188=LINE('',#7856,#1890);
#1189=LINE('',#7857,#1891);
#1190=LINE('',#7860,#1892);
#1191=LINE('',#7861,#1893);
#1192=LINE('',#7863,#1894);
#1193=LINE('',#7866,#1895);
#1194=LINE('',#7868,#1896);
#1195=LINE('',#7869,#1897);
#1196=LINE('',#7872,#1898);
#1197=LINE('',#7873,#1899);
#1198=LINE('',#7876,#1900);
#1199=LINE('',#7877,#1901);
#1200=LINE('',#7879,#1902);
#1201=LINE('',#7882,#1903);
#1202=LINE('',#7884,#1904);
#1203=LINE('',#7885,#1905);
#1204=LINE('',#7888,#1906);
#1205=LINE('',#7889,#1907);
#1206=LINE('',#7892,#1908);
#1207=LINE('',#7893,#1909);
#1208=LINE('',#7895,#1910);
#1209=LINE('',#7898,#1911);
#1210=LINE('',#7900,#1912);
#1211=LINE('',#7901,#1913);
#1212=LINE('',#7904,#1914);
#1213=LINE('',#7905,#1915);
#1214=LINE('',#7908,#1916);
#1215=LINE('',#7909,#1917);
#1216=LINE('',#7911,#1918);
#1217=LINE('',#7914,#1919);
#1218=LINE('',#7916,#1920);
#1219=LINE('',#7917,#1921);
#1220=LINE('',#7920,#1922);
#1221=LINE('',#7921,#1923);
#1222=LINE('',#7924,#1924);
#1223=LINE('',#7925,#1925);
#1224=LINE('',#7927,#1926);
#1225=LINE('',#7930,#1927);
#1226=LINE('',#7932,#1928);
#1227=LINE('',#7933,#1929);
#1228=LINE('',#7936,#1930);
#1229=LINE('',#7937,#1931);
#1230=LINE('',#7940,#1932);
#1231=LINE('',#7941,#1933);
#1232=LINE('',#7943,#1934);
#1233=LINE('',#7946,#1935);
#1234=LINE('',#7948,#1936);
#1235=LINE('',#7949,#1937);
#1236=LINE('',#7952,#1938);
#1237=LINE('',#7953,#1939);
#1238=LINE('',#7956,#1940);
#1239=LINE('',#7957,#1941);
#1240=LINE('',#7959,#1942);
#1241=LINE('',#7962,#1943);
#1242=LINE('',#7964,#1944);
#1243=LINE('',#7965,#1945);
#1244=LINE('',#7968,#1946);
#1245=LINE('',#7969,#1947);
#1246=LINE('',#7972,#1948);
#1247=LINE('',#7973,#1949);
#1248=LINE('',#7975,#1950);
#1249=LINE('',#7978,#1951);
#1250=LINE('',#7980,#1952);
#1251=LINE('',#7981,#1953);
#1252=LINE('',#7984,#1954);
#1253=LINE('',#7985,#1955);
#1254=LINE('',#7988,#1956);
#1255=LINE('',#7989,#1957);
#1256=LINE('',#7991,#1958);
#1257=LINE('',#7994,#1959);
#1258=LINE('',#7996,#1960);
#1259=LINE('',#7997,#1961);
#1260=LINE('',#8000,#1962);
#1261=LINE('',#8001,#1963);
#1262=LINE('',#8004,#1964);
#1263=LINE('',#8005,#1965);
#1264=LINE('',#8007,#1966);
#1265=LINE('',#8010,#1967);
#1266=LINE('',#8012,#1968);
#1267=LINE('',#8013,#1969);
#1268=LINE('',#8016,#1970);
#1269=LINE('',#8017,#1971);
#1270=LINE('',#8020,#1972);
#1271=LINE('',#8021,#1973);
#1272=LINE('',#8023,#1974);
#1273=LINE('',#8026,#1975);
#1274=LINE('',#8028,#1976);
#1275=LINE('',#8029,#1977);
#1276=LINE('',#8032,#1978);
#1277=LINE('',#8033,#1979);
#1278=LINE('',#8036,#1980);
#1279=LINE('',#8037,#1981);
#1280=LINE('',#8039,#1982);
#1281=LINE('',#8042,#1983);
#1282=LINE('',#8044,#1984);
#1283=LINE('',#8045,#1985);
#1284=LINE('',#8048,#1986);
#1285=LINE('',#8049,#1987);
#1286=LINE('',#8052,#1988);
#1287=LINE('',#8053,#1989);
#1288=LINE('',#8055,#1990);
#1289=LINE('',#8058,#1991);
#1290=LINE('',#8060,#1992);
#1291=LINE('',#8061,#1993);
#1292=LINE('',#8064,#1994);
#1293=LINE('',#8065,#1995);
#1294=LINE('',#8068,#1996);
#1295=LINE('',#8069,#1997);
#1296=LINE('',#8071,#1998);
#1297=LINE('',#8074,#1999);
#1298=LINE('',#8076,#2000);
#1299=LINE('',#8077,#2001);
#1300=LINE('',#8080,#2002);
#1301=LINE('',#8081,#2003);
#1302=LINE('',#8084,#2004);
#1303=LINE('',#8085,#2005);
#1304=LINE('',#8087,#2006);
#1305=LINE('',#8090,#2007);
#1306=LINE('',#8092,#2008);
#1307=LINE('',#8093,#2009);
#1308=LINE('',#8096,#2010);
#1309=LINE('',#8097,#2011);
#1310=LINE('',#8100,#2012);
#1311=LINE('',#8101,#2013);
#1312=LINE('',#8103,#2014);
#1313=LINE('',#8106,#2015);
#1314=LINE('',#8108,#2016);
#1315=LINE('',#8109,#2017);
#1316=LINE('',#8112,#2018);
#1317=LINE('',#8113,#2019);
#1318=LINE('',#8116,#2020);
#1319=LINE('',#8117,#2021);
#1320=LINE('',#8119,#2022);
#1321=LINE('',#8122,#2023);
#1322=LINE('',#8124,#2024);
#1323=LINE('',#8125,#2025);
#1324=LINE('',#8128,#2026);
#1325=LINE('',#8129,#2027);
#1326=LINE('',#8132,#2028);
#1327=LINE('',#8133,#2029);
#1328=LINE('',#8135,#2030);
#1329=LINE('',#8137,#2031);
#1330=LINE('',#8138,#2032);
#1331=LINE('',#8140,#2033);
#1332=LINE('',#8142,#2034);
#1333=LINE('',#8145,#2035);
#1334=LINE('',#8146,#2036);
#1335=LINE('',#8148,#2037);
#1336=LINE('',#8150,#2038);
#1337=LINE('',#8153,#2039);
#1338=LINE('',#8154,#2040);
#1339=LINE('',#8156,#2041);
#1340=LINE('',#8158,#2042);
#1341=LINE('',#8161,#2043);
#1342=LINE('',#8162,#2044);
#1343=LINE('',#8164,#2045);
#1344=LINE('',#8166,#2046);
#1345=LINE('',#8169,#2047);
#1346=LINE('',#8170,#2048);
#1347=LINE('',#8172,#2049);
#1348=LINE('',#8174,#2050);
#1349=LINE('',#8177,#2051);
#1350=LINE('',#8178,#2052);
#1351=LINE('',#8180,#2053);
#1352=LINE('',#8182,#2054);
#1353=LINE('',#8185,#2055);
#1354=LINE('',#8186,#2056);
#1355=LINE('',#8188,#2057);
#1356=LINE('',#8190,#2058);
#1357=LINE('',#8193,#2059);
#1358=LINE('',#8194,#2060);
#1359=LINE('',#8196,#2061);
#1360=LINE('',#8198,#2062);
#1361=LINE('',#8201,#2063);
#1362=LINE('',#8202,#2064);
#1363=LINE('',#8204,#2065);
#1364=LINE('',#8206,#2066);
#1365=LINE('',#8209,#2067);
#1366=LINE('',#8210,#2068);
#1367=LINE('',#8212,#2069);
#1368=LINE('',#8214,#2070);
#1369=LINE('',#8217,#2071);
#1370=LINE('',#8218,#2072);
#1371=LINE('',#8220,#2073);
#1372=LINE('',#8222,#2074);
#1373=LINE('',#8225,#2075);
#1374=LINE('',#8226,#2076);
#1375=LINE('',#8228,#2077);
#1376=LINE('',#8230,#2078);
#1377=LINE('',#8233,#2079);
#1378=LINE('',#8234,#2080);
#1379=LINE('',#8236,#2081);
#1380=LINE('',#8238,#2082);
#1381=LINE('',#8241,#2083);
#1382=LINE('',#8242,#2084);
#1383=LINE('',#8244,#2085);
#1384=LINE('',#8246,#2086);
#1385=LINE('',#8249,#2087);
#1386=LINE('',#8250,#2088);
#1387=LINE('',#8252,#2089);
#1388=LINE('',#8254,#2090);
#1389=LINE('',#8257,#2091);
#1390=LINE('',#8258,#2092);
#1391=LINE('',#8260,#2093);
#1392=LINE('',#8262,#2094);
#1393=LINE('',#8265,#2095);
#1394=LINE('',#8266,#2096);
#1395=LINE('',#8268,#2097);
#1396=LINE('',#8270,#2098);
#1397=LINE('',#8273,#2099);
#1398=LINE('',#8274,#2100);
#1399=LINE('',#8276,#2101);
#1400=LINE('',#8278,#2102);
#1401=LINE('',#8281,#2103);
#1402=LINE('',#8282,#2104);
#1403=LINE('',#8284,#2105);
#1404=LINE('',#8286,#2106);
#1405=LINE('',#8289,#2107);
#1406=LINE('',#8290,#2108);
#1407=LINE('',#8292,#2109);
#1408=LINE('',#8294,#2110);
#1409=LINE('',#8297,#2111);
#1410=LINE('',#8298,#2112);
#1411=LINE('',#8300,#2113);
#1412=LINE('',#8302,#2114);
#1413=LINE('',#8305,#2115);
#1414=LINE('',#8306,#2116);
#1415=LINE('',#8308,#2117);
#1416=LINE('',#8310,#2118);
#1417=LINE('',#8313,#2119);
#1418=LINE('',#8314,#2120);
#1419=LINE('',#8316,#2121);
#1420=LINE('',#8318,#2122);
#1421=LINE('',#8321,#2123);
#1422=LINE('',#8322,#2124);
#1423=LINE('',#8324,#2125);
#1424=LINE('',#8326,#2126);
#1425=LINE('',#8329,#2127);
#1426=LINE('',#8330,#2128);
#1427=LINE('',#8332,#2129);
#1428=LINE('',#8334,#2130);
#1429=LINE('',#8337,#2131);
#1430=LINE('',#8338,#2132);
#1431=LINE('',#8340,#2133);
#1432=LINE('',#8342,#2134);
#1433=LINE('',#8345,#2135);
#1434=LINE('',#8346,#2136);
#1435=LINE('',#8348,#2137);
#1436=LINE('',#8350,#2138);
#1437=VECTOR('',#5612,66.);
#1438=VECTOR('',#5613,0.5);
#1439=VECTOR('',#5614,66.);
#1440=VECTOR('',#5615,0.5);
#1441=VECTOR('',#5618,110.6);
#1442=VECTOR('',#5619,0.5);
#1443=VECTOR('',#5620,110.6);
#1444=VECTOR('',#5623,66.);
#1445=VECTOR('',#5624,0.5);
#1446=VECTOR('',#5625,66.);
#1447=VECTOR('',#5628,110.6);
#1448=VECTOR('',#5629,110.6);
#1449=VECTOR('',#5636,0.500000000000003);
#1450=VECTOR('',#5637,115.2);
#1451=VECTOR('',#5638,0.500000000000003);
#1452=VECTOR('',#5639,115.2);
#1453=VECTOR('',#5642,66.3);
#1454=VECTOR('',#5643,115.2);
#1455=VECTOR('',#5644,66.3);
#1456=VECTOR('',#5645,115.2);
#1457=VECTOR('',#5648,70.);
#1458=VECTOR('',#5649,117.4);
#1459=VECTOR('',#5650,70.);
#1460=VECTOR('',#5651,117.4);
#1461=VECTOR('',#5652,69.8);
#1462=VECTOR('',#5653,117.2);
#1463=VECTOR('',#5654,69.8);
#1464=VECTOR('',#5655,117.2);
#1465=VECTOR('',#5658,1.);
#1466=VECTOR('',#5659,1.);
#1467=VECTOR('',#5662,1.);
#1468=VECTOR('',#5663,70.);
#1469=VECTOR('',#5664,1.);
#1470=VECTOR('',#5667,1.);
#1471=VECTOR('',#5668,117.4);
#1472=VECTOR('',#5671,1.);
#1473=VECTOR('',#5672,70.);
#1474=VECTOR('',#5675,117.4);
#1475=VECTOR('',#5678,110.6);
#1476=VECTOR('',#5679,66.);
#1477=VECTOR('',#5680,110.6);
#1478=VECTOR('',#5681,66.);
#1479=VECTOR('',#5686,0.5);
#1480=VECTOR('',#5687,66.);
#1481=VECTOR('',#5688,0.5);
#1482=VECTOR('',#5691,110.6);
#1483=VECTOR('',#5692,0.5);
#1484=VECTOR('',#5695,66.);
#1485=VECTOR('',#5696,0.5);
#1486=VECTOR('',#5699,110.6);
#1487=VECTOR('',#5704,75.);
#1488=VECTOR('',#5705,2.8);
#1489=VECTOR('',#5706,75.);
#1490=VECTOR('',#5707,2.8);
#1491=VECTOR('',#5710,119.8);
#1492=VECTOR('',#5711,2.8);
#1493=VECTOR('',#5712,119.8);
#1494=VECTOR('',#5713,2.8);
#1495=VECTOR('',#5716,75.);
#1496=VECTOR('',#5717,2.8);
#1497=VECTOR('',#5718,75.);
#1498=VECTOR('',#5719,2.8);
#1499=VECTOR('',#5722,119.8);
#1500=VECTOR('',#5723,2.8);
#1501=VECTOR('',#5724,119.8);
#1502=VECTOR('',#5725,2.8);
#1503=VECTOR('',#5756,15.);
#1504=VECTOR('',#5757,1.5);
#1505=VECTOR('',#5758,15.);
#1506=VECTOR('',#5759,1.5);
#1507=VECTOR('',#5762,67.);
#1508=VECTOR('',#5763,1.5);
#1509=VECTOR('',#5764,67.);
#1510=VECTOR('',#5767,15.);
#1511=VECTOR('',#5768,1.5);
#1512=VECTOR('',#5769,15.);
#1513=VECTOR('',#5772,67.);
#1514=VECTOR('',#5773,67.);
#1515=VECTOR('',#5780,15.);
#1516=VECTOR('',#5781,1.5);
#1517=VECTOR('',#5782,15.);
#1518=VECTOR('',#5783,1.5);
#1519=VECTOR('',#5786,67.);
#1520=VECTOR('',#5787,1.5);
#1521=VECTOR('',#5788,67.);
#1522=VECTOR('',#5791,15.);
#1523=VECTOR('',#5792,1.5);
#1524=VECTOR('',#5793,15.);
#1525=VECTOR('',#5796,67.);
#1526=VECTOR('',#5797,67.);
#1527=VECTOR('',#5804,75.);
#1528=VECTOR('',#5805,1.5);
#1529=VECTOR('',#5806,75.);
#1530=VECTOR('',#5807,1.5);
#1531=VECTOR('',#5810,15.);
#1532=VECTOR('',#5811,1.5);
#1533=VECTOR('',#5812,15.);
#1534=VECTOR('',#5815,75.);
#1535=VECTOR('',#5816,1.5);
#1536=VECTOR('',#5817,75.);
#1537=VECTOR('',#5820,15.);
#1538=VECTOR('',#5821,15.);
#1539=VECTOR('',#5828,75.);
#1540=VECTOR('',#5829,1.5);
#1541=VECTOR('',#5830,75.);
#1542=VECTOR('',#5831,1.5);
#1543=VECTOR('',#5834,15.);
#1544=VECTOR('',#5835,1.5);
#1545=VECTOR('',#5836,15.);
#1546=VECTOR('',#5839,75.);
#1547=VECTOR('',#5840,1.5);
#1548=VECTOR('',#5841,75.);
#1549=VECTOR('',#5844,15.);
#1550=VECTOR('',#5845,15.);
#1551=VECTOR('',#5852,10.);
#1552=VECTOR('',#5853,10.);
#1553=VECTOR('',#5854,10.);
#1554=VECTOR('',#5855,10.);
#1555=VECTOR('',#5858,10.);
#1556=VECTOR('',#5859,10.);
#1557=VECTOR('',#5860,10.);
#1558=VECTOR('',#5861,10.);
#1559=VECTOR('',#5864,86.);
#1560=VECTOR('',#5865,10.);
#1561=VECTOR('',#5866,86.);
#1562=VECTOR('',#5869,10.);
#1563=VECTOR('',#5870,86.);
#1564=VECTOR('',#5871,4.);
#1565=VECTOR('',#5872,109.);
#1566=VECTOR('',#5873,10.);
#1567=VECTOR('',#5874,10.);
#1568=VECTOR('',#5875,10.);
#1569=VECTOR('',#5876,109.);
#1570=VECTOR('',#5877,10.);
#1571=VECTOR('',#5878,10.);
#1572=VECTOR('',#5879,10.);
#1573=VECTOR('',#5880,109.);
#1574=VECTOR('',#5881,4.);
#1575=VECTOR('',#5884,4.);
#1576=VECTOR('',#5885,1.8);
#1577=VECTOR('',#5888,10.);
#1578=VECTOR('',#5889,10.);
#1579=VECTOR('',#5892,86.);
#1580=VECTOR('',#5895,4.);
#1581=VECTOR('',#5896,109.);
#1582=VECTOR('',#5899,10.);
#1583=VECTOR('',#5900,10.);
#1584=VECTOR('',#5901,10.);
#1585=VECTOR('',#5904,10.);
#1586=VECTOR('',#5905,10.);
#1587=VECTOR('',#5908,10.);
#1588=VECTOR('',#5909,10.);
#1589=VECTOR('',#5912,10.);
#1590=VECTOR('',#5915,10.);
#1591=VECTOR('',#5916,10.);
#1592=VECTOR('',#5917,10.);
#1593=VECTOR('',#5920,10.);
#1594=VECTOR('',#5921,10.);
#1595=VECTOR('',#5924,10.);
#1596=VECTOR('',#5925,10.);
#1597=VECTOR('',#5928,10.);
#1598=VECTOR('',#5931,1.8);
#1599=VECTOR('',#5936,12.9);
#1600=VECTOR('',#5937,4.9);
#1601=VECTOR('',#5938,12.9);
#1602=VECTOR('',#5939,4.9);
#1603=VECTOR('',#5942,12.9);
#1604=VECTOR('',#5943,33.4);
#1605=VECTOR('',#5944,33.4);
#1606=VECTOR('',#5947,12.9);
#1607=VECTOR('',#5948,4.9);
#1608=VECTOR('',#5949,4.9);
#1609=VECTOR('',#5952,33.4);
#1610=VECTOR('',#5953,33.4);
#1611=VECTOR('',#5956,4.3);
#1612=VECTOR('',#5957,32.8);
#1613=VECTOR('',#5958,4.3);
#1614=VECTOR('',#5959,32.8);
#1615=VECTOR('',#5960,1.6);
#1616=VECTOR('',#5961,1.6);
#1617=VECTOR('',#5962,1.6);
#1618=VECTOR('',#5963,1.6);
#1619=VECTOR('',#5964,1.6);
#1620=VECTOR('',#5965,1.6);
#1621=VECTOR('',#5966,1.6);
#1622=VECTOR('',#5967,1.6);
#1623=VECTOR('',#5968,1.6);
#1624=VECTOR('',#5969,1.6);
#1625=VECTOR('',#5970,1.6);
#1626=VECTOR('',#5971,1.6);
#1627=VECTOR('',#5972,1.6);
#1628=VECTOR('',#5973,1.6);
#1629=VECTOR('',#5974,1.6);
#1630=VECTOR('',#5975,1.6);
#1631=VECTOR('',#5976,1.6);
#1632=VECTOR('',#5977,1.6);
#1633=VECTOR('',#5978,1.6);
#1634=VECTOR('',#5979,1.6);
#1635=VECTOR('',#5980,1.6);
#1636=VECTOR('',#5981,1.6);
#1637=VECTOR('',#5982,1.6);
#1638=VECTOR('',#5983,1.6);
#1639=VECTOR('',#5984,1.6);
#1640=VECTOR('',#5985,1.60000000000002);
#1641=VECTOR('',#5986,1.6);
#1642=VECTOR('',#5987,1.60000000000002);
#1643=VECTOR('',#5988,1.6);
#1644=VECTOR('',#5989,1.60000000000003);
#1645=VECTOR('',#5990,1.6);
#1646=VECTOR('',#5991,1.60000000000003);
#1647=VECTOR('',#5992,1.6);
#1648=VECTOR('',#5993,1.6);
#1649=VECTOR('',#5994,1.6);
#1650=VECTOR('',#5995,1.6);
#1651=VECTOR('',#5996,1.6);
#1652=VECTOR('',#5997,1.6);
#1653=VECTOR('',#5998,1.6);
#1654=VECTOR('',#5999,1.6);
#1655=VECTOR('',#6000,1.6);
#1656=VECTOR('',#6001,1.6);
#1657=VECTOR('',#6002,1.6);
#1658=VECTOR('',#6003,1.6);
#1659=VECTOR('',#6004,1.6);
#1660=VECTOR('',#6005,1.6);
#1661=VECTOR('',#6006,1.6);
#1662=VECTOR('',#6007,1.6);
#1663=VECTOR('',#6008,1.6);
#1664=VECTOR('',#6009,1.6);
#1665=VECTOR('',#6010,1.6);
#1666=VECTOR('',#6011,1.6);
#1667=VECTOR('',#6012,1.6);
#1668=VECTOR('',#6013,1.6);
#1669=VECTOR('',#6014,1.6);
#1670=VECTOR('',#6015,1.6);
#1671=VECTOR('',#6016,1.6);
#1672=VECTOR('',#6017,1.6);
#1673=VECTOR('',#6018,1.6);
#1674=VECTOR('',#6019,1.6);
#1675=VECTOR('',#6020,1.6);
#1676=VECTOR('',#6021,1.6);
#1677=VECTOR('',#6022,1.6);
#1678=VECTOR('',#6023,1.6);
#1679=VECTOR('',#6024,1.6);
#1680=VECTOR('',#6025,1.6);
#1681=VECTOR('',#6026,1.6);
#1682=VECTOR('',#6027,1.6);
#1683=VECTOR('',#6028,1.6);
#1684=VECTOR('',#6029,1.6);
#1685=VECTOR('',#6030,1.6);
#1686=VECTOR('',#6031,1.6);
#1687=VECTOR('',#6032,1.6);
#1688=VECTOR('',#6033,1.6);
#1689=VECTOR('',#6034,1.6);
#1690=VECTOR('',#6035,1.6);
#1691=VECTOR('',#6036,1.6);
#1692=VECTOR('',#6037,1.6);
#1693=VECTOR('',#6038,1.6);
#1694=VECTOR('',#6039,1.6);
#1695=VECTOR('',#6040,1.60000000000002);
#1696=VECTOR('',#6041,1.6);
#1697=VECTOR('',#6042,1.60000000000002);
#1698=VECTOR('',#6043,1.6);
#1699=VECTOR('',#6044,1.59999999999998);
#1700=VECTOR('',#6045,1.6);
#1701=VECTOR('',#6046,1.59999999999998);
#1702=VECTOR('',#6047,1.6);
#1703=VECTOR('',#6048,1.6);
#1704=VECTOR('',#6049,1.6);
#1705=VECTOR('',#6050,1.6);
#1706=VECTOR('',#6051,1.6);
#1707=VECTOR('',#6052,1.6);
#1708=VECTOR('',#6053,1.6);
#1709=VECTOR('',#6054,1.6);
#1710=VECTOR('',#6055,1.6);
#1711=VECTOR('',#6056,1.6);
#1712=VECTOR('',#6057,1.6);
#1713=VECTOR('',#6058,1.6);
#1714=VECTOR('',#6059,1.6);
#1715=VECTOR('',#6060,1.6);
#1716=VECTOR('',#6061,1.6);
#1717=VECTOR('',#6062,1.6);
#1718=VECTOR('',#6063,1.6);
#1719=VECTOR('',#6066,1.);
#1720=VECTOR('',#6067,0.999999999999999);
#1721=VECTOR('',#6068,1.);
#1722=VECTOR('',#6069,0.999999999999999);
#1723=VECTOR('',#6070,1.);
#1724=VECTOR('',#6071,1.);
#1725=VECTOR('',#6072,1.);
#1726=VECTOR('',#6073,1.);
#1727=VECTOR('',#6074,1.);
#1728=VECTOR('',#6075,1.);
#1729=VECTOR('',#6076,1.);
#1730=VECTOR('',#6077,1.);
#1731=VECTOR('',#6078,1.);
#1732=VECTOR('',#6079,1.);
#1733=VECTOR('',#6080,1.);
#1734=VECTOR('',#6081,1.);
#1735=VECTOR('',#6082,1.);
#1736=VECTOR('',#6083,1.);
#1737=VECTOR('',#6084,1.);
#1738=VECTOR('',#6085,1.);
#1739=VECTOR('',#6086,1.);
#1740=VECTOR('',#6087,1.00000000000002);
#1741=VECTOR('',#6088,1.);
#1742=VECTOR('',#6089,1.00000000000002);
#1743=VECTOR('',#6090,1.);
#1744=VECTOR('',#6091,1.);
#1745=VECTOR('',#6092,1.);
#1746=VECTOR('',#6093,1.);
#1747=VECTOR('',#6094,1.);
#1748=VECTOR('',#6095,1.);
#1749=VECTOR('',#6096,1.);
#1750=VECTOR('',#6097,1.);
#1751=VECTOR('',#6098,1.);
#1752=VECTOR('',#6099,1.);
#1753=VECTOR('',#6100,1.);
#1754=VECTOR('',#6101,1.);
#1755=VECTOR('',#6102,1.);
#1756=VECTOR('',#6103,1.);
#1757=VECTOR('',#6104,1.);
#1758=VECTOR('',#6105,1.);
#1759=VECTOR('',#6106,1.);
#1760=VECTOR('',#6107,0.999999999999999);
#1761=VECTOR('',#6108,1.);
#1762=VECTOR('',#6109,0.999999999999999);
#1763=VECTOR('',#6110,1.);
#1764=VECTOR('',#6111,0.999999999999999);
#1765=VECTOR('',#6112,1.);
#1766=VECTOR('',#6113,0.999999999999999);
#1767=VECTOR('',#6114,1.);
#1768=VECTOR('',#6115,0.999999999999999);
#1769=VECTOR('',#6116,1.);
#1770=VECTOR('',#6117,0.999999999999999);
#1771=VECTOR('',#6118,0.999999999999999);
#1772=VECTOR('',#6119,1.);
#1773=VECTOR('',#6120,0.999999999999999);
#1774=VECTOR('',#6121,1.);
#1775=VECTOR('',#6122,1.);
#1776=VECTOR('',#6123,1.);
#1777=VECTOR('',#6124,1.);
#1778=VECTOR('',#6125,1.);
#1779=VECTOR('',#6126,1.);
#1780=VECTOR('',#6127,1.);
#1781=VECTOR('',#6128,1.);
#1782=VECTOR('',#6129,1.);
#1783=VECTOR('',#6130,1.);
#1784=VECTOR('',#6131,1.);
#1785=VECTOR('',#6132,1.);
#1786=VECTOR('',#6133,1.);
#1787=VECTOR('',#6134,1.);
#1788=VECTOR('',#6135,1.);
#1789=VECTOR('',#6136,1.);
#1790=VECTOR('',#6137,1.);
#1791=VECTOR('',#6138,1.00000000000002);
#1792=VECTOR('',#6139,1.);
#1793=VECTOR('',#6140,1.00000000000002);
#1794=VECTOR('',#6141,1.);
#1795=VECTOR('',#6142,1.);
#1796=VECTOR('',#6143,1.);
#1797=VECTOR('',#6144,1.);
#1798=VECTOR('',#6145,1.);
#1799=VECTOR('',#6146,1.);
#1800=VECTOR('',#6147,1.);
#1801=VECTOR('',#6148,1.);
#1802=VECTOR('',#6149,1.);
#1803=VECTOR('',#6150,1.);
#1804=VECTOR('',#6151,1.);
#1805=VECTOR('',#6152,1.);
#1806=VECTOR('',#6153,1.);
#1807=VECTOR('',#6154,1.);
#1808=VECTOR('',#6155,1.);
#1809=VECTOR('',#6156,1.);
#1810=VECTOR('',#6157,1.);
#1811=VECTOR('',#6158,0.999999999999999);
#1812=VECTOR('',#6159,1.);
#1813=VECTOR('',#6160,0.999999999999999);
#1814=VECTOR('',#6161,1.);
#1815=VECTOR('',#6162,0.999999999999999);
#1816=VECTOR('',#6163,1.);
#1817=VECTOR('',#6164,0.999999999999999);
#1818=VECTOR('',#6165,1.);
#1819=VECTOR('',#6166,0.999999999999999);
#1820=VECTOR('',#6167,1.);
#1821=VECTOR('',#6168,0.999999999999999);
#1822=VECTOR('',#6169,1.);
#1823=VECTOR('',#6172,12.9);
#1824=VECTOR('',#6173,1.);
#1825=VECTOR('',#6174,12.9);
#1826=VECTOR('',#6177,12.9);
#1827=VECTOR('',#6178,0.999999999999999);
#1828=VECTOR('',#6181,12.9);
#1829=VECTOR('',#6182,1.);
#1830=VECTOR('',#6185,0.999999999999999);
#1831=VECTOR('',#6188,12.9);
#1832=VECTOR('',#6189,1.);
#1833=VECTOR('',#6190,12.9);
#1834=VECTOR('',#6193,12.9);
#1835=VECTOR('',#6194,0.999999999999999);
#1836=VECTOR('',#6197,12.9);
#1837=VECTOR('',#6198,1.);
#1838=VECTOR('',#6201,0.999999999999999);
#1839=VECTOR('',#6204,12.9);
#1840=VECTOR('',#6205,1.);
#1841=VECTOR('',#6206,12.9);
#1842=VECTOR('',#6209,12.9);
#1843=VECTOR('',#6210,0.999999999999999);
#1844=VECTOR('',#6213,12.9);
#1845=VECTOR('',#6214,1.);
#1846=VECTOR('',#6217,0.999999999999999);
#1847=VECTOR('',#6220,12.9);
#1848=VECTOR('',#6221,1.);
#1849=VECTOR('',#6222,12.9);
#1850=VECTOR('',#6225,12.9);
#1851=VECTOR('',#6226,1.);
#1852=VECTOR('',#6229,12.9);
#1853=VECTOR('',#6230,1.);
#1854=VECTOR('',#6233,1.);
#1855=VECTOR('',#6236,12.9);
#1856=VECTOR('',#6237,1.);
#1857=VECTOR('',#6238,12.9);
#1858=VECTOR('',#6241,12.9);
#1859=VECTOR('',#6242,1.);
#1860=VECTOR('',#6245,12.9);
#1861=VECTOR('',#6246,1.);
#1862=VECTOR('',#6249,1.);
#1863=VECTOR('',#6252,12.9);
#1864=VECTOR('',#6253,1.);
#1865=VECTOR('',#6254,12.9);
#1866=VECTOR('',#6257,12.9);
#1867=VECTOR('',#6258,1.);
#1868=VECTOR('',#6261,12.9);
#1869=VECTOR('',#6262,1.);
#1870=VECTOR('',#6265,1.);
#1871=VECTOR('',#6268,12.9);
#1872=VECTOR('',#6269,1.);
#1873=VECTOR('',#6270,12.9);
#1874=VECTOR('',#6273,12.9);
#1875=VECTOR('',#6274,1.);
#1876=VECTOR('',#6277,12.9);
#1877=VECTOR('',#6278,1.);
#1878=VECTOR('',#6281,1.);
#1879=VECTOR('',#6284,12.9);
#1880=VECTOR('',#6285,1.);
#1881=VECTOR('',#6286,12.9);
#1882=VECTOR('',#6289,12.9);
#1883=VECTOR('',#6290,1.00000000000002);
#1884=VECTOR('',#6293,12.9);
#1885=VECTOR('',#6294,1.);
#1886=VECTOR('',#6297,1.00000000000002);
#1887=VECTOR('',#6300,12.9);
#1888=VECTOR('',#6301,1.);
#1889=VECTOR('',#6302,12.9);
#1890=VECTOR('',#6305,12.9);
#1891=VECTOR('',#6306,1.);
#1892=VECTOR('',#6309,12.9);
#1893=VECTOR('',#6310,1.);
#1894=VECTOR('',#6313,1.);
#1895=VECTOR('',#6316,12.9);
#1896=VECTOR('',#6317,1.);
#1897=VECTOR('',#6318,12.9);
#1898=VECTOR('',#6321,12.9);
#1899=VECTOR('',#6322,1.);
#1900=VECTOR('',#6325,12.9);
#1901=VECTOR('',#6326,1.);
#1902=VECTOR('',#6329,1.);
#1903=VECTOR('',#6332,12.9);
#1904=VECTOR('',#6333,1.);
#1905=VECTOR('',#6334,12.9);
#1906=VECTOR('',#6337,12.9);
#1907=VECTOR('',#6338,1.);
#1908=VECTOR('',#6341,12.9);
#1909=VECTOR('',#6342,1.);
#1910=VECTOR('',#6345,1.);
#1911=VECTOR('',#6348,12.9);
#1912=VECTOR('',#6349,1.);
#1913=VECTOR('',#6350,12.9);
#1914=VECTOR('',#6353,12.9);
#1915=VECTOR('',#6354,1.);
#1916=VECTOR('',#6357,12.9);
#1917=VECTOR('',#6358,1.);
#1918=VECTOR('',#6361,1.);
#1919=VECTOR('',#6364,12.9);
#1920=VECTOR('',#6365,1.);
#1921=VECTOR('',#6366,12.9);
#1922=VECTOR('',#6369,12.9);
#1923=VECTOR('',#6370,0.999999999999999);
#1924=VECTOR('',#6373,12.9);
#1925=VECTOR('',#6374,1.);
#1926=VECTOR('',#6377,0.999999999999999);
#1927=VECTOR('',#6380,12.9);
#1928=VECTOR('',#6381,0.999999999999999);
#1929=VECTOR('',#6382,12.9);
#1930=VECTOR('',#6385,12.9);
#1931=VECTOR('',#6386,1.);
#1932=VECTOR('',#6389,12.9);
#1933=VECTOR('',#6390,0.999999999999999);
#1934=VECTOR('',#6393,1.);
#1935=VECTOR('',#6396,12.9);
#1936=VECTOR('',#6397,0.999999999999999);
#1937=VECTOR('',#6398,12.9);
#1938=VECTOR('',#6401,12.9);
#1939=VECTOR('',#6402,1.);
#1940=VECTOR('',#6405,12.9);
#1941=VECTOR('',#6406,0.999999999999999);
#1942=VECTOR('',#6409,1.);
#1943=VECTOR('',#6412,12.9);
#1944=VECTOR('',#6413,0.999999999999999);
#1945=VECTOR('',#6414,12.9);
#1946=VECTOR('',#6417,12.9);
#1947=VECTOR('',#6418,1.);
#1948=VECTOR('',#6421,12.9);
#1949=VECTOR('',#6422,0.999999999999999);
#1950=VECTOR('',#6425,1.);
#1951=VECTOR('',#6428,12.9);
#1952=VECTOR('',#6429,1.);
#1953=VECTOR('',#6430,12.9);
#1954=VECTOR('',#6433,12.9);
#1955=VECTOR('',#6434,1.);
#1956=VECTOR('',#6437,12.9);
#1957=VECTOR('',#6438,1.);
#1958=VECTOR('',#6441,1.);
#1959=VECTOR('',#6444,12.9);
#1960=VECTOR('',#6445,1.);
#1961=VECTOR('',#6446,12.9);
#1962=VECTOR('',#6449,12.9);
#1963=VECTOR('',#6450,1.);
#1964=VECTOR('',#6453,12.9);
#1965=VECTOR('',#6454,1.);
#1966=VECTOR('',#6457,1.);
#1967=VECTOR('',#6460,12.9);
#1968=VECTOR('',#6461,1.);
#1969=VECTOR('',#6462,12.9);
#1970=VECTOR('',#6465,12.9);
#1971=VECTOR('',#6466,1.);
#1972=VECTOR('',#6469,12.9);
#1973=VECTOR('',#6470,1.);
#1974=VECTOR('',#6473,1.);
#1975=VECTOR('',#6476,12.9);
#1976=VECTOR('',#6477,1.);
#1977=VECTOR('',#6478,12.9);
#1978=VECTOR('',#6481,12.9);
#1979=VECTOR('',#6482,1.);
#1980=VECTOR('',#6485,12.9);
#1981=VECTOR('',#6486,1.);
#1982=VECTOR('',#6489,1.);
#1983=VECTOR('',#6492,12.9);
#1984=VECTOR('',#6493,1.00000000000002);
#1985=VECTOR('',#6494,12.9);
#1986=VECTOR('',#6497,12.9);
#1987=VECTOR('',#6498,1.);
#1988=VECTOR('',#6501,12.9);
#1989=VECTOR('',#6502,1.00000000000002);
#1990=VECTOR('',#6505,1.);
#1991=VECTOR('',#6508,12.9);
#1992=VECTOR('',#6509,1.);
#1993=VECTOR('',#6510,12.9);
#1994=VECTOR('',#6513,12.9);
#1995=VECTOR('',#6514,1.);
#1996=VECTOR('',#6517,12.9);
#1997=VECTOR('',#6518,1.);
#1998=VECTOR('',#6521,1.);
#1999=VECTOR('',#6524,12.9);
#2000=VECTOR('',#6525,1.);
#2001=VECTOR('',#6526,12.9);
#2002=VECTOR('',#6529,12.9);
#2003=VECTOR('',#6530,1.);
#2004=VECTOR('',#6533,12.9);
#2005=VECTOR('',#6534,1.);
#2006=VECTOR('',#6537,1.);
#2007=VECTOR('',#6540,12.9);
#2008=VECTOR('',#6541,1.);
#2009=VECTOR('',#6542,12.9);
#2010=VECTOR('',#6545,12.9);
#2011=VECTOR('',#6546,1.);
#2012=VECTOR('',#6549,12.9);
#2013=VECTOR('',#6550,1.);
#2014=VECTOR('',#6553,1.);
#2015=VECTOR('',#6556,12.9);
#2016=VECTOR('',#6557,1.);
#2017=VECTOR('',#6558,12.9);
#2018=VECTOR('',#6561,12.9);
#2019=VECTOR('',#6562,1.);
#2020=VECTOR('',#6565,12.9);
#2021=VECTOR('',#6566,1.);
#2022=VECTOR('',#6569,1.);
#2023=VECTOR('',#6572,12.9);
#2024=VECTOR('',#6573,0.999999999999999);
#2025=VECTOR('',#6574,12.9);
#2026=VECTOR('',#6577,12.9);
#2027=VECTOR('',#6578,1.);
#2028=VECTOR('',#6581,12.9);
#2029=VECTOR('',#6582,0.999999999999999);
#2030=VECTOR('',#6585,1.);
#2031=VECTOR('',#6588,0.519615242270661);
#2032=VECTOR('',#6589,0.51961524227066);
#2033=VECTOR('',#6592,0.519615242270661);
#2034=VECTOR('',#6595,0.519615242270661);
#2035=VECTOR('',#6600,0.519615242270661);
#2036=VECTOR('',#6601,0.519615242270664);
#2037=VECTOR('',#6604,0.519615242270665);
#2038=VECTOR('',#6607,0.51961524227066);
#2039=VECTOR('',#6612,0.519615242270662);
#2040=VECTOR('',#6613,0.519615242270662);
#2041=VECTOR('',#6616,0.519615242270662);
#2042=VECTOR('',#6619,0.519615242270661);
#2043=VECTOR('',#6624,0.519615242270662);
#2044=VECTOR('',#6625,0.519615242270662);
#2045=VECTOR('',#6628,0.519615242270662);
#2046=VECTOR('',#6631,0.51961524227066);
#2047=VECTOR('',#6636,0.51961524227066);
#2048=VECTOR('',#6637,0.519615242270661);
#2049=VECTOR('',#6640,0.519615242270662);
#2050=VECTOR('',#6643,0.519615242270659);
#2051=VECTOR('',#6648,0.519615242270662);
#2052=VECTOR('',#6649,0.519615242270662);
#2053=VECTOR('',#6652,0.519615242270662);
#2054=VECTOR('',#6655,0.519615242270661);
#2055=VECTOR('',#6660,0.519615242270663);
#2056=VECTOR('',#6661,0.519615242270663);
#2057=VECTOR('',#6664,0.519615242270663);
#2058=VECTOR('',#6667,0.519615242270661);
#2059=VECTOR('',#6672,0.519615242270666);
#2060=VECTOR('',#6673,0.519615242270668);
#2061=VECTOR('',#6676,0.519615242270669);
#2062=VECTOR('',#6679,0.519615242270669);
#2063=VECTOR('',#6684,0.519615242270661);
#2064=VECTOR('',#6685,0.519615242270666);
#2065=VECTOR('',#6688,0.519615242270667);
#2066=VECTOR('',#6691,0.519615242270659);
#2067=VECTOR('',#6696,0.519615242270662);
#2068=VECTOR('',#6697,0.519615242270663);
#2069=VECTOR('',#6700,0.519615242270663);
#2070=VECTOR('',#6703,0.519615242270661);
#2071=VECTOR('',#6708,0.519615242270661);
#2072=VECTOR('',#6709,0.51961524227066);
#2073=VECTOR('',#6712,0.519615242270662);
#2074=VECTOR('',#6715,0.519615242270659);
#2075=VECTOR('',#6720,0.519615242270661);
#2076=VECTOR('',#6721,0.51961524227066);
#2077=VECTOR('',#6724,0.519615242270662);
#2078=VECTOR('',#6727,0.51961524227066);
#2079=VECTOR('',#6732,0.519615242270664);
#2080=VECTOR('',#6733,0.519615242270662);
#2081=VECTOR('',#6736,0.519615242270662);
#2082=VECTOR('',#6739,0.519615242270662);
#2083=VECTOR('',#6744,0.519615242270662);
#2084=VECTOR('',#6745,0.519615242270662);
#2085=VECTOR('',#6748,0.519615242270662);
#2086=VECTOR('',#6751,0.519615242270662);
#2087=VECTOR('',#6756,0.519615242270662);
#2088=VECTOR('',#6757,0.519615242270662);
#2089=VECTOR('',#6760,0.519615242270664);
#2090=VECTOR('',#6763,0.519615242270658);
#2091=VECTOR('',#6768,0.519615242270662);
#2092=VECTOR('',#6769,0.519615242270662);
#2093=VECTOR('',#6772,0.519615242270664);
#2094=VECTOR('',#6775,0.519615242270658);
#2095=VECTOR('',#6780,0.519615242270662);
#2096=VECTOR('',#6781,0.519615242270662);
#2097=VECTOR('',#6784,0.519615242270664);
#2098=VECTOR('',#6787,0.519615242270658);
#2099=VECTOR('',#6792,0.519615242270662);
#2100=VECTOR('',#6793,0.519615242270662);
#2101=VECTOR('',#6796,0.519615242270664);
#2102=VECTOR('',#6799,0.519615242270658);
#2103=VECTOR('',#6804,0.519615242270662);
#2104=VECTOR('',#6805,0.519615242270662);
#2105=VECTOR('',#6808,0.519615242270663);
#2106=VECTOR('',#6811,0.519615242270658);
#2107=VECTOR('',#6816,0.519615242270662);
#2108=VECTOR('',#6817,0.519615242270663);
#2109=VECTOR('',#6820,0.519615242270663);
#2110=VECTOR('',#6823,0.519615242270664);
#2111=VECTOR('',#6828,0.519615242270662);
#2112=VECTOR('',#6829,0.519615242270663);
#2113=VECTOR('',#6832,0.519615242270663);
#2114=VECTOR('',#6835,0.519615242270658);
#2115=VECTOR('',#6840,0.519615242270663);
#2116=VECTOR('',#6841,0.519615242270663);
#2117=VECTOR('',#6844,0.519615242270663);
#2118=VECTOR('',#6847,0.519615242270658);
#2119=VECTOR('',#6852,0.519615242270649);
#2120=VECTOR('',#6853,0.51961524227065);
#2121=VECTOR('',#6856,0.519615242270663);
#2122=VECTOR('',#6859,0.519615242270661);
#2123=VECTOR('',#6864,0.519615242270662);
#2124=VECTOR('',#6865,0.519615242270663);
#2125=VECTOR('',#6868,0.519615242270663);
#2126=VECTOR('',#6871,0.519615242270658);
#2127=VECTOR('',#6876,0.519615242270662);
#2128=VECTOR('',#6877,0.519615242270663);
#2129=VECTOR('',#6880,0.519615242270663);
#2130=VECTOR('',#6883,0.519615242270658);
#2131=VECTOR('',#6888,0.519615242270663);
#2132=VECTOR('',#6889,0.519615242270664);
#2133=VECTOR('',#6892,0.519615242270662);
#2134=VECTOR('',#6895,0.519615242270658);
#2135=VECTOR('',#6900,0.519615242270662);
#2136=VECTOR('',#6901,0.519615242270664);
#2137=VECTOR('',#6904,0.519615242270662);
#2138=VECTOR('',#6907,0.519615242270658);
#2139=VERTEX_POINT('',#6912);
#2140=VERTEX_POINT('',#6913);
#2141=VERTEX_POINT('',#6915);
#2142=VERTEX_POINT('',#6917);
#2143=VERTEX_POINT('',#6921);
#2144=VERTEX_POINT('',#6923);
#2145=VERTEX_POINT('',#6927);
#2146=VERTEX_POINT('',#6929);
#2147=VERTEX_POINT('',#6938);
#2148=VERTEX_POINT('',#6939);
#2149=VERTEX_POINT('',#6941);
#2150=VERTEX_POINT('',#6943);
#2151=VERTEX_POINT('',#6947);
#2152=VERTEX_POINT('',#6948);
#2153=VERTEX_POINT('',#6950);
#2154=VERTEX_POINT('',#6952);
#2155=VERTEX_POINT('',#6956);
#2156=VERTEX_POINT('',#6957);
#2157=VERTEX_POINT('',#6959);
#2158=VERTEX_POINT('',#6961);
#2159=VERTEX_POINT('',#6964);
#2160=VERTEX_POINT('',#6965);
#2161=VERTEX_POINT('',#6967);
#2162=VERTEX_POINT('',#6969);
#2163=VERTEX_POINT('',#6976);
#2164=VERTEX_POINT('',#6978);
#2165=VERTEX_POINT('',#6982);
#2166=VERTEX_POINT('',#6986);
#2167=VERTEX_POINT('',#6992);
#2168=VERTEX_POINT('',#6993);
#2169=VERTEX_POINT('',#6995);
#2170=VERTEX_POINT('',#6997);
#2171=VERTEX_POINT('',#7002);
#2172=VERTEX_POINT('',#7004);
#2173=VERTEX_POINT('',#7008);
#2174=VERTEX_POINT('',#7012);
#2175=VERTEX_POINT('',#7019);
#2176=VERTEX_POINT('',#7020);
#2177=VERTEX_POINT('',#7022);
#2178=VERTEX_POINT('',#7024);
#2179=VERTEX_POINT('',#7028);
#2180=VERTEX_POINT('',#7029);
#2181=VERTEX_POINT('',#7031);
#2182=VERTEX_POINT('',#7033);
#2183=VERTEX_POINT('',#7037);
#2184=VERTEX_POINT('',#7038);
#2185=VERTEX_POINT('',#7040);
#2186=VERTEX_POINT('',#7042);
#2187=VERTEX_POINT('',#7046);
#2188=VERTEX_POINT('',#7047);
#2189=VERTEX_POINT('',#7049);
#2190=VERTEX_POINT('',#7051);
#2191=VERTEX_POINT('',#7069);
#2192=VERTEX_POINT('',#7070);
#2193=VERTEX_POINT('',#7072);
#2194=VERTEX_POINT('',#7074);
#2195=VERTEX_POINT('',#7078);
#2196=VERTEX_POINT('',#7080);
#2197=VERTEX_POINT('',#7084);
#2198=VERTEX_POINT('',#7086);
#2199=VERTEX_POINT('',#7095);
#2200=VERTEX_POINT('',#7096);
#2201=VERTEX_POINT('',#7098);
#2202=VERTEX_POINT('',#7100);
#2203=VERTEX_POINT('',#7104);
#2204=VERTEX_POINT('',#7106);
#2205=VERTEX_POINT('',#7110);
#2206=VERTEX_POINT('',#7112);
#2207=VERTEX_POINT('',#7121);
#2208=VERTEX_POINT('',#7122);
#2209=VERTEX_POINT('',#7124);
#2210=VERTEX_POINT('',#7126);
#2211=VERTEX_POINT('',#7130);
#2212=VERTEX_POINT('',#7132);
#2213=VERTEX_POINT('',#7136);
#2214=VERTEX_POINT('',#7138);
#2215=VERTEX_POINT('',#7147);
#2216=VERTEX_POINT('',#7148);
#2217=VERTEX_POINT('',#7150);
#2218=VERTEX_POINT('',#7152);
#2219=VERTEX_POINT('',#7156);
#2220=VERTEX_POINT('',#7158);
#2221=VERTEX_POINT('',#7162);
#2222=VERTEX_POINT('',#7164);
#2223=VERTEX_POINT('',#7173);
#2224=VERTEX_POINT('',#7174);
#2225=VERTEX_POINT('',#7176);
#2226=VERTEX_POINT('',#7178);
#2227=VERTEX_POINT('',#7182);
#2228=VERTEX_POINT('',#7183);
#2229=VERTEX_POINT('',#7185);
#2230=VERTEX_POINT('',#7187);
#2231=VERTEX_POINT('',#7191);
#2232=VERTEX_POINT('',#7193);
#2233=VERTEX_POINT('',#7197);
#2234=VERTEX_POINT('',#7200);
#2235=VERTEX_POINT('',#7202);
#2236=VERTEX_POINT('',#7204);
#2237=VERTEX_POINT('',#7206);
#2238=VERTEX_POINT('',#7208);
#2239=VERTEX_POINT('',#7210);
#2240=VERTEX_POINT('',#7212);
#2241=VERTEX_POINT('',#7214);
#2242=VERTEX_POINT('',#7216);
#2243=VERTEX_POINT('',#7218);
#2244=VERTEX_POINT('',#7222);
#2245=VERTEX_POINT('',#7226);
#2246=VERTEX_POINT('',#7232);
#2247=VERTEX_POINT('',#7236);
#2248=VERTEX_POINT('',#7238);
#2249=VERTEX_POINT('',#7242);
#2250=VERTEX_POINT('',#7246);
#2251=VERTEX_POINT('',#7252);
#2252=VERTEX_POINT('',#7254);
#2253=VERTEX_POINT('',#7258);
#2254=VERTEX_POINT('',#7262);
#2255=VERTEX_POINT('',#7271);
#2256=VERTEX_POINT('',#7272);
#2257=VERTEX_POINT('',#7274);
#2258=VERTEX_POINT('',#7276);
#2259=VERTEX_POINT('',#7280);
#2260=VERTEX_POINT('',#7281);
#2261=VERTEX_POINT('',#7286);
#2262=VERTEX_POINT('',#7287);
#2263=VERTEX_POINT('',#7295);
#2264=VERTEX_POINT('',#7296);
#2265=VERTEX_POINT('',#7298);
#2266=VERTEX_POINT('',#7300);
#2267=VERTEX_POINT('',#7303);
#2268=VERTEX_POINT('',#7304);
#2269=VERTEX_POINT('',#7306);
#2270=VERTEX_POINT('',#7308);
#2271=VERTEX_POINT('',#7311);
#2272=VERTEX_POINT('',#7312);
#2273=VERTEX_POINT('',#7314);
#2274=VERTEX_POINT('',#7316);
#2275=VERTEX_POINT('',#7319);
#2276=VERTEX_POINT('',#7320);
#2277=VERTEX_POINT('',#7322);
#2278=VERTEX_POINT('',#7324);
#2279=VERTEX_POINT('',#7327);
#2280=VERTEX_POINT('',#7328);
#2281=VERTEX_POINT('',#7330);
#2282=VERTEX_POINT('',#7332);
#2283=VERTEX_POINT('',#7335);
#2284=VERTEX_POINT('',#7336);
#2285=VERTEX_POINT('',#7338);
#2286=VERTEX_POINT('',#7340);
#2287=VERTEX_POINT('',#7343);
#2288=VERTEX_POINT('',#7344);
#2289=VERTEX_POINT('',#7346);
#2290=VERTEX_POINT('',#7348);
#2291=VERTEX_POINT('',#7351);
#2292=VERTEX_POINT('',#7352);
#2293=VERTEX_POINT('',#7354);
#2294=VERTEX_POINT('',#7356);
#2295=VERTEX_POINT('',#7359);
#2296=VERTEX_POINT('',#7360);
#2297=VERTEX_POINT('',#7362);
#2298=VERTEX_POINT('',#7364);
#2299=VERTEX_POINT('',#7367);
#2300=VERTEX_POINT('',#7368);
#2301=VERTEX_POINT('',#7370);
#2302=VERTEX_POINT('',#7372);
#2303=VERTEX_POINT('',#7375);
#2304=VERTEX_POINT('',#7376);
#2305=VERTEX_POINT('',#7378);
#2306=VERTEX_POINT('',#7380);
#2307=VERTEX_POINT('',#7383);
#2308=VERTEX_POINT('',#7384);
#2309=VERTEX_POINT('',#7386);
#2310=VERTEX_POINT('',#7388);
#2311=VERTEX_POINT('',#7391);
#2312=VERTEX_POINT('',#7392);
#2313=VERTEX_POINT('',#7394);
#2314=VERTEX_POINT('',#7396);
#2315=VERTEX_POINT('',#7399);
#2316=VERTEX_POINT('',#7400);
#2317=VERTEX_POINT('',#7402);
#2318=VERTEX_POINT('',#7404);
#2319=VERTEX_POINT('',#7407);
#2320=VERTEX_POINT('',#7408);
#2321=VERTEX_POINT('',#7410);
#2322=VERTEX_POINT('',#7412);
#2323=VERTEX_POINT('',#7415);
#2324=VERTEX_POINT('',#7416);
#2325=VERTEX_POINT('',#7418);
#2326=VERTEX_POINT('',#7420);
#2327=VERTEX_POINT('',#7423);
#2328=VERTEX_POINT('',#7424);
#2329=VERTEX_POINT('',#7426);
#2330=VERTEX_POINT('',#7428);
#2331=VERTEX_POINT('',#7431);
#2332=VERTEX_POINT('',#7432);
#2333=VERTEX_POINT('',#7434);
#2334=VERTEX_POINT('',#7436);
#2335=VERTEX_POINT('',#7439);
#2336=VERTEX_POINT('',#7440);
#2337=VERTEX_POINT('',#7442);
#2338=VERTEX_POINT('',#7444);
#2339=VERTEX_POINT('',#7447);
#2340=VERTEX_POINT('',#7448);
#2341=VERTEX_POINT('',#7450);
#2342=VERTEX_POINT('',#7452);
#2343=VERTEX_POINT('',#7455);
#2344=VERTEX_POINT('',#7456);
#2345=VERTEX_POINT('',#7458);
#2346=VERTEX_POINT('',#7460);
#2347=VERTEX_POINT('',#7463);
#2348=VERTEX_POINT('',#7464);
#2349=VERTEX_POINT('',#7466);
#2350=VERTEX_POINT('',#7468);
#2351=VERTEX_POINT('',#7471);
#2352=VERTEX_POINT('',#7472);
#2353=VERTEX_POINT('',#7474);
#2354=VERTEX_POINT('',#7476);
#2355=VERTEX_POINT('',#7479);
#2356=VERTEX_POINT('',#7480);
#2357=VERTEX_POINT('',#7482);
#2358=VERTEX_POINT('',#7484);
#2359=VERTEX_POINT('',#7487);
#2360=VERTEX_POINT('',#7488);
#2361=VERTEX_POINT('',#7490);
#2362=VERTEX_POINT('',#7492);
#2363=VERTEX_POINT('',#7495);
#2364=VERTEX_POINT('',#7496);
#2365=VERTEX_POINT('',#7498);
#2366=VERTEX_POINT('',#7500);
#2367=VERTEX_POINT('',#7503);
#2368=VERTEX_POINT('',#7504);
#2369=VERTEX_POINT('',#7506);
#2370=VERTEX_POINT('',#7508);
#2371=VERTEX_POINT('',#7512);
#2372=VERTEX_POINT('',#7513);
#2373=VERTEX_POINT('',#7515);
#2374=VERTEX_POINT('',#7517);
#2375=VERTEX_POINT('',#7520);
#2376=VERTEX_POINT('',#7521);
#2377=VERTEX_POINT('',#7523);
#2378=VERTEX_POINT('',#7525);
#2379=VERTEX_POINT('',#7528);
#2380=VERTEX_POINT('',#7529);
#2381=VERTEX_POINT('',#7531);
#2382=VERTEX_POINT('',#7533);
#2383=VERTEX_POINT('',#7536);
#2384=VERTEX_POINT('',#7537);
#2385=VERTEX_POINT('',#7539);
#2386=VERTEX_POINT('',#7541);
#2387=VERTEX_POINT('',#7544);
#2388=VERTEX_POINT('',#7545);
#2389=VERTEX_POINT('',#7547);
#2390=VERTEX_POINT('',#7549);
#2391=VERTEX_POINT('',#7552);
#2392=VERTEX_POINT('',#7553);
#2393=VERTEX_POINT('',#7555);
#2394=VERTEX_POINT('',#7557);
#2395=VERTEX_POINT('',#7560);
#2396=VERTEX_POINT('',#7561);
#2397=VERTEX_POINT('',#7563);
#2398=VERTEX_POINT('',#7565);
#2399=VERTEX_POINT('',#7568);
#2400=VERTEX_POINT('',#7569);
#2401=VERTEX_POINT('',#7571);
#2402=VERTEX_POINT('',#7573);
#2403=VERTEX_POINT('',#7576);
#2404=VERTEX_POINT('',#7577);
#2405=VERTEX_POINT('',#7579);
#2406=VERTEX_POINT('',#7581);
#2407=VERTEX_POINT('',#7584);
#2408=VERTEX_POINT('',#7585);
#2409=VERTEX_POINT('',#7587);
#2410=VERTEX_POINT('',#7589);
#2411=VERTEX_POINT('',#7592);
#2412=VERTEX_POINT('',#7593);
#2413=VERTEX_POINT('',#7595);
#2414=VERTEX_POINT('',#7597);
#2415=VERTEX_POINT('',#7600);
#2416=VERTEX_POINT('',#7601);
#2417=VERTEX_POINT('',#7603);
#2418=VERTEX_POINT('',#7605);
#2419=VERTEX_POINT('',#7608);
#2420=VERTEX_POINT('',#7609);
#2421=VERTEX_POINT('',#7611);
#2422=VERTEX_POINT('',#7613);
#2423=VERTEX_POINT('',#7616);
#2424=VERTEX_POINT('',#7617);
#2425=VERTEX_POINT('',#7619);
#2426=VERTEX_POINT('',#7621);
#2427=VERTEX_POINT('',#7624);
#2428=VERTEX_POINT('',#7625);
#2429=VERTEX_POINT('',#7627);
#2430=VERTEX_POINT('',#7629);
#2431=VERTEX_POINT('',#7632);
#2432=VERTEX_POINT('',#7633);
#2433=VERTEX_POINT('',#7635);
#2434=VERTEX_POINT('',#7637);
#2435=VERTEX_POINT('',#7640);
#2436=VERTEX_POINT('',#7641);
#2437=VERTEX_POINT('',#7643);
#2438=VERTEX_POINT('',#7645);
#2439=VERTEX_POINT('',#7648);
#2440=VERTEX_POINT('',#7649);
#2441=VERTEX_POINT('',#7651);
#2442=VERTEX_POINT('',#7653);
#2443=VERTEX_POINT('',#7656);
#2444=VERTEX_POINT('',#7657);
#2445=VERTEX_POINT('',#7659);
#2446=VERTEX_POINT('',#7661);
#2447=VERTEX_POINT('',#7664);
#2448=VERTEX_POINT('',#7665);
#2449=VERTEX_POINT('',#7667);
#2450=VERTEX_POINT('',#7669);
#2451=VERTEX_POINT('',#7672);
#2452=VERTEX_POINT('',#7673);
#2453=VERTEX_POINT('',#7675);
#2454=VERTEX_POINT('',#7677);
#2455=VERTEX_POINT('',#7680);
#2456=VERTEX_POINT('',#7681);
#2457=VERTEX_POINT('',#7683);
#2458=VERTEX_POINT('',#7685);
#2459=VERTEX_POINT('',#7688);
#2460=VERTEX_POINT('',#7689);
#2461=VERTEX_POINT('',#7691);
#2462=VERTEX_POINT('',#7693);
#2463=VERTEX_POINT('',#7696);
#2464=VERTEX_POINT('',#7697);
#2465=VERTEX_POINT('',#7699);
#2466=VERTEX_POINT('',#7701);
#2467=VERTEX_POINT('',#7704);
#2468=VERTEX_POINT('',#7705);
#2469=VERTEX_POINT('',#7707);
#2470=VERTEX_POINT('',#7709);
#2471=VERTEX_POINT('',#7712);
#2472=VERTEX_POINT('',#7713);
#2473=VERTEX_POINT('',#7715);
#2474=VERTEX_POINT('',#7717);
#2475=VERTEX_POINT('',#7721);
#2476=VERTEX_POINT('',#7723);
#2477=VERTEX_POINT('',#7727);
#2478=VERTEX_POINT('',#7731);
#2479=VERTEX_POINT('',#7737);
#2480=VERTEX_POINT('',#7739);
#2481=VERTEX_POINT('',#7743);
#2482=VERTEX_POINT('',#7747);
#2483=VERTEX_POINT('',#7753);
#2484=VERTEX_POINT('',#7755);
#2485=VERTEX_POINT('',#7759);
#2486=VERTEX_POINT('',#7763);
#2487=VERTEX_POINT('',#7769);
#2488=VERTEX_POINT('',#7771);
#2489=VERTEX_POINT('',#7775);
#2490=VERTEX_POINT('',#7779);
#2491=VERTEX_POINT('',#7785);
#2492=VERTEX_POINT('',#7787);
#2493=VERTEX_POINT('',#7791);
#2494=VERTEX_POINT('',#7795);
#2495=VERTEX_POINT('',#7801);
#2496=VERTEX_POINT('',#7803);
#2497=VERTEX_POINT('',#7807);
#2498=VERTEX_POINT('',#7811);
#2499=VERTEX_POINT('',#7817);
#2500=VERTEX_POINT('',#7819);
#2501=VERTEX_POINT('',#7823);
#2502=VERTEX_POINT('',#7827);
#2503=VERTEX_POINT('',#7833);
#2504=VERTEX_POINT('',#7835);
#2505=VERTEX_POINT('',#7839);
#2506=VERTEX_POINT('',#7843);
#2507=VERTEX_POINT('',#7849);
#2508=VERTEX_POINT('',#7851);
#2509=VERTEX_POINT('',#7855);
#2510=VERTEX_POINT('',#7859);
#2511=VERTEX_POINT('',#7865);
#2512=VERTEX_POINT('',#7867);
#2513=VERTEX_POINT('',#7871);
#2514=VERTEX_POINT('',#7875);
#2515=VERTEX_POINT('',#7881);
#2516=VERTEX_POINT('',#7883);
#2517=VERTEX_POINT('',#7887);
#2518=VERTEX_POINT('',#7891);
#2519=VERTEX_POINT('',#7897);
#2520=VERTEX_POINT('',#7899);
#2521=VERTEX_POINT('',#7903);
#2522=VERTEX_POINT('',#7907);
#2523=VERTEX_POINT('',#7913);
#2524=VERTEX_POINT('',#7915);
#2525=VERTEX_POINT('',#7919);
#2526=VERTEX_POINT('',#7923);
#2527=VERTEX_POINT('',#7929);
#2528=VERTEX_POINT('',#7931);
#2529=VERTEX_POINT('',#7935);
#2530=VERTEX_POINT('',#7939);
#2531=VERTEX_POINT('',#7945);
#2532=VERTEX_POINT('',#7947);
#2533=VERTEX_POINT('',#7951);
#2534=VERTEX_POINT('',#7955);
#2535=VERTEX_POINT('',#7961);
#2536=VERTEX_POINT('',#7963);
#2537=VERTEX_POINT('',#7967);
#2538=VERTEX_POINT('',#7971);
#2539=VERTEX_POINT('',#7977);
#2540=VERTEX_POINT('',#7979);
#2541=VERTEX_POINT('',#7983);
#2542=VERTEX_POINT('',#7987);
#2543=VERTEX_POINT('',#7993);
#2544=VERTEX_POINT('',#7995);
#2545=VERTEX_POINT('',#7999);
#2546=VERTEX_POINT('',#8003);
#2547=VERTEX_POINT('',#8009);
#2548=VERTEX_POINT('',#8011);
#2549=VERTEX_POINT('',#8015);
#2550=VERTEX_POINT('',#8019);
#2551=VERTEX_POINT('',#8025);
#2552=VERTEX_POINT('',#8027);
#2553=VERTEX_POINT('',#8031);
#2554=VERTEX_POINT('',#8035);
#2555=VERTEX_POINT('',#8041);
#2556=VERTEX_POINT('',#8043);
#2557=VERTEX_POINT('',#8047);
#2558=VERTEX_POINT('',#8051);
#2559=VERTEX_POINT('',#8057);
#2560=VERTEX_POINT('',#8059);
#2561=VERTEX_POINT('',#8063);
#2562=VERTEX_POINT('',#8067);
#2563=VERTEX_POINT('',#8073);
#2564=VERTEX_POINT('',#8075);
#2565=VERTEX_POINT('',#8079);
#2566=VERTEX_POINT('',#8083);
#2567=VERTEX_POINT('',#8089);
#2568=VERTEX_POINT('',#8091);
#2569=VERTEX_POINT('',#8095);
#2570=VERTEX_POINT('',#8099);
#2571=VERTEX_POINT('',#8105);
#2572=VERTEX_POINT('',#8107);
#2573=VERTEX_POINT('',#8111);
#2574=VERTEX_POINT('',#8115);
#2575=VERTEX_POINT('',#8121);
#2576=VERTEX_POINT('',#8123);
#2577=VERTEX_POINT('',#8127);
#2578=VERTEX_POINT('',#8131);
#2579=EDGE_CURVE('',#2139,#2140,#735,.T.);
#2580=EDGE_CURVE('',#2141,#2139,#736,.T.);
#2581=EDGE_CURVE('',#2141,#2142,#737,.T.);
#2582=EDGE_CURVE('',#2142,#2140,#738,.T.);
#2583=EDGE_CURVE('',#2139,#2143,#739,.T.);
#2584=EDGE_CURVE('',#2144,#2143,#740,.T.);
#2585=EDGE_CURVE('',#2141,#2144,#741,.T.);
#2586=EDGE_CURVE('',#2143,#2145,#742,.T.);
#2587=EDGE_CURVE('',#2146,#2145,#743,.T.);
#2588=EDGE_CURVE('',#2144,#2146,#744,.T.);
#2589=EDGE_CURVE('',#2140,#2145,#745,.T.);
#2590=EDGE_CURVE('',#2142,#2146,#746,.T.);
#2591=EDGE_CURVE('',#2147,#2148,#747,.T.);
#2592=EDGE_CURVE('',#2147,#2149,#748,.T.);
#2593=EDGE_CURVE('',#2150,#2149,#749,.T.);
#2594=EDGE_CURVE('',#2148,#2150,#750,.T.);
#2595=EDGE_CURVE('',#2151,#2152,#751,.T.);
#2596=EDGE_CURVE('',#2151,#2153,#752,.T.);
#2597=EDGE_CURVE('',#2154,#2153,#753,.T.);
#2598=EDGE_CURVE('',#2152,#2154,#754,.T.);
#2599=EDGE_CURVE('',#2155,#2156,#755,.T.);
#2600=EDGE_CURVE('',#2156,#2157,#756,.T.);
#2601=EDGE_CURVE('',#2157,#2158,#757,.T.);
#2602=EDGE_CURVE('',#2158,#2155,#758,.T.);
#2603=EDGE_CURVE('',#2159,#2160,#759,.T.);
#2604=EDGE_CURVE('',#2160,#2161,#760,.T.);
#2605=EDGE_CURVE('',#2161,#2162,#761,.T.);
#2606=EDGE_CURVE('',#2162,#2159,#762,.T.);
#2607=EDGE_CURVE('',#2153,#2147,#763,.T.);
#2608=EDGE_CURVE('',#2149,#2151,#764,.T.);
#2609=EDGE_CURVE('',#2163,#2155,#765,.T.);
#2610=EDGE_CURVE('',#2163,#2164,#766,.T.);
#2611=EDGE_CURVE('',#2164,#2156,#767,.T.);
#2612=EDGE_CURVE('',#2165,#2158,#768,.T.);
#2613=EDGE_CURVE('',#2165,#2163,#769,.T.);
#2614=EDGE_CURVE('',#2166,#2157,#770,.T.);
#2615=EDGE_CURVE('',#2166,#2165,#771,.T.);
#2616=EDGE_CURVE('',#2164,#2166,#772,.T.);
#2617=EDGE_CURVE('',#2167,#2168,#773,.T.);
#2618=EDGE_CURVE('',#2169,#2167,#774,.T.);
#2619=EDGE_CURVE('',#2170,#2169,#775,.T.);
#2620=EDGE_CURVE('',#2168,#2170,#776,.T.);
#2621=EDGE_CURVE('',#2171,#2167,#777,.T.);
#2622=EDGE_CURVE('',#2172,#2171,#778,.T.);
#2623=EDGE_CURVE('',#2172,#2169,#779,.T.);
#2624=EDGE_CURVE('',#2173,#2172,#780,.T.);
#2625=EDGE_CURVE('',#2173,#2170,#781,.T.);
#2626=EDGE_CURVE('',#2174,#2173,#782,.T.);
#2627=EDGE_CURVE('',#2174,#2168,#783,.T.);
#2628=EDGE_CURVE('',#2171,#2174,#784,.T.);
#2629=EDGE_CURVE('',#2175,#2176,#785,.T.);
#2630=EDGE_CURVE('',#2175,#2177,#786,.T.);
#2631=EDGE_CURVE('',#2177,#2178,#787,.T.);
#2632=EDGE_CURVE('',#2178,#2176,#788,.F.);
#2633=EDGE_CURVE('',#2179,#2180,#789,.T.);
#2634=EDGE_CURVE('',#2180,#2181,#790,.F.);
#2635=EDGE_CURVE('',#2182,#2181,#791,.T.);
#2636=EDGE_CURVE('',#2182,#2179,#792,.T.);
#2637=EDGE_CURVE('',#2183,#2184,#793,.T.);
#2638=EDGE_CURVE('',#2184,#2185,#794,.F.);
#2639=EDGE_CURVE('',#2186,#2185,#795,.T.);
#2640=EDGE_CURVE('',#2186,#2183,#796,.T.);
#2641=EDGE_CURVE('',#2187,#2188,#797,.T.);
#2642=EDGE_CURVE('',#2187,#2189,#798,.T.);
#2643=EDGE_CURVE('',#2189,#2190,#799,.T.);
#2644=EDGE_CURVE('',#2190,#2188,#800,.F.);
#2645=EDGE_CURVE('',#2185,#2187,#17,.T.);
#2646=EDGE_CURVE('',#2188,#2175,#18,.T.);
#2647=EDGE_CURVE('',#2176,#2182,#19,.T.);
#2648=EDGE_CURVE('',#2181,#2186,#20,.T.);
#2649=EDGE_CURVE('',#2189,#2184,#21,.F.);
#2650=EDGE_CURVE('',#2183,#2180,#22,.F.);
#2651=EDGE_CURVE('',#2179,#2178,#23,.F.);
#2652=EDGE_CURVE('',#2177,#2190,#24,.F.);
#2653=EDGE_CURVE('',#2191,#2192,#801,.T.);
#2654=EDGE_CURVE('',#2193,#2192,#802,.T.);
#2655=EDGE_CURVE('',#2194,#2193,#803,.T.);
#2656=EDGE_CURVE('',#2194,#2191,#804,.T.);
#2657=EDGE_CURVE('',#2192,#2195,#805,.T.);
#2658=EDGE_CURVE('',#2196,#2195,#806,.T.);
#2659=EDGE_CURVE('',#2193,#2196,#807,.T.);
#2660=EDGE_CURVE('',#2195,#2197,#808,.T.);
#2661=EDGE_CURVE('',#2198,#2197,#809,.T.);
#2662=EDGE_CURVE('',#2196,#2198,#810,.T.);
#2663=EDGE_CURVE('',#2197,#2191,#811,.T.);
#2664=EDGE_CURVE('',#2198,#2194,#812,.T.);
#2665=EDGE_CURVE('',#2199,#2200,#813,.T.);
#2666=EDGE_CURVE('',#2201,#2200,#814,.T.);
#2667=EDGE_CURVE('',#2202,#2201,#815,.T.);
#2668=EDGE_CURVE('',#2202,#2199,#816,.T.);
#2669=EDGE_CURVE('',#2200,#2203,#817,.T.);
#2670=EDGE_CURVE('',#2204,#2203,#818,.T.);
#2671=EDGE_CURVE('',#2201,#2204,#819,.T.);
#2672=EDGE_CURVE('',#2203,#2205,#820,.T.);
#2673=EDGE_CURVE('',#2206,#2205,#821,.T.);
#2674=EDGE_CURVE('',#2204,#2206,#822,.T.);
#2675=EDGE_CURVE('',#2205,#2199,#823,.T.);
#2676=EDGE_CURVE('',#2206,#2202,#824,.T.);
#2677=EDGE_CURVE('',#2207,#2208,#825,.T.);
#2678=EDGE_CURVE('',#2209,#2208,#826,.T.);
#2679=EDGE_CURVE('',#2210,#2209,#827,.T.);
#2680=EDGE_CURVE('',#2210,#2207,#828,.T.);
#2681=EDGE_CURVE('',#2208,#2211,#829,.T.);
#2682=EDGE_CURVE('',#2212,#2211,#830,.T.);
#2683=EDGE_CURVE('',#2209,#2212,#831,.T.);
#2684=EDGE_CURVE('',#2211,#2213,#832,.T.);
#2685=EDGE_CURVE('',#2214,#2213,#833,.T.);
#2686=EDGE_CURVE('',#2212,#2214,#834,.T.);
#2687=EDGE_CURVE('',#2213,#2207,#835,.T.);
#2688=EDGE_CURVE('',#2214,#2210,#836,.T.);
#2689=EDGE_CURVE('',#2215,#2216,#837,.T.);
#2690=EDGE_CURVE('',#2217,#2216,#838,.T.);
#2691=EDGE_CURVE('',#2218,#2217,#839,.T.);
#2692=EDGE_CURVE('',#2218,#2215,#840,.T.);
#2693=EDGE_CURVE('',#2216,#2219,#841,.T.);
#2694=EDGE_CURVE('',#2220,#2219,#842,.T.);
#2695=EDGE_CURVE('',#2217,#2220,#843,.T.);
#2696=EDGE_CURVE('',#2219,#2221,#844,.T.);
#2697=EDGE_CURVE('',#2222,#2221,#845,.T.);
#2698=EDGE_CURVE('',#2220,#2222,#846,.T.);
#2699=EDGE_CURVE('',#2221,#2215,#847,.T.);
#2700=EDGE_CURVE('',#2222,#2218,#848,.T.);
#2701=EDGE_CURVE('',#2223,#2224,#849,.T.);
#2702=EDGE_CURVE('',#2225,#2223,#850,.T.);
#2703=EDGE_CURVE('',#2226,#2225,#851,.T.);
#2704=EDGE_CURVE('',#2224,#2226,#852,.T.);
#2705=EDGE_CURVE('',#2227,#2228,#853,.T.);
#2706=EDGE_CURVE('',#2229,#2227,#854,.T.);
#2707=EDGE_CURVE('',#2230,#2229,#855,.T.);
#2708=EDGE_CURVE('',#2228,#2230,#856,.T.);
#2709=EDGE_CURVE('',#2229,#2231,#857,.T.);
#2710=EDGE_CURVE('',#2231,#2232,#858,.T.);
#2711=EDGE_CURVE('',#2230,#2232,#859,.T.);
#2712=EDGE_CURVE('',#2232,#2233,#860,.T.);
#2713=EDGE_CURVE('',#2223,#2233,#861,.T.);
#2714=EDGE_CURVE('',#2224,#2234,#862,.T.);
#2715=EDGE_CURVE('',#2234,#2235,#863,.T.);
#2716=EDGE_CURVE('',#2235,#2236,#864,.T.);
#2717=EDGE_CURVE('',#2236,#2237,#865,.T.);
#2718=EDGE_CURVE('',#2237,#2238,#866,.T.);
#2719=EDGE_CURVE('',#2238,#2239,#867,.T.);
#2720=EDGE_CURVE('',#2239,#2240,#868,.T.);
#2721=EDGE_CURVE('',#2240,#2241,#869,.T.);
#2722=EDGE_CURVE('',#2241,#2242,#870,.T.);
#2723=EDGE_CURVE('',#2242,#2243,#871,.T.);
#2724=EDGE_CURVE('',#2228,#2243,#872,.T.);
#2725=EDGE_CURVE('',#2226,#2244,#873,.T.);
#2726=EDGE_CURVE('',#2234,#2244,#874,.T.);
#2727=EDGE_CURVE('',#2245,#2231,#875,.T.);
#2728=EDGE_CURVE('',#2233,#2245,#876,.T.);
#2729=EDGE_CURVE('',#2225,#2245,#877,.T.);
#2730=EDGE_CURVE('',#2227,#2246,#878,.T.);
#2731=EDGE_CURVE('',#2244,#2246,#879,.T.);
#2732=EDGE_CURVE('',#2239,#2247,#880,.T.);
#2733=EDGE_CURVE('',#2248,#2247,#881,.T.);
#2734=EDGE_CURVE('',#2240,#2248,#882,.T.);
#2735=EDGE_CURVE('',#2249,#2248,#883,.T.);
#2736=EDGE_CURVE('',#2241,#2249,#884,.T.);
#2737=EDGE_CURVE('',#2250,#2249,#885,.T.);
#2738=EDGE_CURVE('',#2242,#2250,#886,.T.);
#2739=EDGE_CURVE('',#2247,#2250,#887,.T.);
#2740=EDGE_CURVE('',#2235,#2251,#888,.T.);
#2741=EDGE_CURVE('',#2252,#2251,#889,.T.);
#2742=EDGE_CURVE('',#2236,#2252,#890,.T.);
#2743=EDGE_CURVE('',#2253,#2252,#891,.T.);
#2744=EDGE_CURVE('',#2237,#2253,#892,.T.);
#2745=EDGE_CURVE('',#2254,#2253,#893,.T.);
#2746=EDGE_CURVE('',#2238,#2254,#894,.T.);
#2747=EDGE_CURVE('',#2251,#2254,#895,.T.);
#2748=EDGE_CURVE('',#2243,#2246,#896,.T.);
#2749=EDGE_CURVE('',#2255,#2256,#897,.T.);
#2750=EDGE_CURVE('',#2255,#2257,#898,.T.);
#2751=EDGE_CURVE('',#2257,#2258,#899,.T.);
#2752=EDGE_CURVE('',#2258,#2256,#900,.T.);
#2753=EDGE_CURVE('',#2259,#2260,#901,.T.);
#2754=EDGE_CURVE('',#2259,#2255,#902,.T.);
#2755=EDGE_CURVE('',#2256,#2260,#903,.T.);
#2756=EDGE_CURVE('',#2261,#2262,#904,.T.);
#2757=EDGE_CURVE('',#2261,#2259,#905,.T.);
#2758=EDGE_CURVE('',#2260,#2262,#906,.T.);
#2759=EDGE_CURVE('',#2257,#2261,#907,.T.);
#2760=EDGE_CURVE('',#2262,#2258,#908,.T.);
#2761=EDGE_CURVE('',#2263,#2264,#909,.T.);
#2762=EDGE_CURVE('',#2264,#2265,#910,.T.);
#2763=EDGE_CURVE('',#2265,#2266,#911,.T.);
#2764=EDGE_CURVE('',#2266,#2263,#912,.T.);
#2765=EDGE_CURVE('',#2267,#2268,#913,.T.);
#2766=EDGE_CURVE('',#2268,#2269,#914,.T.);
#2767=EDGE_CURVE('',#2269,#2270,#915,.T.);
#2768=EDGE_CURVE('',#2270,#2267,#916,.T.);
#2769=EDGE_CURVE('',#2271,#2272,#917,.T.);
#2770=EDGE_CURVE('',#2272,#2273,#918,.T.);
#2771=EDGE_CURVE('',#2273,#2274,#919,.T.);
#2772=EDGE_CURVE('',#2274,#2271,#920,.T.);
#2773=EDGE_CURVE('',#2275,#2276,#921,.T.);
#2774=EDGE_CURVE('',#2276,#2277,#922,.T.);
#2775=EDGE_CURVE('',#2277,#2278,#923,.T.);
#2776=EDGE_CURVE('',#2278,#2275,#924,.T.);
#2777=EDGE_CURVE('',#2279,#2280,#925,.T.);
#2778=EDGE_CURVE('',#2280,#2281,#926,.T.);
#2779=EDGE_CURVE('',#2281,#2282,#927,.T.);
#2780=EDGE_CURVE('',#2282,#2279,#928,.T.);
#2781=EDGE_CURVE('',#2283,#2284,#929,.T.);
#2782=EDGE_CURVE('',#2284,#2285,#930,.T.);
#2783=EDGE_CURVE('',#2285,#2286,#931,.T.);
#2784=EDGE_CURVE('',#2286,#2283,#932,.T.);
#2785=EDGE_CURVE('',#2287,#2288,#933,.T.);
#2786=EDGE_CURVE('',#2288,#2289,#934,.T.);
#2787=EDGE_CURVE('',#2289,#2290,#935,.T.);
#2788=EDGE_CURVE('',#2290,#2287,#936,.T.);
#2789=EDGE_CURVE('',#2291,#2292,#937,.T.);
#2790=EDGE_CURVE('',#2292,#2293,#938,.T.);
#2791=EDGE_CURVE('',#2293,#2294,#939,.T.);
#2792=EDGE_CURVE('',#2294,#2291,#940,.T.);
#2793=EDGE_CURVE('',#2295,#2296,#941,.T.);
#2794=EDGE_CURVE('',#2296,#2297,#942,.T.);
#2795=EDGE_CURVE('',#2297,#2298,#943,.T.);
#2796=EDGE_CURVE('',#2298,#2295,#944,.T.);
#2797=EDGE_CURVE('',#2299,#2300,#945,.T.);
#2798=EDGE_CURVE('',#2300,#2301,#946,.T.);
#2799=EDGE_CURVE('',#2301,#2302,#947,.T.);
#2800=EDGE_CURVE('',#2302,#2299,#948,.T.);
#2801=EDGE_CURVE('',#2303,#2304,#949,.T.);
#2802=EDGE_CURVE('',#2304,#2305,#950,.T.);
#2803=EDGE_CURVE('',#2305,#2306,#951,.T.);
#2804=EDGE_CURVE('',#2306,#2303,#952,.T.);
#2805=EDGE_CURVE('',#2307,#2308,#953,.T.);
#2806=EDGE_CURVE('',#2308,#2309,#954,.T.);
#2807=EDGE_CURVE('',#2309,#2310,#955,.T.);
#2808=EDGE_CURVE('',#2310,#2307,#956,.T.);
#2809=EDGE_CURVE('',#2311,#2312,#957,.T.);
#2810=EDGE_CURVE('',#2312,#2313,#958,.T.);
#2811=EDGE_CURVE('',#2313,#2314,#959,.T.);
#2812=EDGE_CURVE('',#2314,#2311,#960,.T.);
#2813=EDGE_CURVE('',#2315,#2316,#961,.T.);
#2814=EDGE_CURVE('',#2316,#2317,#962,.T.);
#2815=EDGE_CURVE('',#2317,#2318,#963,.T.);
#2816=EDGE_CURVE('',#2318,#2315,#964,.T.);
#2817=EDGE_CURVE('',#2319,#2320,#965,.T.);
#2818=EDGE_CURVE('',#2320,#2321,#966,.T.);
#2819=EDGE_CURVE('',#2321,#2322,#967,.T.);
#2820=EDGE_CURVE('',#2322,#2319,#968,.T.);
#2821=EDGE_CURVE('',#2323,#2324,#969,.T.);
#2822=EDGE_CURVE('',#2324,#2325,#970,.T.);
#2823=EDGE_CURVE('',#2325,#2326,#971,.T.);
#2824=EDGE_CURVE('',#2326,#2323,#972,.T.);
#2825=EDGE_CURVE('',#2327,#2328,#973,.T.);
#2826=EDGE_CURVE('',#2328,#2329,#974,.T.);
#2827=EDGE_CURVE('',#2329,#2330,#975,.T.);
#2828=EDGE_CURVE('',#2330,#2327,#976,.T.);
#2829=EDGE_CURVE('',#2331,#2332,#977,.T.);
#2830=EDGE_CURVE('',#2332,#2333,#978,.T.);
#2831=EDGE_CURVE('',#2333,#2334,#979,.T.);
#2832=EDGE_CURVE('',#2334,#2331,#980,.T.);
#2833=EDGE_CURVE('',#2335,#2336,#981,.T.);
#2834=EDGE_CURVE('',#2336,#2337,#982,.T.);
#2835=EDGE_CURVE('',#2337,#2338,#983,.T.);
#2836=EDGE_CURVE('',#2338,#2335,#984,.T.);
#2837=EDGE_CURVE('',#2339,#2340,#985,.T.);
#2838=EDGE_CURVE('',#2340,#2341,#986,.T.);
#2839=EDGE_CURVE('',#2341,#2342,#987,.T.);
#2840=EDGE_CURVE('',#2342,#2339,#988,.T.);
#2841=EDGE_CURVE('',#2343,#2344,#989,.T.);
#2842=EDGE_CURVE('',#2344,#2345,#990,.T.);
#2843=EDGE_CURVE('',#2345,#2346,#991,.T.);
#2844=EDGE_CURVE('',#2346,#2343,#992,.T.);
#2845=EDGE_CURVE('',#2347,#2348,#993,.T.);
#2846=EDGE_CURVE('',#2348,#2349,#994,.T.);
#2847=EDGE_CURVE('',#2349,#2350,#995,.T.);
#2848=EDGE_CURVE('',#2350,#2347,#996,.T.);
#2849=EDGE_CURVE('',#2351,#2352,#997,.T.);
#2850=EDGE_CURVE('',#2352,#2353,#998,.T.);
#2851=EDGE_CURVE('',#2353,#2354,#999,.T.);
#2852=EDGE_CURVE('',#2354,#2351,#1000,.T.);
#2853=EDGE_CURVE('',#2355,#2356,#1001,.T.);
#2854=EDGE_CURVE('',#2356,#2357,#1002,.T.);
#2855=EDGE_CURVE('',#2357,#2358,#1003,.T.);
#2856=EDGE_CURVE('',#2358,#2355,#1004,.T.);
#2857=EDGE_CURVE('',#2359,#2360,#1005,.T.);
#2858=EDGE_CURVE('',#2360,#2361,#1006,.T.);
#2859=EDGE_CURVE('',#2361,#2362,#1007,.T.);
#2860=EDGE_CURVE('',#2362,#2359,#1008,.T.);
#2861=EDGE_CURVE('',#2363,#2364,#1009,.T.);
#2862=EDGE_CURVE('',#2364,#2365,#1010,.T.);
#2863=EDGE_CURVE('',#2365,#2366,#1011,.T.);
#2864=EDGE_CURVE('',#2366,#2363,#1012,.T.);
#2865=EDGE_CURVE('',#2367,#2368,#1013,.T.);
#2866=EDGE_CURVE('',#2368,#2369,#1014,.T.);
#2867=EDGE_CURVE('',#2369,#2370,#1015,.T.);
#2868=EDGE_CURVE('',#2370,#2367,#1016,.T.);
#2869=EDGE_CURVE('',#2371,#2372,#1017,.T.);
#2870=EDGE_CURVE('',#2372,#2373,#1018,.T.);
#2871=EDGE_CURVE('',#2373,#2374,#1019,.T.);
#2872=EDGE_CURVE('',#2374,#2371,#1020,.T.);
#2873=EDGE_CURVE('',#2375,#2376,#1021,.T.);
#2874=EDGE_CURVE('',#2376,#2377,#1022,.T.);
#2875=EDGE_CURVE('',#2377,#2378,#1023,.T.);
#2876=EDGE_CURVE('',#2378,#2375,#1024,.T.);
#2877=EDGE_CURVE('',#2379,#2380,#1025,.T.);
#2878=EDGE_CURVE('',#2380,#2381,#1026,.T.);
#2879=EDGE_CURVE('',#2381,#2382,#1027,.T.);
#2880=EDGE_CURVE('',#2382,#2379,#1028,.T.);
#2881=EDGE_CURVE('',#2383,#2384,#1029,.T.);
#2882=EDGE_CURVE('',#2384,#2385,#1030,.T.);
#2883=EDGE_CURVE('',#2385,#2386,#1031,.T.);
#2884=EDGE_CURVE('',#2386,#2383,#1032,.T.);
#2885=EDGE_CURVE('',#2387,#2388,#1033,.T.);
#2886=EDGE_CURVE('',#2388,#2389,#1034,.T.);
#2887=EDGE_CURVE('',#2389,#2390,#1035,.T.);
#2888=EDGE_CURVE('',#2390,#2387,#1036,.T.);
#2889=EDGE_CURVE('',#2391,#2392,#1037,.T.);
#2890=EDGE_CURVE('',#2392,#2393,#1038,.T.);
#2891=EDGE_CURVE('',#2393,#2394,#1039,.T.);
#2892=EDGE_CURVE('',#2394,#2391,#1040,.T.);
#2893=EDGE_CURVE('',#2395,#2396,#1041,.T.);
#2894=EDGE_CURVE('',#2396,#2397,#1042,.T.);
#2895=EDGE_CURVE('',#2397,#2398,#1043,.T.);
#2896=EDGE_CURVE('',#2398,#2395,#1044,.T.);
#2897=EDGE_CURVE('',#2399,#2400,#1045,.T.);
#2898=EDGE_CURVE('',#2400,#2401,#1046,.T.);
#2899=EDGE_CURVE('',#2401,#2402,#1047,.T.);
#2900=EDGE_CURVE('',#2402,#2399,#1048,.T.);
#2901=EDGE_CURVE('',#2403,#2404,#1049,.T.);
#2902=EDGE_CURVE('',#2404,#2405,#1050,.T.);
#2903=EDGE_CURVE('',#2405,#2406,#1051,.T.);
#2904=EDGE_CURVE('',#2406,#2403,#1052,.T.);
#2905=EDGE_CURVE('',#2407,#2408,#1053,.T.);
#2906=EDGE_CURVE('',#2408,#2409,#1054,.T.);
#2907=EDGE_CURVE('',#2409,#2410,#1055,.T.);
#2908=EDGE_CURVE('',#2410,#2407,#1056,.T.);
#2909=EDGE_CURVE('',#2411,#2412,#1057,.T.);
#2910=EDGE_CURVE('',#2412,#2413,#1058,.T.);
#2911=EDGE_CURVE('',#2413,#2414,#1059,.T.);
#2912=EDGE_CURVE('',#2414,#2411,#1060,.T.);
#2913=EDGE_CURVE('',#2415,#2416,#1061,.T.);
#2914=EDGE_CURVE('',#2416,#2417,#1062,.T.);
#2915=EDGE_CURVE('',#2417,#2418,#1063,.T.);
#2916=EDGE_CURVE('',#2418,#2415,#1064,.T.);
#2917=EDGE_CURVE('',#2419,#2420,#1065,.T.);
#2918=EDGE_CURVE('',#2420,#2421,#1066,.T.);
#2919=EDGE_CURVE('',#2421,#2422,#1067,.T.);
#2920=EDGE_CURVE('',#2422,#2419,#1068,.T.);
#2921=EDGE_CURVE('',#2423,#2424,#1069,.T.);
#2922=EDGE_CURVE('',#2424,#2425,#1070,.T.);
#2923=EDGE_CURVE('',#2425,#2426,#1071,.T.);
#2924=EDGE_CURVE('',#2426,#2423,#1072,.T.);
#2925=EDGE_CURVE('',#2427,#2428,#1073,.T.);
#2926=EDGE_CURVE('',#2428,#2429,#1074,.T.);
#2927=EDGE_CURVE('',#2429,#2430,#1075,.T.);
#2928=EDGE_CURVE('',#2430,#2427,#1076,.T.);
#2929=EDGE_CURVE('',#2431,#2432,#1077,.T.);
#2930=EDGE_CURVE('',#2432,#2433,#1078,.T.);
#2931=EDGE_CURVE('',#2433,#2434,#1079,.T.);
#2932=EDGE_CURVE('',#2434,#2431,#1080,.T.);
#2933=EDGE_CURVE('',#2435,#2436,#1081,.T.);
#2934=EDGE_CURVE('',#2436,#2437,#1082,.T.);
#2935=EDGE_CURVE('',#2437,#2438,#1083,.T.);
#2936=EDGE_CURVE('',#2438,#2435,#1084,.T.);
#2937=EDGE_CURVE('',#2439,#2440,#1085,.T.);
#2938=EDGE_CURVE('',#2440,#2441,#1086,.T.);
#2939=EDGE_CURVE('',#2441,#2442,#1087,.T.);
#2940=EDGE_CURVE('',#2442,#2439,#1088,.T.);
#2941=EDGE_CURVE('',#2443,#2444,#1089,.T.);
#2942=EDGE_CURVE('',#2444,#2445,#1090,.T.);
#2943=EDGE_CURVE('',#2445,#2446,#1091,.T.);
#2944=EDGE_CURVE('',#2446,#2443,#1092,.T.);
#2945=EDGE_CURVE('',#2447,#2448,#1093,.T.);
#2946=EDGE_CURVE('',#2448,#2449,#1094,.T.);
#2947=EDGE_CURVE('',#2449,#2450,#1095,.T.);
#2948=EDGE_CURVE('',#2450,#2447,#1096,.T.);
#2949=EDGE_CURVE('',#2451,#2452,#1097,.T.);
#2950=EDGE_CURVE('',#2452,#2453,#1098,.T.);
#2951=EDGE_CURVE('',#2453,#2454,#1099,.T.);
#2952=EDGE_CURVE('',#2454,#2451,#1100,.T.);
#2953=EDGE_CURVE('',#2455,#2456,#1101,.T.);
#2954=EDGE_CURVE('',#2456,#2457,#1102,.T.);
#2955=EDGE_CURVE('',#2457,#2458,#1103,.T.);
#2956=EDGE_CURVE('',#2458,#2455,#1104,.T.);
#2957=EDGE_CURVE('',#2459,#2460,#1105,.T.);
#2958=EDGE_CURVE('',#2460,#2461,#1106,.T.);
#2959=EDGE_CURVE('',#2461,#2462,#1107,.T.);
#2960=EDGE_CURVE('',#2462,#2459,#1108,.T.);
#2961=EDGE_CURVE('',#2463,#2464,#1109,.T.);
#2962=EDGE_CURVE('',#2464,#2465,#1110,.T.);
#2963=EDGE_CURVE('',#2465,#2466,#1111,.T.);
#2964=EDGE_CURVE('',#2466,#2463,#1112,.T.);
#2965=EDGE_CURVE('',#2467,#2468,#1113,.T.);
#2966=EDGE_CURVE('',#2468,#2469,#1114,.T.);
#2967=EDGE_CURVE('',#2469,#2470,#1115,.T.);
#2968=EDGE_CURVE('',#2470,#2467,#1116,.T.);
#2969=EDGE_CURVE('',#2471,#2472,#1117,.T.);
#2970=EDGE_CURVE('',#2472,#2473,#1118,.T.);
#2971=EDGE_CURVE('',#2473,#2474,#1119,.T.);
#2972=EDGE_CURVE('',#2474,#2471,#1120,.T.);
#2973=EDGE_CURVE('',#2472,#2475,#1121,.T.);
#2974=EDGE_CURVE('',#2475,#2476,#1122,.T.);
#2975=EDGE_CURVE('',#2473,#2476,#1123,.T.);
#2976=EDGE_CURVE('',#2471,#2477,#1124,.T.);
#2977=EDGE_CURVE('',#2477,#2475,#1125,.T.);
#2978=EDGE_CURVE('',#2474,#2478,#1126,.T.);
#2979=EDGE_CURVE('',#2478,#2477,#1127,.T.);
#2980=EDGE_CURVE('',#2476,#2478,#1128,.T.);
#2981=EDGE_CURVE('',#2468,#2479,#1129,.T.);
#2982=EDGE_CURVE('',#2479,#2480,#1130,.T.);
#2983=EDGE_CURVE('',#2469,#2480,#1131,.T.);
#2984=EDGE_CURVE('',#2467,#2481,#1132,.T.);
#2985=EDGE_CURVE('',#2481,#2479,#1133,.T.);
#2986=EDGE_CURVE('',#2470,#2482,#1134,.T.);
#2987=EDGE_CURVE('',#2482,#2481,#1135,.T.);
#2988=EDGE_CURVE('',#2480,#2482,#1136,.T.);
#2989=EDGE_CURVE('',#2464,#2483,#1137,.T.);
#2990=EDGE_CURVE('',#2483,#2484,#1138,.T.);
#2991=EDGE_CURVE('',#2465,#2484,#1139,.T.);
#2992=EDGE_CURVE('',#2463,#2485,#1140,.T.);
#2993=EDGE_CURVE('',#2485,#2483,#1141,.T.);
#2994=EDGE_CURVE('',#2466,#2486,#1142,.T.);
#2995=EDGE_CURVE('',#2486,#2485,#1143,.T.);
#2996=EDGE_CURVE('',#2484,#2486,#1144,.T.);
#2997=EDGE_CURVE('',#2460,#2487,#1145,.T.);
#2998=EDGE_CURVE('',#2487,#2488,#1146,.T.);
#2999=EDGE_CURVE('',#2461,#2488,#1147,.T.);
#3000=EDGE_CURVE('',#2459,#2489,#1148,.T.);
#3001=EDGE_CURVE('',#2489,#2487,#1149,.T.);
#3002=EDGE_CURVE('',#2462,#2490,#1150,.T.);
#3003=EDGE_CURVE('',#2490,#2489,#1151,.T.);
#3004=EDGE_CURVE('',#2488,#2490,#1152,.T.);
#3005=EDGE_CURVE('',#2456,#2491,#1153,.T.);
#3006=EDGE_CURVE('',#2491,#2492,#1154,.T.);
#3007=EDGE_CURVE('',#2457,#2492,#1155,.T.);
#3008=EDGE_CURVE('',#2455,#2493,#1156,.T.);
#3009=EDGE_CURVE('',#2493,#2491,#1157,.T.);
#3010=EDGE_CURVE('',#2458,#2494,#1158,.T.);
#3011=EDGE_CURVE('',#2494,#2493,#1159,.T.);
#3012=EDGE_CURVE('',#2492,#2494,#1160,.T.);
#3013=EDGE_CURVE('',#2452,#2495,#1161,.T.);
#3014=EDGE_CURVE('',#2495,#2496,#1162,.T.);
#3015=EDGE_CURVE('',#2453,#2496,#1163,.T.);
#3016=EDGE_CURVE('',#2451,#2497,#1164,.T.);
#3017=EDGE_CURVE('',#2497,#2495,#1165,.T.);
#3018=EDGE_CURVE('',#2454,#2498,#1166,.T.);
#3019=EDGE_CURVE('',#2498,#2497,#1167,.T.);
#3020=EDGE_CURVE('',#2496,#2498,#1168,.T.);
#3021=EDGE_CURVE('',#2448,#2499,#1169,.T.);
#3022=EDGE_CURVE('',#2499,#2500,#1170,.T.);
#3023=EDGE_CURVE('',#2449,#2500,#1171,.T.);
#3024=EDGE_CURVE('',#2447,#2501,#1172,.T.);
#3025=EDGE_CURVE('',#2501,#2499,#1173,.T.);
#3026=EDGE_CURVE('',#2450,#2502,#1174,.T.);
#3027=EDGE_CURVE('',#2502,#2501,#1175,.T.);
#3028=EDGE_CURVE('',#2500,#2502,#1176,.T.);
#3029=EDGE_CURVE('',#2444,#2503,#1177,.T.);
#3030=EDGE_CURVE('',#2503,#2504,#1178,.T.);
#3031=EDGE_CURVE('',#2445,#2504,#1179,.T.);
#3032=EDGE_CURVE('',#2443,#2505,#1180,.T.);
#3033=EDGE_CURVE('',#2505,#2503,#1181,.T.);
#3034=EDGE_CURVE('',#2446,#2506,#1182,.T.);
#3035=EDGE_CURVE('',#2506,#2505,#1183,.T.);
#3036=EDGE_CURVE('',#2504,#2506,#1184,.T.);
#3037=EDGE_CURVE('',#2440,#2507,#1185,.T.);
#3038=EDGE_CURVE('',#2507,#2508,#1186,.T.);
#3039=EDGE_CURVE('',#2441,#2508,#1187,.T.);
#3040=EDGE_CURVE('',#2439,#2509,#1188,.T.);
#3041=EDGE_CURVE('',#2509,#2507,#1189,.T.);
#3042=EDGE_CURVE('',#2442,#2510,#1190,.T.);
#3043=EDGE_CURVE('',#2510,#2509,#1191,.T.);
#3044=EDGE_CURVE('',#2508,#2510,#1192,.T.);
#3045=EDGE_CURVE('',#2436,#2511,#1193,.T.);
#3046=EDGE_CURVE('',#2511,#2512,#1194,.T.);
#3047=EDGE_CURVE('',#2437,#2512,#1195,.T.);
#3048=EDGE_CURVE('',#2435,#2513,#1196,.T.);
#3049=EDGE_CURVE('',#2513,#2511,#1197,.T.);
#3050=EDGE_CURVE('',#2438,#2514,#1198,.T.);
#3051=EDGE_CURVE('',#2514,#2513,#1199,.T.);
#3052=EDGE_CURVE('',#2512,#2514,#1200,.T.);
#3053=EDGE_CURVE('',#2432,#2515,#1201,.T.);
#3054=EDGE_CURVE('',#2515,#2516,#1202,.T.);
#3055=EDGE_CURVE('',#2433,#2516,#1203,.T.);
#3056=EDGE_CURVE('',#2431,#2517,#1204,.T.);
#3057=EDGE_CURVE('',#2517,#2515,#1205,.T.);
#3058=EDGE_CURVE('',#2434,#2518,#1206,.T.);
#3059=EDGE_CURVE('',#2518,#2517,#1207,.T.);
#3060=EDGE_CURVE('',#2516,#2518,#1208,.T.);
#3061=EDGE_CURVE('',#2428,#2519,#1209,.T.);
#3062=EDGE_CURVE('',#2519,#2520,#1210,.T.);
#3063=EDGE_CURVE('',#2429,#2520,#1211,.T.);
#3064=EDGE_CURVE('',#2427,#2521,#1212,.T.);
#3065=EDGE_CURVE('',#2521,#2519,#1213,.T.);
#3066=EDGE_CURVE('',#2430,#2522,#1214,.T.);
#3067=EDGE_CURVE('',#2522,#2521,#1215,.T.);
#3068=EDGE_CURVE('',#2520,#2522,#1216,.T.);
#3069=EDGE_CURVE('',#2424,#2523,#1217,.T.);
#3070=EDGE_CURVE('',#2523,#2524,#1218,.T.);
#3071=EDGE_CURVE('',#2425,#2524,#1219,.T.);
#3072=EDGE_CURVE('',#2423,#2525,#1220,.T.);
#3073=EDGE_CURVE('',#2525,#2523,#1221,.T.);
#3074=EDGE_CURVE('',#2426,#2526,#1222,.T.);
#3075=EDGE_CURVE('',#2526,#2525,#1223,.T.);
#3076=EDGE_CURVE('',#2524,#2526,#1224,.T.);
#3077=EDGE_CURVE('',#2420,#2527,#1225,.T.);
#3078=EDGE_CURVE('',#2527,#2528,#1226,.T.);
#3079=EDGE_CURVE('',#2421,#2528,#1227,.T.);
#3080=EDGE_CURVE('',#2419,#2529,#1228,.T.);
#3081=EDGE_CURVE('',#2529,#2527,#1229,.T.);
#3082=EDGE_CURVE('',#2422,#2530,#1230,.T.);
#3083=EDGE_CURVE('',#2530,#2529,#1231,.T.);
#3084=EDGE_CURVE('',#2528,#2530,#1232,.T.);
#3085=EDGE_CURVE('',#2416,#2531,#1233,.T.);
#3086=EDGE_CURVE('',#2531,#2532,#1234,.T.);
#3087=EDGE_CURVE('',#2417,#2532,#1235,.T.);
#3088=EDGE_CURVE('',#2415,#2533,#1236,.T.);
#3089=EDGE_CURVE('',#2533,#2531,#1237,.T.);
#3090=EDGE_CURVE('',#2418,#2534,#1238,.T.);
#3091=EDGE_CURVE('',#2534,#2533,#1239,.T.);
#3092=EDGE_CURVE('',#2532,#2534,#1240,.T.);
#3093=EDGE_CURVE('',#2412,#2535,#1241,.T.);
#3094=EDGE_CURVE('',#2535,#2536,#1242,.T.);
#3095=EDGE_CURVE('',#2413,#2536,#1243,.T.);
#3096=EDGE_CURVE('',#2411,#2537,#1244,.T.);
#3097=EDGE_CURVE('',#2537,#2535,#1245,.T.);
#3098=EDGE_CURVE('',#2414,#2538,#1246,.T.);
#3099=EDGE_CURVE('',#2538,#2537,#1247,.T.);
#3100=EDGE_CURVE('',#2536,#2538,#1248,.T.);
#3101=EDGE_CURVE('',#2408,#2539,#1249,.T.);
#3102=EDGE_CURVE('',#2539,#2540,#1250,.T.);
#3103=EDGE_CURVE('',#2409,#2540,#1251,.T.);
#3104=EDGE_CURVE('',#2407,#2541,#1252,.T.);
#3105=EDGE_CURVE('',#2541,#2539,#1253,.T.);
#3106=EDGE_CURVE('',#2410,#2542,#1254,.T.);
#3107=EDGE_CURVE('',#2542,#2541,#1255,.T.);
#3108=EDGE_CURVE('',#2540,#2542,#1256,.T.);
#3109=EDGE_CURVE('',#2404,#2543,#1257,.T.);
#3110=EDGE_CURVE('',#2543,#2544,#1258,.T.);
#3111=EDGE_CURVE('',#2405,#2544,#1259,.T.);
#3112=EDGE_CURVE('',#2403,#2545,#1260,.T.);
#3113=EDGE_CURVE('',#2545,#2543,#1261,.T.);
#3114=EDGE_CURVE('',#2406,#2546,#1262,.T.);
#3115=EDGE_CURVE('',#2546,#2545,#1263,.T.);
#3116=EDGE_CURVE('',#2544,#2546,#1264,.T.);
#3117=EDGE_CURVE('',#2400,#2547,#1265,.T.);
#3118=EDGE_CURVE('',#2547,#2548,#1266,.T.);
#3119=EDGE_CURVE('',#2401,#2548,#1267,.T.);
#3120=EDGE_CURVE('',#2399,#2549,#1268,.T.);
#3121=EDGE_CURVE('',#2549,#2547,#1269,.T.);
#3122=EDGE_CURVE('',#2402,#2550,#1270,.T.);
#3123=EDGE_CURVE('',#2550,#2549,#1271,.T.);
#3124=EDGE_CURVE('',#2548,#2550,#1272,.T.);
#3125=EDGE_CURVE('',#2396,#2551,#1273,.T.);
#3126=EDGE_CURVE('',#2551,#2552,#1274,.T.);
#3127=EDGE_CURVE('',#2397,#2552,#1275,.T.);
#3128=EDGE_CURVE('',#2395,#2553,#1276,.T.);
#3129=EDGE_CURVE('',#2553,#2551,#1277,.T.);
#3130=EDGE_CURVE('',#2398,#2554,#1278,.T.);
#3131=EDGE_CURVE('',#2554,#2553,#1279,.T.);
#3132=EDGE_CURVE('',#2552,#2554,#1280,.T.);
#3133=EDGE_CURVE('',#2392,#2555,#1281,.T.);
#3134=EDGE_CURVE('',#2555,#2556,#1282,.T.);
#3135=EDGE_CURVE('',#2393,#2556,#1283,.T.);
#3136=EDGE_CURVE('',#2391,#2557,#1284,.T.);
#3137=EDGE_CURVE('',#2557,#2555,#1285,.T.);
#3138=EDGE_CURVE('',#2394,#2558,#1286,.T.);
#3139=EDGE_CURVE('',#2558,#2557,#1287,.T.);
#3140=EDGE_CURVE('',#2556,#2558,#1288,.T.);
#3141=EDGE_CURVE('',#2388,#2559,#1289,.T.);
#3142=EDGE_CURVE('',#2559,#2560,#1290,.T.);
#3143=EDGE_CURVE('',#2389,#2560,#1291,.T.);
#3144=EDGE_CURVE('',#2387,#2561,#1292,.T.);
#3145=EDGE_CURVE('',#2561,#2559,#1293,.T.);
#3146=EDGE_CURVE('',#2390,#2562,#1294,.T.);
#3147=EDGE_CURVE('',#2562,#2561,#1295,.T.);
#3148=EDGE_CURVE('',#2560,#2562,#1296,.T.);
#3149=EDGE_CURVE('',#2384,#2563,#1297,.T.);
#3150=EDGE_CURVE('',#2563,#2564,#1298,.T.);
#3151=EDGE_CURVE('',#2385,#2564,#1299,.T.);
#3152=EDGE_CURVE('',#2383,#2565,#1300,.T.);
#3153=EDGE_CURVE('',#2565,#2563,#1301,.T.);
#3154=EDGE_CURVE('',#2386,#2566,#1302,.T.);
#3155=EDGE_CURVE('',#2566,#2565,#1303,.T.);
#3156=EDGE_CURVE('',#2564,#2566,#1304,.T.);
#3157=EDGE_CURVE('',#2380,#2567,#1305,.T.);
#3158=EDGE_CURVE('',#2567,#2568,#1306,.T.);
#3159=EDGE_CURVE('',#2381,#2568,#1307,.T.);
#3160=EDGE_CURVE('',#2379,#2569,#1308,.T.);
#3161=EDGE_CURVE('',#2569,#2567,#1309,.T.);
#3162=EDGE_CURVE('',#2382,#2570,#1310,.T.);
#3163=EDGE_CURVE('',#2570,#2569,#1311,.T.);
#3164=EDGE_CURVE('',#2568,#2570,#1312,.T.);
#3165=EDGE_CURVE('',#2376,#2571,#1313,.T.);
#3166=EDGE_CURVE('',#2571,#2572,#1314,.T.);
#3167=EDGE_CURVE('',#2377,#2572,#1315,.T.);
#3168=EDGE_CURVE('',#2375,#2573,#1316,.T.);
#3169=EDGE_CURVE('',#2573,#2571,#1317,.T.);
#3170=EDGE_CURVE('',#2378,#2574,#1318,.T.);
#3171=EDGE_CURVE('',#2574,#2573,#1319,.T.);
#3172=EDGE_CURVE('',#2572,#2574,#1320,.T.);
#3173=EDGE_CURVE('',#2372,#2575,#1321,.T.);
#3174=EDGE_CURVE('',#2575,#2576,#1322,.T.);
#3175=EDGE_CURVE('',#2373,#2576,#1323,.T.);
#3176=EDGE_CURVE('',#2371,#2577,#1324,.T.);
#3177=EDGE_CURVE('',#2577,#2575,#1325,.T.);
#3178=EDGE_CURVE('',#2374,#2578,#1326,.T.);
#3179=EDGE_CURVE('',#2578,#2577,#1327,.T.);
#3180=EDGE_CURVE('',#2576,#2578,#1328,.T.);
#3181=EDGE_CURVE('',#2255,#2266,#1329,.T.);
#3182=EDGE_CURVE('',#2263,#2259,#1330,.F.);
#3183=EDGE_CURVE('',#2264,#2261,#1331,.F.);
#3184=EDGE_CURVE('',#2257,#2265,#1332,.F.);
#3185=EDGE_CURVE('',#2267,#2477,#1333,.F.);
#3186=EDGE_CURVE('',#2475,#2270,#1334,.T.);
#3187=EDGE_CURVE('',#2476,#2269,#1335,.F.);
#3188=EDGE_CURVE('',#2268,#2478,#1336,.F.);
#3189=EDGE_CURVE('',#2271,#2481,#1337,.F.);
#3190=EDGE_CURVE('',#2479,#2274,#1338,.T.);
#3191=EDGE_CURVE('',#2480,#2273,#1339,.F.);
#3192=EDGE_CURVE('',#2272,#2482,#1340,.F.);
#3193=EDGE_CURVE('',#2275,#2485,#1341,.F.);
#3194=EDGE_CURVE('',#2483,#2278,#1342,.T.);
#3195=EDGE_CURVE('',#2484,#2277,#1343,.F.);
#3196=EDGE_CURVE('',#2276,#2486,#1344,.F.);
#3197=EDGE_CURVE('',#2279,#2489,#1345,.F.);
#3198=EDGE_CURVE('',#2487,#2282,#1346,.T.);
#3199=EDGE_CURVE('',#2488,#2281,#1347,.F.);
#3200=EDGE_CURVE('',#2280,#2490,#1348,.F.);
#3201=EDGE_CURVE('',#2283,#2493,#1349,.F.);
#3202=EDGE_CURVE('',#2491,#2286,#1350,.T.);
#3203=EDGE_CURVE('',#2492,#2285,#1351,.F.);
#3204=EDGE_CURVE('',#2284,#2494,#1352,.F.);
#3205=EDGE_CURVE('',#2287,#2497,#1353,.F.);
#3206=EDGE_CURVE('',#2495,#2290,#1354,.T.);
#3207=EDGE_CURVE('',#2496,#2289,#1355,.F.);
#3208=EDGE_CURVE('',#2288,#2498,#1356,.F.);
#3209=EDGE_CURVE('',#2291,#2501,#1357,.F.);
#3210=EDGE_CURVE('',#2499,#2294,#1358,.T.);
#3211=EDGE_CURVE('',#2500,#2293,#1359,.F.);
#3212=EDGE_CURVE('',#2292,#2502,#1360,.F.);
#3213=EDGE_CURVE('',#2295,#2505,#1361,.F.);
#3214=EDGE_CURVE('',#2503,#2298,#1362,.T.);
#3215=EDGE_CURVE('',#2504,#2297,#1363,.F.);
#3216=EDGE_CURVE('',#2296,#2506,#1364,.F.);
#3217=EDGE_CURVE('',#2299,#2509,#1365,.F.);
#3218=EDGE_CURVE('',#2507,#2302,#1366,.T.);
#3219=EDGE_CURVE('',#2508,#2301,#1367,.F.);
#3220=EDGE_CURVE('',#2300,#2510,#1368,.F.);
#3221=EDGE_CURVE('',#2303,#2513,#1369,.F.);
#3222=EDGE_CURVE('',#2511,#2306,#1370,.T.);
#3223=EDGE_CURVE('',#2512,#2305,#1371,.F.);
#3224=EDGE_CURVE('',#2304,#2514,#1372,.F.);
#3225=EDGE_CURVE('',#2307,#2517,#1373,.F.);
#3226=EDGE_CURVE('',#2515,#2310,#1374,.T.);
#3227=EDGE_CURVE('',#2516,#2309,#1375,.F.);
#3228=EDGE_CURVE('',#2308,#2518,#1376,.F.);
#3229=EDGE_CURVE('',#2311,#2521,#1377,.F.);
#3230=EDGE_CURVE('',#2519,#2314,#1378,.T.);
#3231=EDGE_CURVE('',#2520,#2313,#1379,.F.);
#3232=EDGE_CURVE('',#2312,#2522,#1380,.F.);
#3233=EDGE_CURVE('',#2315,#2525,#1381,.F.);
#3234=EDGE_CURVE('',#2523,#2318,#1382,.T.);
#3235=EDGE_CURVE('',#2524,#2317,#1383,.F.);
#3236=EDGE_CURVE('',#2316,#2526,#1384,.F.);
#3237=EDGE_CURVE('',#2319,#2529,#1385,.F.);
#3238=EDGE_CURVE('',#2527,#2322,#1386,.T.);
#3239=EDGE_CURVE('',#2528,#2321,#1387,.F.);
#3240=EDGE_CURVE('',#2320,#2530,#1388,.F.);
#3241=EDGE_CURVE('',#2323,#2533,#1389,.F.);
#3242=EDGE_CURVE('',#2531,#2326,#1390,.T.);
#3243=EDGE_CURVE('',#2532,#2325,#1391,.F.);
#3244=EDGE_CURVE('',#2324,#2534,#1392,.F.);
#3245=EDGE_CURVE('',#2327,#2537,#1393,.F.);
#3246=EDGE_CURVE('',#2535,#2330,#1394,.T.);
#3247=EDGE_CURVE('',#2536,#2329,#1395,.F.);
#3248=EDGE_CURVE('',#2328,#2538,#1396,.F.);
#3249=EDGE_CURVE('',#2331,#2541,#1397,.F.);
#3250=EDGE_CURVE('',#2539,#2334,#1398,.T.);
#3251=EDGE_CURVE('',#2540,#2333,#1399,.F.);
#3252=EDGE_CURVE('',#2332,#2542,#1400,.F.);
#3253=EDGE_CURVE('',#2335,#2545,#1401,.F.);
#3254=EDGE_CURVE('',#2543,#2338,#1402,.T.);
#3255=EDGE_CURVE('',#2544,#2337,#1403,.F.);
#3256=EDGE_CURVE('',#2336,#2546,#1404,.F.);
#3257=EDGE_CURVE('',#2339,#2549,#1405,.F.);
#3258=EDGE_CURVE('',#2547,#2342,#1406,.T.);
#3259=EDGE_CURVE('',#2548,#2341,#1407,.F.);
#3260=EDGE_CURVE('',#2340,#2550,#1408,.F.);
#3261=EDGE_CURVE('',#2343,#2553,#1409,.F.);
#3262=EDGE_CURVE('',#2551,#2346,#1410,.T.);
#3263=EDGE_CURVE('',#2552,#2345,#1411,.F.);
#3264=EDGE_CURVE('',#2344,#2554,#1412,.F.);
#3265=EDGE_CURVE('',#2347,#2557,#1413,.F.);
#3266=EDGE_CURVE('',#2555,#2350,#1414,.T.);
#3267=EDGE_CURVE('',#2556,#2349,#1415,.F.);
#3268=EDGE_CURVE('',#2348,#2558,#1416,.F.);
#3269=EDGE_CURVE('',#2351,#2561,#1417,.F.);
#3270=EDGE_CURVE('',#2559,#2354,#1418,.T.);
#3271=EDGE_CURVE('',#2560,#2353,#1419,.F.);
#3272=EDGE_CURVE('',#2352,#2562,#1420,.F.);
#3273=EDGE_CURVE('',#2355,#2565,#1421,.F.);
#3274=EDGE_CURVE('',#2563,#2358,#1422,.T.);
#3275=EDGE_CURVE('',#2564,#2357,#1423,.F.);
#3276=EDGE_CURVE('',#2356,#2566,#1424,.F.);
#3277=EDGE_CURVE('',#2359,#2569,#1425,.F.);
#3278=EDGE_CURVE('',#2567,#2362,#1426,.T.);
#3279=EDGE_CURVE('',#2568,#2361,#1427,.F.);
#3280=EDGE_CURVE('',#2360,#2570,#1428,.F.);
#3281=EDGE_CURVE('',#2363,#2573,#1429,.F.);
#3282=EDGE_CURVE('',#2571,#2366,#1430,.T.);
#3283=EDGE_CURVE('',#2572,#2365,#1431,.F.);
#3284=EDGE_CURVE('',#2364,#2574,#1432,.F.);
#3285=EDGE_CURVE('',#2367,#2577,#1433,.F.);
#3286=EDGE_CURVE('',#2575,#2370,#1434,.T.);
#3287=EDGE_CURVE('',#2576,#2369,#1435,.F.);
#3288=EDGE_CURVE('',#2368,#2578,#1436,.F.);
#3289=ORIENTED_EDGE('',*,*,#2579,.F.);
#3290=ORIENTED_EDGE('',*,*,#2580,.F.);
#3291=ORIENTED_EDGE('',*,*,#2581,.T.);
#3292=ORIENTED_EDGE('',*,*,#2582,.T.);
#3293=ORIENTED_EDGE('',*,*,#2583,.T.);
#3294=ORIENTED_EDGE('',*,*,#2584,.F.);
#3295=ORIENTED_EDGE('',*,*,#2585,.F.);
#3296=ORIENTED_EDGE('',*,*,#2580,.T.);
#3297=ORIENTED_EDGE('',*,*,#2586,.T.);
#3298=ORIENTED_EDGE('',*,*,#2587,.F.);
#3299=ORIENTED_EDGE('',*,*,#2588,.F.);
#3300=ORIENTED_EDGE('',*,*,#2584,.T.);
#3301=ORIENTED_EDGE('',*,*,#2589,.F.);
#3302=ORIENTED_EDGE('',*,*,#2582,.F.);
#3303=ORIENTED_EDGE('',*,*,#2590,.T.);
#3304=ORIENTED_EDGE('',*,*,#2587,.T.);
#3305=ORIENTED_EDGE('',*,*,#2581,.F.);
#3306=ORIENTED_EDGE('',*,*,#2585,.T.);
#3307=ORIENTED_EDGE('',*,*,#2588,.T.);
#3308=ORIENTED_EDGE('',*,*,#2590,.F.);
#3309=ORIENTED_EDGE('',*,*,#2579,.T.);
#3310=ORIENTED_EDGE('',*,*,#2589,.T.);
#3311=ORIENTED_EDGE('',*,*,#2586,.F.);
#3312=ORIENTED_EDGE('',*,*,#2583,.F.);
#3313=ORIENTED_EDGE('',*,*,#2591,.F.);
#3314=ORIENTED_EDGE('',*,*,#2592,.T.);
#3315=ORIENTED_EDGE('',*,*,#2593,.F.);
#3316=ORIENTED_EDGE('',*,*,#2594,.F.);
#3317=ORIENTED_EDGE('',*,*,#2595,.F.);
#3318=ORIENTED_EDGE('',*,*,#2596,.T.);
#3319=ORIENTED_EDGE('',*,*,#2597,.F.);
#3320=ORIENTED_EDGE('',*,*,#2598,.F.);
#3321=ORIENTED_EDGE('',*,*,#2599,.T.);
#3322=ORIENTED_EDGE('',*,*,#2600,.T.);
#3323=ORIENTED_EDGE('',*,*,#2601,.T.);
#3324=ORIENTED_EDGE('',*,*,#2602,.T.);
#3325=ORIENTED_EDGE('',*,*,#2603,.T.);
#3326=ORIENTED_EDGE('',*,*,#2604,.T.);
#3327=ORIENTED_EDGE('',*,*,#2605,.T.);
#3328=ORIENTED_EDGE('',*,*,#2606,.T.);
#3329=ORIENTED_EDGE('',*,*,#2604,.F.);
#3330=ORIENTED_EDGE('',*,*,#2603,.F.);
#3331=ORIENTED_EDGE('',*,*,#2606,.F.);
#3332=ORIENTED_EDGE('',*,*,#2605,.F.);
#3333=ORIENTED_EDGE('',*,*,#2598,.T.);
#3334=ORIENTED_EDGE('',*,*,#2597,.T.);
#3335=ORIENTED_EDGE('',*,*,#2607,.T.);
#3336=ORIENTED_EDGE('',*,*,#2591,.T.);
#3337=ORIENTED_EDGE('',*,*,#2594,.T.);
#3338=ORIENTED_EDGE('',*,*,#2593,.T.);
#3339=ORIENTED_EDGE('',*,*,#2608,.T.);
#3340=ORIENTED_EDGE('',*,*,#2595,.T.);
#3341=ORIENTED_EDGE('',*,*,#2599,.F.);
#3342=ORIENTED_EDGE('',*,*,#2609,.F.);
#3343=ORIENTED_EDGE('',*,*,#2610,.T.);
#3344=ORIENTED_EDGE('',*,*,#2611,.T.);
#3345=ORIENTED_EDGE('',*,*,#2602,.F.);
#3346=ORIENTED_EDGE('',*,*,#2612,.F.);
#3347=ORIENTED_EDGE('',*,*,#2613,.T.);
#3348=ORIENTED_EDGE('',*,*,#2609,.T.);
#3349=ORIENTED_EDGE('',*,*,#2601,.F.);
#3350=ORIENTED_EDGE('',*,*,#2614,.F.);
#3351=ORIENTED_EDGE('',*,*,#2615,.T.);
#3352=ORIENTED_EDGE('',*,*,#2612,.T.);
#3353=ORIENTED_EDGE('',*,*,#2600,.F.);
#3354=ORIENTED_EDGE('',*,*,#2611,.F.);
#3355=ORIENTED_EDGE('',*,*,#2616,.T.);
#3356=ORIENTED_EDGE('',*,*,#2614,.T.);
#3357=ORIENTED_EDGE('',*,*,#2610,.F.);
#3358=ORIENTED_EDGE('',*,*,#2613,.F.);
#3359=ORIENTED_EDGE('',*,*,#2615,.F.);
#3360=ORIENTED_EDGE('',*,*,#2616,.F.);
#3361=ORIENTED_EDGE('',*,*,#2617,.F.);
#3362=ORIENTED_EDGE('',*,*,#2618,.F.);
#3363=ORIENTED_EDGE('',*,*,#2619,.F.);
#3364=ORIENTED_EDGE('',*,*,#2620,.F.);
#3365=ORIENTED_EDGE('',*,*,#2592,.F.);
#3366=ORIENTED_EDGE('',*,*,#2607,.F.);
#3367=ORIENTED_EDGE('',*,*,#2596,.F.);
#3368=ORIENTED_EDGE('',*,*,#2608,.F.);
#3369=ORIENTED_EDGE('',*,*,#2618,.T.);
#3370=ORIENTED_EDGE('',*,*,#2621,.F.);
#3371=ORIENTED_EDGE('',*,*,#2622,.F.);
#3372=ORIENTED_EDGE('',*,*,#2623,.T.);
#3373=ORIENTED_EDGE('',*,*,#2619,.T.);
#3374=ORIENTED_EDGE('',*,*,#2623,.F.);
#3375=ORIENTED_EDGE('',*,*,#2624,.F.);
#3376=ORIENTED_EDGE('',*,*,#2625,.T.);
#3377=ORIENTED_EDGE('',*,*,#2620,.T.);
#3378=ORIENTED_EDGE('',*,*,#2625,.F.);
#3379=ORIENTED_EDGE('',*,*,#2626,.F.);
#3380=ORIENTED_EDGE('',*,*,#2627,.T.);
#3381=ORIENTED_EDGE('',*,*,#2617,.T.);
#3382=ORIENTED_EDGE('',*,*,#2627,.F.);
#3383=ORIENTED_EDGE('',*,*,#2628,.F.);
#3384=ORIENTED_EDGE('',*,*,#2621,.T.);
#3385=ORIENTED_EDGE('',*,*,#2622,.T.);
#3386=ORIENTED_EDGE('',*,*,#2628,.T.);
#3387=ORIENTED_EDGE('',*,*,#2626,.T.);
#3388=ORIENTED_EDGE('',*,*,#2624,.T.);
#3389=ORIENTED_EDGE('',*,*,#2629,.F.);
#3390=ORIENTED_EDGE('',*,*,#2630,.T.);
#3391=ORIENTED_EDGE('',*,*,#2631,.T.);
#3392=ORIENTED_EDGE('',*,*,#2632,.T.);
#3393=ORIENTED_EDGE('',*,*,#2633,.T.);
#3394=ORIENTED_EDGE('',*,*,#2634,.T.);
#3395=ORIENTED_EDGE('',*,*,#2635,.F.);
#3396=ORIENTED_EDGE('',*,*,#2636,.T.);
#3397=ORIENTED_EDGE('',*,*,#2637,.T.);
#3398=ORIENTED_EDGE('',*,*,#2638,.T.);
#3399=ORIENTED_EDGE('',*,*,#2639,.F.);
#3400=ORIENTED_EDGE('',*,*,#2640,.T.);
#3401=ORIENTED_EDGE('',*,*,#2641,.F.);
#3402=ORIENTED_EDGE('',*,*,#2642,.T.);
#3403=ORIENTED_EDGE('',*,*,#2643,.T.);
#3404=ORIENTED_EDGE('',*,*,#2644,.T.);
#3405=ORIENTED_EDGE('',*,*,#2639,.T.);
#3406=ORIENTED_EDGE('',*,*,#2645,.T.);
#3407=ORIENTED_EDGE('',*,*,#2641,.T.);
#3408=ORIENTED_EDGE('',*,*,#2646,.T.);
#3409=ORIENTED_EDGE('',*,*,#2629,.T.);
#3410=ORIENTED_EDGE('',*,*,#2647,.T.);
#3411=ORIENTED_EDGE('',*,*,#2635,.T.);
#3412=ORIENTED_EDGE('',*,*,#2648,.T.);
#3413=ORIENTED_EDGE('',*,*,#2643,.F.);
#3414=ORIENTED_EDGE('',*,*,#2649,.T.);
#3415=ORIENTED_EDGE('',*,*,#2637,.F.);
#3416=ORIENTED_EDGE('',*,*,#2650,.T.);
#3417=ORIENTED_EDGE('',*,*,#2633,.F.);
#3418=ORIENTED_EDGE('',*,*,#2651,.T.);
#3419=ORIENTED_EDGE('',*,*,#2631,.F.);
#3420=ORIENTED_EDGE('',*,*,#2652,.T.);
#3421=ORIENTED_EDGE('',*,*,#2645,.F.);
#3422=ORIENTED_EDGE('',*,*,#2638,.F.);
#3423=ORIENTED_EDGE('',*,*,#2649,.F.);
#3424=ORIENTED_EDGE('',*,*,#2642,.F.);
#3425=ORIENTED_EDGE('',*,*,#2648,.F.);
#3426=ORIENTED_EDGE('',*,*,#2634,.F.);
#3427=ORIENTED_EDGE('',*,*,#2650,.F.);
#3428=ORIENTED_EDGE('',*,*,#2640,.F.);
#3429=ORIENTED_EDGE('',*,*,#2646,.F.);
#3430=ORIENTED_EDGE('',*,*,#2644,.F.);
#3431=ORIENTED_EDGE('',*,*,#2652,.F.);
#3432=ORIENTED_EDGE('',*,*,#2630,.F.);
#3433=ORIENTED_EDGE('',*,*,#2647,.F.);
#3434=ORIENTED_EDGE('',*,*,#2632,.F.);
#3435=ORIENTED_EDGE('',*,*,#2651,.F.);
#3436=ORIENTED_EDGE('',*,*,#2636,.F.);
#3437=ORIENTED_EDGE('',*,*,#2653,.T.);
#3438=ORIENTED_EDGE('',*,*,#2654,.F.);
#3439=ORIENTED_EDGE('',*,*,#2655,.F.);
#3440=ORIENTED_EDGE('',*,*,#2656,.T.);
#3441=ORIENTED_EDGE('',*,*,#2657,.T.);
#3442=ORIENTED_EDGE('',*,*,#2658,.F.);
#3443=ORIENTED_EDGE('',*,*,#2659,.F.);
#3444=ORIENTED_EDGE('',*,*,#2654,.T.);
#3445=ORIENTED_EDGE('',*,*,#2660,.T.);
#3446=ORIENTED_EDGE('',*,*,#2661,.F.);
#3447=ORIENTED_EDGE('',*,*,#2662,.F.);
#3448=ORIENTED_EDGE('',*,*,#2658,.T.);
#3449=ORIENTED_EDGE('',*,*,#2663,.T.);
#3450=ORIENTED_EDGE('',*,*,#2656,.F.);
#3451=ORIENTED_EDGE('',*,*,#2664,.F.);
#3452=ORIENTED_EDGE('',*,*,#2661,.T.);
#3453=ORIENTED_EDGE('',*,*,#2655,.T.);
#3454=ORIENTED_EDGE('',*,*,#2659,.T.);
#3455=ORIENTED_EDGE('',*,*,#2662,.T.);
#3456=ORIENTED_EDGE('',*,*,#2664,.T.);
#3457=ORIENTED_EDGE('',*,*,#2653,.F.);
#3458=ORIENTED_EDGE('',*,*,#2663,.F.);
#3459=ORIENTED_EDGE('',*,*,#2660,.F.);
#3460=ORIENTED_EDGE('',*,*,#2657,.F.);
#3461=ORIENTED_EDGE('',*,*,#2665,.T.);
#3462=ORIENTED_EDGE('',*,*,#2666,.F.);
#3463=ORIENTED_EDGE('',*,*,#2667,.F.);
#3464=ORIENTED_EDGE('',*,*,#2668,.T.);
#3465=ORIENTED_EDGE('',*,*,#2669,.T.);
#3466=ORIENTED_EDGE('',*,*,#2670,.F.);
#3467=ORIENTED_EDGE('',*,*,#2671,.F.);
#3468=ORIENTED_EDGE('',*,*,#2666,.T.);
#3469=ORIENTED_EDGE('',*,*,#2672,.T.);
#3470=ORIENTED_EDGE('',*,*,#2673,.F.);
#3471=ORIENTED_EDGE('',*,*,#2674,.F.);
#3472=ORIENTED_EDGE('',*,*,#2670,.T.);
#3473=ORIENTED_EDGE('',*,*,#2675,.T.);
#3474=ORIENTED_EDGE('',*,*,#2668,.F.);
#3475=ORIENTED_EDGE('',*,*,#2676,.F.);
#3476=ORIENTED_EDGE('',*,*,#2673,.T.);
#3477=ORIENTED_EDGE('',*,*,#2667,.T.);
#3478=ORIENTED_EDGE('',*,*,#2671,.T.);
#3479=ORIENTED_EDGE('',*,*,#2674,.T.);
#3480=ORIENTED_EDGE('',*,*,#2676,.T.);
#3481=ORIENTED_EDGE('',*,*,#2665,.F.);
#3482=ORIENTED_EDGE('',*,*,#2675,.F.);
#3483=ORIENTED_EDGE('',*,*,#2672,.F.);
#3484=ORIENTED_EDGE('',*,*,#2669,.F.);
#3485=ORIENTED_EDGE('',*,*,#2677,.T.);
#3486=ORIENTED_EDGE('',*,*,#2678,.F.);
#3487=ORIENTED_EDGE('',*,*,#2679,.F.);
#3488=ORIENTED_EDGE('',*,*,#2680,.T.);
#3489=ORIENTED_EDGE('',*,*,#2681,.T.);
#3490=ORIENTED_EDGE('',*,*,#2682,.F.);
#3491=ORIENTED_EDGE('',*,*,#2683,.F.);
#3492=ORIENTED_EDGE('',*,*,#2678,.T.);
#3493=ORIENTED_EDGE('',*,*,#2684,.T.);
#3494=ORIENTED_EDGE('',*,*,#2685,.F.);
#3495=ORIENTED_EDGE('',*,*,#2686,.F.);
#3496=ORIENTED_EDGE('',*,*,#2682,.T.);
#3497=ORIENTED_EDGE('',*,*,#2687,.T.);
#3498=ORIENTED_EDGE('',*,*,#2680,.F.);
#3499=ORIENTED_EDGE('',*,*,#2688,.F.);
#3500=ORIENTED_EDGE('',*,*,#2685,.T.);
#3501=ORIENTED_EDGE('',*,*,#2679,.T.);
#3502=ORIENTED_EDGE('',*,*,#2683,.T.);
#3503=ORIENTED_EDGE('',*,*,#2686,.T.);
#3504=ORIENTED_EDGE('',*,*,#2688,.T.);
#3505=ORIENTED_EDGE('',*,*,#2677,.F.);
#3506=ORIENTED_EDGE('',*,*,#2687,.F.);
#3507=ORIENTED_EDGE('',*,*,#2684,.F.);
#3508=ORIENTED_EDGE('',*,*,#2681,.F.);
#3509=ORIENTED_EDGE('',*,*,#2689,.T.);
#3510=ORIENTED_EDGE('',*,*,#2690,.F.);
#3511=ORIENTED_EDGE('',*,*,#2691,.F.);
#3512=ORIENTED_EDGE('',*,*,#2692,.T.);
#3513=ORIENTED_EDGE('',*,*,#2693,.T.);
#3514=ORIENTED_EDGE('',*,*,#2694,.F.);
#3515=ORIENTED_EDGE('',*,*,#2695,.F.);
#3516=ORIENTED_EDGE('',*,*,#2690,.T.);
#3517=ORIENTED_EDGE('',*,*,#2696,.T.);
#3518=ORIENTED_EDGE('',*,*,#2697,.F.);
#3519=ORIENTED_EDGE('',*,*,#2698,.F.);
#3520=ORIENTED_EDGE('',*,*,#2694,.T.);
#3521=ORIENTED_EDGE('',*,*,#2699,.T.);
#3522=ORIENTED_EDGE('',*,*,#2692,.F.);
#3523=ORIENTED_EDGE('',*,*,#2700,.F.);
#3524=ORIENTED_EDGE('',*,*,#2697,.T.);
#3525=ORIENTED_EDGE('',*,*,#2691,.T.);
#3526=ORIENTED_EDGE('',*,*,#2695,.T.);
#3527=ORIENTED_EDGE('',*,*,#2698,.T.);
#3528=ORIENTED_EDGE('',*,*,#2700,.T.);
#3529=ORIENTED_EDGE('',*,*,#2689,.F.);
#3530=ORIENTED_EDGE('',*,*,#2699,.F.);
#3531=ORIENTED_EDGE('',*,*,#2696,.F.);
#3532=ORIENTED_EDGE('',*,*,#2693,.F.);
#3533=ORIENTED_EDGE('',*,*,#2701,.F.);
#3534=ORIENTED_EDGE('',*,*,#2702,.F.);
#3535=ORIENTED_EDGE('',*,*,#2703,.F.);
#3536=ORIENTED_EDGE('',*,*,#2704,.F.);
#3537=ORIENTED_EDGE('',*,*,#2705,.F.);
#3538=ORIENTED_EDGE('',*,*,#2706,.F.);
#3539=ORIENTED_EDGE('',*,*,#2707,.F.);
#3540=ORIENTED_EDGE('',*,*,#2708,.F.);
#3541=ORIENTED_EDGE('',*,*,#2707,.T.);
#3542=ORIENTED_EDGE('',*,*,#2709,.T.);
#3543=ORIENTED_EDGE('',*,*,#2710,.T.);
#3544=ORIENTED_EDGE('',*,*,#2711,.F.);
#3545=ORIENTED_EDGE('',*,*,#2708,.T.);
#3546=ORIENTED_EDGE('',*,*,#2711,.T.);
#3547=ORIENTED_EDGE('',*,*,#2712,.T.);
#3548=ORIENTED_EDGE('',*,*,#2713,.F.);
#3549=ORIENTED_EDGE('',*,*,#2701,.T.);
#3550=ORIENTED_EDGE('',*,*,#2714,.T.);
#3551=ORIENTED_EDGE('',*,*,#2715,.T.);
#3552=ORIENTED_EDGE('',*,*,#2716,.T.);
#3553=ORIENTED_EDGE('',*,*,#2717,.T.);
#3554=ORIENTED_EDGE('',*,*,#2718,.T.);
#3555=ORIENTED_EDGE('',*,*,#2719,.T.);
#3556=ORIENTED_EDGE('',*,*,#2720,.T.);
#3557=ORIENTED_EDGE('',*,*,#2721,.T.);
#3558=ORIENTED_EDGE('',*,*,#2722,.T.);
#3559=ORIENTED_EDGE('',*,*,#2723,.T.);
#3560=ORIENTED_EDGE('',*,*,#2724,.F.);
#3561=ORIENTED_EDGE('',*,*,#2704,.T.);
#3562=ORIENTED_EDGE('',*,*,#2725,.T.);
#3563=ORIENTED_EDGE('',*,*,#2726,.F.);
#3564=ORIENTED_EDGE('',*,*,#2714,.F.);
#3565=ORIENTED_EDGE('',*,*,#2712,.F.);
#3566=ORIENTED_EDGE('',*,*,#2710,.F.);
#3567=ORIENTED_EDGE('',*,*,#2727,.F.);
#3568=ORIENTED_EDGE('',*,*,#2728,.F.);
#3569=ORIENTED_EDGE('',*,*,#2702,.T.);
#3570=ORIENTED_EDGE('',*,*,#2713,.T.);
#3571=ORIENTED_EDGE('',*,*,#2728,.T.);
#3572=ORIENTED_EDGE('',*,*,#2729,.F.);
#3573=ORIENTED_EDGE('',*,*,#2706,.T.);
#3574=ORIENTED_EDGE('',*,*,#2730,.T.);
#3575=ORIENTED_EDGE('',*,*,#2731,.F.);
#3576=ORIENTED_EDGE('',*,*,#2725,.F.);
#3577=ORIENTED_EDGE('',*,*,#2703,.T.);
#3578=ORIENTED_EDGE('',*,*,#2729,.T.);
#3579=ORIENTED_EDGE('',*,*,#2727,.T.);
#3580=ORIENTED_EDGE('',*,*,#2709,.F.);
#3581=ORIENTED_EDGE('',*,*,#2720,.F.);
#3582=ORIENTED_EDGE('',*,*,#2732,.T.);
#3583=ORIENTED_EDGE('',*,*,#2733,.F.);
#3584=ORIENTED_EDGE('',*,*,#2734,.F.);
#3585=ORIENTED_EDGE('',*,*,#2721,.F.);
#3586=ORIENTED_EDGE('',*,*,#2734,.T.);
#3587=ORIENTED_EDGE('',*,*,#2735,.F.);
#3588=ORIENTED_EDGE('',*,*,#2736,.F.);
#3589=ORIENTED_EDGE('',*,*,#2722,.F.);
#3590=ORIENTED_EDGE('',*,*,#2736,.T.);
#3591=ORIENTED_EDGE('',*,*,#2737,.F.);
#3592=ORIENTED_EDGE('',*,*,#2738,.F.);
#3593=ORIENTED_EDGE('',*,*,#2737,.T.);
#3594=ORIENTED_EDGE('',*,*,#2735,.T.);
#3595=ORIENTED_EDGE('',*,*,#2733,.T.);
#3596=ORIENTED_EDGE('',*,*,#2739,.T.);
#3597=ORIENTED_EDGE('',*,*,#2716,.F.);
#3598=ORIENTED_EDGE('',*,*,#2740,.T.);
#3599=ORIENTED_EDGE('',*,*,#2741,.F.);
#3600=ORIENTED_EDGE('',*,*,#2742,.F.);
#3601=ORIENTED_EDGE('',*,*,#2717,.F.);
#3602=ORIENTED_EDGE('',*,*,#2742,.T.);
#3603=ORIENTED_EDGE('',*,*,#2743,.F.);
#3604=ORIENTED_EDGE('',*,*,#2744,.F.);
#3605=ORIENTED_EDGE('',*,*,#2718,.F.);
#3606=ORIENTED_EDGE('',*,*,#2744,.T.);
#3607=ORIENTED_EDGE('',*,*,#2745,.F.);
#3608=ORIENTED_EDGE('',*,*,#2746,.F.);
#3609=ORIENTED_EDGE('',*,*,#2745,.T.);
#3610=ORIENTED_EDGE('',*,*,#2743,.T.);
#3611=ORIENTED_EDGE('',*,*,#2741,.T.);
#3612=ORIENTED_EDGE('',*,*,#2747,.T.);
#3613=ORIENTED_EDGE('',*,*,#2731,.T.);
#3614=ORIENTED_EDGE('',*,*,#2748,.F.);
#3615=ORIENTED_EDGE('',*,*,#2723,.F.);
#3616=ORIENTED_EDGE('',*,*,#2738,.T.);
#3617=ORIENTED_EDGE('',*,*,#2739,.F.);
#3618=ORIENTED_EDGE('',*,*,#2732,.F.);
#3619=ORIENTED_EDGE('',*,*,#2719,.F.);
#3620=ORIENTED_EDGE('',*,*,#2746,.T.);
#3621=ORIENTED_EDGE('',*,*,#2747,.F.);
#3622=ORIENTED_EDGE('',*,*,#2740,.F.);
#3623=ORIENTED_EDGE('',*,*,#2715,.F.);
#3624=ORIENTED_EDGE('',*,*,#2726,.T.);
#3625=ORIENTED_EDGE('',*,*,#2705,.T.);
#3626=ORIENTED_EDGE('',*,*,#2724,.T.);
#3627=ORIENTED_EDGE('',*,*,#2748,.T.);
#3628=ORIENTED_EDGE('',*,*,#2730,.F.);
#3629=ORIENTED_EDGE('',*,*,#2749,.F.);
#3630=ORIENTED_EDGE('',*,*,#2750,.T.);
#3631=ORIENTED_EDGE('',*,*,#2751,.T.);
#3632=ORIENTED_EDGE('',*,*,#2752,.T.);
#3633=ORIENTED_EDGE('',*,*,#2753,.F.);
#3634=ORIENTED_EDGE('',*,*,#2754,.T.);
#3635=ORIENTED_EDGE('',*,*,#2749,.T.);
#3636=ORIENTED_EDGE('',*,*,#2755,.T.);
#3637=ORIENTED_EDGE('',*,*,#2756,.F.);
#3638=ORIENTED_EDGE('',*,*,#2757,.T.);
#3639=ORIENTED_EDGE('',*,*,#2753,.T.);
#3640=ORIENTED_EDGE('',*,*,#2758,.T.);
#3641=ORIENTED_EDGE('',*,*,#2751,.F.);
#3642=ORIENTED_EDGE('',*,*,#2759,.T.);
#3643=ORIENTED_EDGE('',*,*,#2756,.T.);
#3644=ORIENTED_EDGE('',*,*,#2760,.T.);
#3645=ORIENTED_EDGE('',*,*,#2761,.T.);
#3646=ORIENTED_EDGE('',*,*,#2762,.T.);
#3647=ORIENTED_EDGE('',*,*,#2763,.T.);
#3648=ORIENTED_EDGE('',*,*,#2764,.T.);
#3649=ORIENTED_EDGE('',*,*,#2765,.T.);
#3650=ORIENTED_EDGE('',*,*,#2766,.T.);
#3651=ORIENTED_EDGE('',*,*,#2767,.T.);
#3652=ORIENTED_EDGE('',*,*,#2768,.T.);
#3653=ORIENTED_EDGE('',*,*,#2769,.T.);
#3654=ORIENTED_EDGE('',*,*,#2770,.T.);
#3655=ORIENTED_EDGE('',*,*,#2771,.T.);
#3656=ORIENTED_EDGE('',*,*,#2772,.T.);
#3657=ORIENTED_EDGE('',*,*,#2773,.T.);
#3658=ORIENTED_EDGE('',*,*,#2774,.T.);
#3659=ORIENTED_EDGE('',*,*,#2775,.T.);
#3660=ORIENTED_EDGE('',*,*,#2776,.T.);
#3661=ORIENTED_EDGE('',*,*,#2777,.T.);
#3662=ORIENTED_EDGE('',*,*,#2778,.T.);
#3663=ORIENTED_EDGE('',*,*,#2779,.T.);
#3664=ORIENTED_EDGE('',*,*,#2780,.T.);
#3665=ORIENTED_EDGE('',*,*,#2781,.T.);
#3666=ORIENTED_EDGE('',*,*,#2782,.T.);
#3667=ORIENTED_EDGE('',*,*,#2783,.T.);
#3668=ORIENTED_EDGE('',*,*,#2784,.T.);
#3669=ORIENTED_EDGE('',*,*,#2785,.T.);
#3670=ORIENTED_EDGE('',*,*,#2786,.T.);
#3671=ORIENTED_EDGE('',*,*,#2787,.T.);
#3672=ORIENTED_EDGE('',*,*,#2788,.T.);
#3673=ORIENTED_EDGE('',*,*,#2789,.T.);
#3674=ORIENTED_EDGE('',*,*,#2790,.T.);
#3675=ORIENTED_EDGE('',*,*,#2791,.T.);
#3676=ORIENTED_EDGE('',*,*,#2792,.T.);
#3677=ORIENTED_EDGE('',*,*,#2793,.T.);
#3678=ORIENTED_EDGE('',*,*,#2794,.T.);
#3679=ORIENTED_EDGE('',*,*,#2795,.T.);
#3680=ORIENTED_EDGE('',*,*,#2796,.T.);
#3681=ORIENTED_EDGE('',*,*,#2797,.T.);
#3682=ORIENTED_EDGE('',*,*,#2798,.T.);
#3683=ORIENTED_EDGE('',*,*,#2799,.T.);
#3684=ORIENTED_EDGE('',*,*,#2800,.T.);
#3685=ORIENTED_EDGE('',*,*,#2801,.T.);
#3686=ORIENTED_EDGE('',*,*,#2802,.T.);
#3687=ORIENTED_EDGE('',*,*,#2803,.T.);
#3688=ORIENTED_EDGE('',*,*,#2804,.T.);
#3689=ORIENTED_EDGE('',*,*,#2805,.T.);
#3690=ORIENTED_EDGE('',*,*,#2806,.T.);
#3691=ORIENTED_EDGE('',*,*,#2807,.T.);
#3692=ORIENTED_EDGE('',*,*,#2808,.T.);
#3693=ORIENTED_EDGE('',*,*,#2809,.T.);
#3694=ORIENTED_EDGE('',*,*,#2810,.T.);
#3695=ORIENTED_EDGE('',*,*,#2811,.T.);
#3696=ORIENTED_EDGE('',*,*,#2812,.T.);
#3697=ORIENTED_EDGE('',*,*,#2813,.T.);
#3698=ORIENTED_EDGE('',*,*,#2814,.T.);
#3699=ORIENTED_EDGE('',*,*,#2815,.T.);
#3700=ORIENTED_EDGE('',*,*,#2816,.T.);
#3701=ORIENTED_EDGE('',*,*,#2817,.T.);
#3702=ORIENTED_EDGE('',*,*,#2818,.T.);
#3703=ORIENTED_EDGE('',*,*,#2819,.T.);
#3704=ORIENTED_EDGE('',*,*,#2820,.T.);
#3705=ORIENTED_EDGE('',*,*,#2821,.T.);
#3706=ORIENTED_EDGE('',*,*,#2822,.T.);
#3707=ORIENTED_EDGE('',*,*,#2823,.T.);
#3708=ORIENTED_EDGE('',*,*,#2824,.T.);
#3709=ORIENTED_EDGE('',*,*,#2825,.T.);
#3710=ORIENTED_EDGE('',*,*,#2826,.T.);
#3711=ORIENTED_EDGE('',*,*,#2827,.T.);
#3712=ORIENTED_EDGE('',*,*,#2828,.T.);
#3713=ORIENTED_EDGE('',*,*,#2829,.T.);
#3714=ORIENTED_EDGE('',*,*,#2830,.T.);
#3715=ORIENTED_EDGE('',*,*,#2831,.T.);
#3716=ORIENTED_EDGE('',*,*,#2832,.T.);
#3717=ORIENTED_EDGE('',*,*,#2833,.T.);
#3718=ORIENTED_EDGE('',*,*,#2834,.T.);
#3719=ORIENTED_EDGE('',*,*,#2835,.T.);
#3720=ORIENTED_EDGE('',*,*,#2836,.T.);
#3721=ORIENTED_EDGE('',*,*,#2837,.T.);
#3722=ORIENTED_EDGE('',*,*,#2838,.T.);
#3723=ORIENTED_EDGE('',*,*,#2839,.T.);
#3724=ORIENTED_EDGE('',*,*,#2840,.T.);
#3725=ORIENTED_EDGE('',*,*,#2841,.T.);
#3726=ORIENTED_EDGE('',*,*,#2842,.T.);
#3727=ORIENTED_EDGE('',*,*,#2843,.T.);
#3728=ORIENTED_EDGE('',*,*,#2844,.T.);
#3729=ORIENTED_EDGE('',*,*,#2845,.T.);
#3730=ORIENTED_EDGE('',*,*,#2846,.T.);
#3731=ORIENTED_EDGE('',*,*,#2847,.T.);
#3732=ORIENTED_EDGE('',*,*,#2848,.T.);
#3733=ORIENTED_EDGE('',*,*,#2849,.T.);
#3734=ORIENTED_EDGE('',*,*,#2850,.T.);
#3735=ORIENTED_EDGE('',*,*,#2851,.T.);
#3736=ORIENTED_EDGE('',*,*,#2852,.T.);
#3737=ORIENTED_EDGE('',*,*,#2853,.T.);
#3738=ORIENTED_EDGE('',*,*,#2854,.T.);
#3739=ORIENTED_EDGE('',*,*,#2855,.T.);
#3740=ORIENTED_EDGE('',*,*,#2856,.T.);
#3741=ORIENTED_EDGE('',*,*,#2857,.T.);
#3742=ORIENTED_EDGE('',*,*,#2858,.T.);
#3743=ORIENTED_EDGE('',*,*,#2859,.T.);
#3744=ORIENTED_EDGE('',*,*,#2860,.T.);
#3745=ORIENTED_EDGE('',*,*,#2861,.T.);
#3746=ORIENTED_EDGE('',*,*,#2862,.T.);
#3747=ORIENTED_EDGE('',*,*,#2863,.T.);
#3748=ORIENTED_EDGE('',*,*,#2864,.T.);
#3749=ORIENTED_EDGE('',*,*,#2865,.T.);
#3750=ORIENTED_EDGE('',*,*,#2866,.T.);
#3751=ORIENTED_EDGE('',*,*,#2867,.T.);
#3752=ORIENTED_EDGE('',*,*,#2868,.T.);
#3753=ORIENTED_EDGE('',*,*,#2752,.F.);
#3754=ORIENTED_EDGE('',*,*,#2760,.F.);
#3755=ORIENTED_EDGE('',*,*,#2758,.F.);
#3756=ORIENTED_EDGE('',*,*,#2755,.F.);
#3757=ORIENTED_EDGE('',*,*,#2869,.T.);
#3758=ORIENTED_EDGE('',*,*,#2870,.T.);
#3759=ORIENTED_EDGE('',*,*,#2871,.T.);
#3760=ORIENTED_EDGE('',*,*,#2872,.T.);
#3761=ORIENTED_EDGE('',*,*,#2873,.T.);
#3762=ORIENTED_EDGE('',*,*,#2874,.T.);
#3763=ORIENTED_EDGE('',*,*,#2875,.T.);
#3764=ORIENTED_EDGE('',*,*,#2876,.T.);
#3765=ORIENTED_EDGE('',*,*,#2877,.T.);
#3766=ORIENTED_EDGE('',*,*,#2878,.T.);
#3767=ORIENTED_EDGE('',*,*,#2879,.T.);
#3768=ORIENTED_EDGE('',*,*,#2880,.T.);
#3769=ORIENTED_EDGE('',*,*,#2881,.T.);
#3770=ORIENTED_EDGE('',*,*,#2882,.T.);
#3771=ORIENTED_EDGE('',*,*,#2883,.T.);
#3772=ORIENTED_EDGE('',*,*,#2884,.T.);
#3773=ORIENTED_EDGE('',*,*,#2885,.T.);
#3774=ORIENTED_EDGE('',*,*,#2886,.T.);
#3775=ORIENTED_EDGE('',*,*,#2887,.T.);
#3776=ORIENTED_EDGE('',*,*,#2888,.T.);
#3777=ORIENTED_EDGE('',*,*,#2889,.T.);
#3778=ORIENTED_EDGE('',*,*,#2890,.T.);
#3779=ORIENTED_EDGE('',*,*,#2891,.T.);
#3780=ORIENTED_EDGE('',*,*,#2892,.T.);
#3781=ORIENTED_EDGE('',*,*,#2893,.T.);
#3782=ORIENTED_EDGE('',*,*,#2894,.T.);
#3783=ORIENTED_EDGE('',*,*,#2895,.T.);
#3784=ORIENTED_EDGE('',*,*,#2896,.T.);
#3785=ORIENTED_EDGE('',*,*,#2897,.T.);
#3786=ORIENTED_EDGE('',*,*,#2898,.T.);
#3787=ORIENTED_EDGE('',*,*,#2899,.T.);
#3788=ORIENTED_EDGE('',*,*,#2900,.T.);
#3789=ORIENTED_EDGE('',*,*,#2901,.T.);
#3790=ORIENTED_EDGE('',*,*,#2902,.T.);
#3791=ORIENTED_EDGE('',*,*,#2903,.T.);
#3792=ORIENTED_EDGE('',*,*,#2904,.T.);
#3793=ORIENTED_EDGE('',*,*,#2905,.T.);
#3794=ORIENTED_EDGE('',*,*,#2906,.T.);
#3795=ORIENTED_EDGE('',*,*,#2907,.T.);
#3796=ORIENTED_EDGE('',*,*,#2908,.T.);
#3797=ORIENTED_EDGE('',*,*,#2909,.T.);
#3798=ORIENTED_EDGE('',*,*,#2910,.T.);
#3799=ORIENTED_EDGE('',*,*,#2911,.T.);
#3800=ORIENTED_EDGE('',*,*,#2912,.T.);
#3801=ORIENTED_EDGE('',*,*,#2913,.T.);
#3802=ORIENTED_EDGE('',*,*,#2914,.T.);
#3803=ORIENTED_EDGE('',*,*,#2915,.T.);
#3804=ORIENTED_EDGE('',*,*,#2916,.T.);
#3805=ORIENTED_EDGE('',*,*,#2917,.T.);
#3806=ORIENTED_EDGE('',*,*,#2918,.T.);
#3807=ORIENTED_EDGE('',*,*,#2919,.T.);
#3808=ORIENTED_EDGE('',*,*,#2920,.T.);
#3809=ORIENTED_EDGE('',*,*,#2921,.T.);
#3810=ORIENTED_EDGE('',*,*,#2922,.T.);
#3811=ORIENTED_EDGE('',*,*,#2923,.T.);
#3812=ORIENTED_EDGE('',*,*,#2924,.T.);
#3813=ORIENTED_EDGE('',*,*,#2925,.T.);
#3814=ORIENTED_EDGE('',*,*,#2926,.T.);
#3815=ORIENTED_EDGE('',*,*,#2927,.T.);
#3816=ORIENTED_EDGE('',*,*,#2928,.T.);
#3817=ORIENTED_EDGE('',*,*,#2929,.T.);
#3818=ORIENTED_EDGE('',*,*,#2930,.T.);
#3819=ORIENTED_EDGE('',*,*,#2931,.T.);
#3820=ORIENTED_EDGE('',*,*,#2932,.T.);
#3821=ORIENTED_EDGE('',*,*,#2933,.T.);
#3822=ORIENTED_EDGE('',*,*,#2934,.T.);
#3823=ORIENTED_EDGE('',*,*,#2935,.T.);
#3824=ORIENTED_EDGE('',*,*,#2936,.T.);
#3825=ORIENTED_EDGE('',*,*,#2937,.T.);
#3826=ORIENTED_EDGE('',*,*,#2938,.T.);
#3827=ORIENTED_EDGE('',*,*,#2939,.T.);
#3828=ORIENTED_EDGE('',*,*,#2940,.T.);
#3829=ORIENTED_EDGE('',*,*,#2941,.T.);
#3830=ORIENTED_EDGE('',*,*,#2942,.T.);
#3831=ORIENTED_EDGE('',*,*,#2943,.T.);
#3832=ORIENTED_EDGE('',*,*,#2944,.T.);
#3833=ORIENTED_EDGE('',*,*,#2945,.T.);
#3834=ORIENTED_EDGE('',*,*,#2946,.T.);
#3835=ORIENTED_EDGE('',*,*,#2947,.T.);
#3836=ORIENTED_EDGE('',*,*,#2948,.T.);
#3837=ORIENTED_EDGE('',*,*,#2949,.T.);
#3838=ORIENTED_EDGE('',*,*,#2950,.T.);
#3839=ORIENTED_EDGE('',*,*,#2951,.T.);
#3840=ORIENTED_EDGE('',*,*,#2952,.T.);
#3841=ORIENTED_EDGE('',*,*,#2953,.T.);
#3842=ORIENTED_EDGE('',*,*,#2954,.T.);
#3843=ORIENTED_EDGE('',*,*,#2955,.T.);
#3844=ORIENTED_EDGE('',*,*,#2956,.T.);
#3845=ORIENTED_EDGE('',*,*,#2957,.T.);
#3846=ORIENTED_EDGE('',*,*,#2958,.T.);
#3847=ORIENTED_EDGE('',*,*,#2959,.T.);
#3848=ORIENTED_EDGE('',*,*,#2960,.T.);
#3849=ORIENTED_EDGE('',*,*,#2961,.T.);
#3850=ORIENTED_EDGE('',*,*,#2962,.T.);
#3851=ORIENTED_EDGE('',*,*,#2963,.T.);
#3852=ORIENTED_EDGE('',*,*,#2964,.T.);
#3853=ORIENTED_EDGE('',*,*,#2965,.T.);
#3854=ORIENTED_EDGE('',*,*,#2966,.T.);
#3855=ORIENTED_EDGE('',*,*,#2967,.T.);
#3856=ORIENTED_EDGE('',*,*,#2968,.T.);
#3857=ORIENTED_EDGE('',*,*,#2969,.T.);
#3858=ORIENTED_EDGE('',*,*,#2970,.T.);
#3859=ORIENTED_EDGE('',*,*,#2971,.T.);
#3860=ORIENTED_EDGE('',*,*,#2972,.T.);
#3861=ORIENTED_EDGE('',*,*,#2973,.T.);
#3862=ORIENTED_EDGE('',*,*,#2974,.T.);
#3863=ORIENTED_EDGE('',*,*,#2975,.F.);
#3864=ORIENTED_EDGE('',*,*,#2970,.F.);
#3865=ORIENTED_EDGE('',*,*,#2976,.T.);
#3866=ORIENTED_EDGE('',*,*,#2977,.T.);
#3867=ORIENTED_EDGE('',*,*,#2973,.F.);
#3868=ORIENTED_EDGE('',*,*,#2969,.F.);
#3869=ORIENTED_EDGE('',*,*,#2978,.T.);
#3870=ORIENTED_EDGE('',*,*,#2979,.T.);
#3871=ORIENTED_EDGE('',*,*,#2976,.F.);
#3872=ORIENTED_EDGE('',*,*,#2972,.F.);
#3873=ORIENTED_EDGE('',*,*,#2975,.T.);
#3874=ORIENTED_EDGE('',*,*,#2980,.T.);
#3875=ORIENTED_EDGE('',*,*,#2978,.F.);
#3876=ORIENTED_EDGE('',*,*,#2971,.F.);
#3877=ORIENTED_EDGE('',*,*,#2981,.T.);
#3878=ORIENTED_EDGE('',*,*,#2982,.T.);
#3879=ORIENTED_EDGE('',*,*,#2983,.F.);
#3880=ORIENTED_EDGE('',*,*,#2966,.F.);
#3881=ORIENTED_EDGE('',*,*,#2984,.T.);
#3882=ORIENTED_EDGE('',*,*,#2985,.T.);
#3883=ORIENTED_EDGE('',*,*,#2981,.F.);
#3884=ORIENTED_EDGE('',*,*,#2965,.F.);
#3885=ORIENTED_EDGE('',*,*,#2986,.T.);
#3886=ORIENTED_EDGE('',*,*,#2987,.T.);
#3887=ORIENTED_EDGE('',*,*,#2984,.F.);
#3888=ORIENTED_EDGE('',*,*,#2968,.F.);
#3889=ORIENTED_EDGE('',*,*,#2983,.T.);
#3890=ORIENTED_EDGE('',*,*,#2988,.T.);
#3891=ORIENTED_EDGE('',*,*,#2986,.F.);
#3892=ORIENTED_EDGE('',*,*,#2967,.F.);
#3893=ORIENTED_EDGE('',*,*,#2989,.T.);
#3894=ORIENTED_EDGE('',*,*,#2990,.T.);
#3895=ORIENTED_EDGE('',*,*,#2991,.F.);
#3896=ORIENTED_EDGE('',*,*,#2962,.F.);
#3897=ORIENTED_EDGE('',*,*,#2992,.T.);
#3898=ORIENTED_EDGE('',*,*,#2993,.T.);
#3899=ORIENTED_EDGE('',*,*,#2989,.F.);
#3900=ORIENTED_EDGE('',*,*,#2961,.F.);
#3901=ORIENTED_EDGE('',*,*,#2994,.T.);
#3902=ORIENTED_EDGE('',*,*,#2995,.T.);
#3903=ORIENTED_EDGE('',*,*,#2992,.F.);
#3904=ORIENTED_EDGE('',*,*,#2964,.F.);
#3905=ORIENTED_EDGE('',*,*,#2991,.T.);
#3906=ORIENTED_EDGE('',*,*,#2996,.T.);
#3907=ORIENTED_EDGE('',*,*,#2994,.F.);
#3908=ORIENTED_EDGE('',*,*,#2963,.F.);
#3909=ORIENTED_EDGE('',*,*,#2997,.T.);
#3910=ORIENTED_EDGE('',*,*,#2998,.T.);
#3911=ORIENTED_EDGE('',*,*,#2999,.F.);
#3912=ORIENTED_EDGE('',*,*,#2958,.F.);
#3913=ORIENTED_EDGE('',*,*,#3000,.T.);
#3914=ORIENTED_EDGE('',*,*,#3001,.T.);
#3915=ORIENTED_EDGE('',*,*,#2997,.F.);
#3916=ORIENTED_EDGE('',*,*,#2957,.F.);
#3917=ORIENTED_EDGE('',*,*,#3002,.T.);
#3918=ORIENTED_EDGE('',*,*,#3003,.T.);
#3919=ORIENTED_EDGE('',*,*,#3000,.F.);
#3920=ORIENTED_EDGE('',*,*,#2960,.F.);
#3921=ORIENTED_EDGE('',*,*,#2999,.T.);
#3922=ORIENTED_EDGE('',*,*,#3004,.T.);
#3923=ORIENTED_EDGE('',*,*,#3002,.F.);
#3924=ORIENTED_EDGE('',*,*,#2959,.F.);
#3925=ORIENTED_EDGE('',*,*,#3005,.T.);
#3926=ORIENTED_EDGE('',*,*,#3006,.T.);
#3927=ORIENTED_EDGE('',*,*,#3007,.F.);
#3928=ORIENTED_EDGE('',*,*,#2954,.F.);
#3929=ORIENTED_EDGE('',*,*,#3008,.T.);
#3930=ORIENTED_EDGE('',*,*,#3009,.T.);
#3931=ORIENTED_EDGE('',*,*,#3005,.F.);
#3932=ORIENTED_EDGE('',*,*,#2953,.F.);
#3933=ORIENTED_EDGE('',*,*,#3010,.T.);
#3934=ORIENTED_EDGE('',*,*,#3011,.T.);
#3935=ORIENTED_EDGE('',*,*,#3008,.F.);
#3936=ORIENTED_EDGE('',*,*,#2956,.F.);
#3937=ORIENTED_EDGE('',*,*,#3007,.T.);
#3938=ORIENTED_EDGE('',*,*,#3012,.T.);
#3939=ORIENTED_EDGE('',*,*,#3010,.F.);
#3940=ORIENTED_EDGE('',*,*,#2955,.F.);
#3941=ORIENTED_EDGE('',*,*,#3013,.T.);
#3942=ORIENTED_EDGE('',*,*,#3014,.T.);
#3943=ORIENTED_EDGE('',*,*,#3015,.F.);
#3944=ORIENTED_EDGE('',*,*,#2950,.F.);
#3945=ORIENTED_EDGE('',*,*,#3016,.T.);
#3946=ORIENTED_EDGE('',*,*,#3017,.T.);
#3947=ORIENTED_EDGE('',*,*,#3013,.F.);
#3948=ORIENTED_EDGE('',*,*,#2949,.F.);
#3949=ORIENTED_EDGE('',*,*,#3018,.T.);
#3950=ORIENTED_EDGE('',*,*,#3019,.T.);
#3951=ORIENTED_EDGE('',*,*,#3016,.F.);
#3952=ORIENTED_EDGE('',*,*,#2952,.F.);
#3953=ORIENTED_EDGE('',*,*,#3015,.T.);
#3954=ORIENTED_EDGE('',*,*,#3020,.T.);
#3955=ORIENTED_EDGE('',*,*,#3018,.F.);
#3956=ORIENTED_EDGE('',*,*,#2951,.F.);
#3957=ORIENTED_EDGE('',*,*,#3021,.T.);
#3958=ORIENTED_EDGE('',*,*,#3022,.T.);
#3959=ORIENTED_EDGE('',*,*,#3023,.F.);
#3960=ORIENTED_EDGE('',*,*,#2946,.F.);
#3961=ORIENTED_EDGE('',*,*,#3024,.T.);
#3962=ORIENTED_EDGE('',*,*,#3025,.T.);
#3963=ORIENTED_EDGE('',*,*,#3021,.F.);
#3964=ORIENTED_EDGE('',*,*,#2945,.F.);
#3965=ORIENTED_EDGE('',*,*,#3026,.T.);
#3966=ORIENTED_EDGE('',*,*,#3027,.T.);
#3967=ORIENTED_EDGE('',*,*,#3024,.F.);
#3968=ORIENTED_EDGE('',*,*,#2948,.F.);
#3969=ORIENTED_EDGE('',*,*,#3023,.T.);
#3970=ORIENTED_EDGE('',*,*,#3028,.T.);
#3971=ORIENTED_EDGE('',*,*,#3026,.F.);
#3972=ORIENTED_EDGE('',*,*,#2947,.F.);
#3973=ORIENTED_EDGE('',*,*,#3029,.T.);
#3974=ORIENTED_EDGE('',*,*,#3030,.T.);
#3975=ORIENTED_EDGE('',*,*,#3031,.F.);
#3976=ORIENTED_EDGE('',*,*,#2942,.F.);
#3977=ORIENTED_EDGE('',*,*,#3032,.T.);
#3978=ORIENTED_EDGE('',*,*,#3033,.T.);
#3979=ORIENTED_EDGE('',*,*,#3029,.F.);
#3980=ORIENTED_EDGE('',*,*,#2941,.F.);
#3981=ORIENTED_EDGE('',*,*,#3034,.T.);
#3982=ORIENTED_EDGE('',*,*,#3035,.T.);
#3983=ORIENTED_EDGE('',*,*,#3032,.F.);
#3984=ORIENTED_EDGE('',*,*,#2944,.F.);
#3985=ORIENTED_EDGE('',*,*,#3031,.T.);
#3986=ORIENTED_EDGE('',*,*,#3036,.T.);
#3987=ORIENTED_EDGE('',*,*,#3034,.F.);
#3988=ORIENTED_EDGE('',*,*,#2943,.F.);
#3989=ORIENTED_EDGE('',*,*,#3037,.T.);
#3990=ORIENTED_EDGE('',*,*,#3038,.T.);
#3991=ORIENTED_EDGE('',*,*,#3039,.F.);
#3992=ORIENTED_EDGE('',*,*,#2938,.F.);
#3993=ORIENTED_EDGE('',*,*,#3040,.T.);
#3994=ORIENTED_EDGE('',*,*,#3041,.T.);
#3995=ORIENTED_EDGE('',*,*,#3037,.F.);
#3996=ORIENTED_EDGE('',*,*,#2937,.F.);
#3997=ORIENTED_EDGE('',*,*,#3042,.T.);
#3998=ORIENTED_EDGE('',*,*,#3043,.T.);
#3999=ORIENTED_EDGE('',*,*,#3040,.F.);
#4000=ORIENTED_EDGE('',*,*,#2940,.F.);
#4001=ORIENTED_EDGE('',*,*,#3039,.T.);
#4002=ORIENTED_EDGE('',*,*,#3044,.T.);
#4003=ORIENTED_EDGE('',*,*,#3042,.F.);
#4004=ORIENTED_EDGE('',*,*,#2939,.F.);
#4005=ORIENTED_EDGE('',*,*,#3045,.T.);
#4006=ORIENTED_EDGE('',*,*,#3046,.T.);
#4007=ORIENTED_EDGE('',*,*,#3047,.F.);
#4008=ORIENTED_EDGE('',*,*,#2934,.F.);
#4009=ORIENTED_EDGE('',*,*,#3048,.T.);
#4010=ORIENTED_EDGE('',*,*,#3049,.T.);
#4011=ORIENTED_EDGE('',*,*,#3045,.F.);
#4012=ORIENTED_EDGE('',*,*,#2933,.F.);
#4013=ORIENTED_EDGE('',*,*,#3050,.T.);
#4014=ORIENTED_EDGE('',*,*,#3051,.T.);
#4015=ORIENTED_EDGE('',*,*,#3048,.F.);
#4016=ORIENTED_EDGE('',*,*,#2936,.F.);
#4017=ORIENTED_EDGE('',*,*,#3047,.T.);
#4018=ORIENTED_EDGE('',*,*,#3052,.T.);
#4019=ORIENTED_EDGE('',*,*,#3050,.F.);
#4020=ORIENTED_EDGE('',*,*,#2935,.F.);
#4021=ORIENTED_EDGE('',*,*,#3053,.T.);
#4022=ORIENTED_EDGE('',*,*,#3054,.T.);
#4023=ORIENTED_EDGE('',*,*,#3055,.F.);
#4024=ORIENTED_EDGE('',*,*,#2930,.F.);
#4025=ORIENTED_EDGE('',*,*,#3056,.T.);
#4026=ORIENTED_EDGE('',*,*,#3057,.T.);
#4027=ORIENTED_EDGE('',*,*,#3053,.F.);
#4028=ORIENTED_EDGE('',*,*,#2929,.F.);
#4029=ORIENTED_EDGE('',*,*,#3058,.T.);
#4030=ORIENTED_EDGE('',*,*,#3059,.T.);
#4031=ORIENTED_EDGE('',*,*,#3056,.F.);
#4032=ORIENTED_EDGE('',*,*,#2932,.F.);
#4033=ORIENTED_EDGE('',*,*,#3055,.T.);
#4034=ORIENTED_EDGE('',*,*,#3060,.T.);
#4035=ORIENTED_EDGE('',*,*,#3058,.F.);
#4036=ORIENTED_EDGE('',*,*,#2931,.F.);
#4037=ORIENTED_EDGE('',*,*,#3061,.T.);
#4038=ORIENTED_EDGE('',*,*,#3062,.T.);
#4039=ORIENTED_EDGE('',*,*,#3063,.F.);
#4040=ORIENTED_EDGE('',*,*,#2926,.F.);
#4041=ORIENTED_EDGE('',*,*,#3064,.T.);
#4042=ORIENTED_EDGE('',*,*,#3065,.T.);
#4043=ORIENTED_EDGE('',*,*,#3061,.F.);
#4044=ORIENTED_EDGE('',*,*,#2925,.F.);
#4045=ORIENTED_EDGE('',*,*,#3066,.T.);
#4046=ORIENTED_EDGE('',*,*,#3067,.T.);
#4047=ORIENTED_EDGE('',*,*,#3064,.F.);
#4048=ORIENTED_EDGE('',*,*,#2928,.F.);
#4049=ORIENTED_EDGE('',*,*,#3063,.T.);
#4050=ORIENTED_EDGE('',*,*,#3068,.T.);
#4051=ORIENTED_EDGE('',*,*,#3066,.F.);
#4052=ORIENTED_EDGE('',*,*,#2927,.F.);
#4053=ORIENTED_EDGE('',*,*,#3069,.T.);
#4054=ORIENTED_EDGE('',*,*,#3070,.T.);
#4055=ORIENTED_EDGE('',*,*,#3071,.F.);
#4056=ORIENTED_EDGE('',*,*,#2922,.F.);
#4057=ORIENTED_EDGE('',*,*,#3072,.T.);
#4058=ORIENTED_EDGE('',*,*,#3073,.T.);
#4059=ORIENTED_EDGE('',*,*,#3069,.F.);
#4060=ORIENTED_EDGE('',*,*,#2921,.F.);
#4061=ORIENTED_EDGE('',*,*,#3074,.T.);
#4062=ORIENTED_EDGE('',*,*,#3075,.T.);
#4063=ORIENTED_EDGE('',*,*,#3072,.F.);
#4064=ORIENTED_EDGE('',*,*,#2924,.F.);
#4065=ORIENTED_EDGE('',*,*,#3071,.T.);
#4066=ORIENTED_EDGE('',*,*,#3076,.T.);
#4067=ORIENTED_EDGE('',*,*,#3074,.F.);
#4068=ORIENTED_EDGE('',*,*,#2923,.F.);
#4069=ORIENTED_EDGE('',*,*,#3077,.T.);
#4070=ORIENTED_EDGE('',*,*,#3078,.T.);
#4071=ORIENTED_EDGE('',*,*,#3079,.F.);
#4072=ORIENTED_EDGE('',*,*,#2918,.F.);
#4073=ORIENTED_EDGE('',*,*,#3080,.T.);
#4074=ORIENTED_EDGE('',*,*,#3081,.T.);
#4075=ORIENTED_EDGE('',*,*,#3077,.F.);
#4076=ORIENTED_EDGE('',*,*,#2917,.F.);
#4077=ORIENTED_EDGE('',*,*,#3082,.T.);
#4078=ORIENTED_EDGE('',*,*,#3083,.T.);
#4079=ORIENTED_EDGE('',*,*,#3080,.F.);
#4080=ORIENTED_EDGE('',*,*,#2920,.F.);
#4081=ORIENTED_EDGE('',*,*,#3079,.T.);
#4082=ORIENTED_EDGE('',*,*,#3084,.T.);
#4083=ORIENTED_EDGE('',*,*,#3082,.F.);
#4084=ORIENTED_EDGE('',*,*,#2919,.F.);
#4085=ORIENTED_EDGE('',*,*,#3085,.T.);
#4086=ORIENTED_EDGE('',*,*,#3086,.T.);
#4087=ORIENTED_EDGE('',*,*,#3087,.F.);
#4088=ORIENTED_EDGE('',*,*,#2914,.F.);
#4089=ORIENTED_EDGE('',*,*,#3088,.T.);
#4090=ORIENTED_EDGE('',*,*,#3089,.T.);
#4091=ORIENTED_EDGE('',*,*,#3085,.F.);
#4092=ORIENTED_EDGE('',*,*,#2913,.F.);
#4093=ORIENTED_EDGE('',*,*,#3090,.T.);
#4094=ORIENTED_EDGE('',*,*,#3091,.T.);
#4095=ORIENTED_EDGE('',*,*,#3088,.F.);
#4096=ORIENTED_EDGE('',*,*,#2916,.F.);
#4097=ORIENTED_EDGE('',*,*,#3087,.T.);
#4098=ORIENTED_EDGE('',*,*,#3092,.T.);
#4099=ORIENTED_EDGE('',*,*,#3090,.F.);
#4100=ORIENTED_EDGE('',*,*,#2915,.F.);
#4101=ORIENTED_EDGE('',*,*,#3093,.T.);
#4102=ORIENTED_EDGE('',*,*,#3094,.T.);
#4103=ORIENTED_EDGE('',*,*,#3095,.F.);
#4104=ORIENTED_EDGE('',*,*,#2910,.F.);
#4105=ORIENTED_EDGE('',*,*,#3096,.T.);
#4106=ORIENTED_EDGE('',*,*,#3097,.T.);
#4107=ORIENTED_EDGE('',*,*,#3093,.F.);
#4108=ORIENTED_EDGE('',*,*,#2909,.F.);
#4109=ORIENTED_EDGE('',*,*,#3098,.T.);
#4110=ORIENTED_EDGE('',*,*,#3099,.T.);
#4111=ORIENTED_EDGE('',*,*,#3096,.F.);
#4112=ORIENTED_EDGE('',*,*,#2912,.F.);
#4113=ORIENTED_EDGE('',*,*,#3095,.T.);
#4114=ORIENTED_EDGE('',*,*,#3100,.T.);
#4115=ORIENTED_EDGE('',*,*,#3098,.F.);
#4116=ORIENTED_EDGE('',*,*,#2911,.F.);
#4117=ORIENTED_EDGE('',*,*,#3101,.T.);
#4118=ORIENTED_EDGE('',*,*,#3102,.T.);
#4119=ORIENTED_EDGE('',*,*,#3103,.F.);
#4120=ORIENTED_EDGE('',*,*,#2906,.F.);
#4121=ORIENTED_EDGE('',*,*,#3104,.T.);
#4122=ORIENTED_EDGE('',*,*,#3105,.T.);
#4123=ORIENTED_EDGE('',*,*,#3101,.F.);
#4124=ORIENTED_EDGE('',*,*,#2905,.F.);
#4125=ORIENTED_EDGE('',*,*,#3106,.T.);
#4126=ORIENTED_EDGE('',*,*,#3107,.T.);
#4127=ORIENTED_EDGE('',*,*,#3104,.F.);
#4128=ORIENTED_EDGE('',*,*,#2908,.F.);
#4129=ORIENTED_EDGE('',*,*,#3103,.T.);
#4130=ORIENTED_EDGE('',*,*,#3108,.T.);
#4131=ORIENTED_EDGE('',*,*,#3106,.F.);
#4132=ORIENTED_EDGE('',*,*,#2907,.F.);
#4133=ORIENTED_EDGE('',*,*,#3109,.T.);
#4134=ORIENTED_EDGE('',*,*,#3110,.T.);
#4135=ORIENTED_EDGE('',*,*,#3111,.F.);
#4136=ORIENTED_EDGE('',*,*,#2902,.F.);
#4137=ORIENTED_EDGE('',*,*,#3112,.T.);
#4138=ORIENTED_EDGE('',*,*,#3113,.T.);
#4139=ORIENTED_EDGE('',*,*,#3109,.F.);
#4140=ORIENTED_EDGE('',*,*,#2901,.F.);
#4141=ORIENTED_EDGE('',*,*,#3114,.T.);
#4142=ORIENTED_EDGE('',*,*,#3115,.T.);
#4143=ORIENTED_EDGE('',*,*,#3112,.F.);
#4144=ORIENTED_EDGE('',*,*,#2904,.F.);
#4145=ORIENTED_EDGE('',*,*,#3111,.T.);
#4146=ORIENTED_EDGE('',*,*,#3116,.T.);
#4147=ORIENTED_EDGE('',*,*,#3114,.F.);
#4148=ORIENTED_EDGE('',*,*,#2903,.F.);
#4149=ORIENTED_EDGE('',*,*,#3117,.T.);
#4150=ORIENTED_EDGE('',*,*,#3118,.T.);
#4151=ORIENTED_EDGE('',*,*,#3119,.F.);
#4152=ORIENTED_EDGE('',*,*,#2898,.F.);
#4153=ORIENTED_EDGE('',*,*,#3120,.T.);
#4154=ORIENTED_EDGE('',*,*,#3121,.T.);
#4155=ORIENTED_EDGE('',*,*,#3117,.F.);
#4156=ORIENTED_EDGE('',*,*,#2897,.F.);
#4157=ORIENTED_EDGE('',*,*,#3122,.T.);
#4158=ORIENTED_EDGE('',*,*,#3123,.T.);
#4159=ORIENTED_EDGE('',*,*,#3120,.F.);
#4160=ORIENTED_EDGE('',*,*,#2900,.F.);
#4161=ORIENTED_EDGE('',*,*,#3119,.T.);
#4162=ORIENTED_EDGE('',*,*,#3124,.T.);
#4163=ORIENTED_EDGE('',*,*,#3122,.F.);
#4164=ORIENTED_EDGE('',*,*,#2899,.F.);
#4165=ORIENTED_EDGE('',*,*,#3125,.T.);
#4166=ORIENTED_EDGE('',*,*,#3126,.T.);
#4167=ORIENTED_EDGE('',*,*,#3127,.F.);
#4168=ORIENTED_EDGE('',*,*,#2894,.F.);
#4169=ORIENTED_EDGE('',*,*,#3128,.T.);
#4170=ORIENTED_EDGE('',*,*,#3129,.T.);
#4171=ORIENTED_EDGE('',*,*,#3125,.F.);
#4172=ORIENTED_EDGE('',*,*,#2893,.F.);
#4173=ORIENTED_EDGE('',*,*,#3130,.T.);
#4174=ORIENTED_EDGE('',*,*,#3131,.T.);
#4175=ORIENTED_EDGE('',*,*,#3128,.F.);
#4176=ORIENTED_EDGE('',*,*,#2896,.F.);
#4177=ORIENTED_EDGE('',*,*,#3127,.T.);
#4178=ORIENTED_EDGE('',*,*,#3132,.T.);
#4179=ORIENTED_EDGE('',*,*,#3130,.F.);
#4180=ORIENTED_EDGE('',*,*,#2895,.F.);
#4181=ORIENTED_EDGE('',*,*,#3133,.T.);
#4182=ORIENTED_EDGE('',*,*,#3134,.T.);
#4183=ORIENTED_EDGE('',*,*,#3135,.F.);
#4184=ORIENTED_EDGE('',*,*,#2890,.F.);
#4185=ORIENTED_EDGE('',*,*,#3136,.T.);
#4186=ORIENTED_EDGE('',*,*,#3137,.T.);
#4187=ORIENTED_EDGE('',*,*,#3133,.F.);
#4188=ORIENTED_EDGE('',*,*,#2889,.F.);
#4189=ORIENTED_EDGE('',*,*,#3138,.T.);
#4190=ORIENTED_EDGE('',*,*,#3139,.T.);
#4191=ORIENTED_EDGE('',*,*,#3136,.F.);
#4192=ORIENTED_EDGE('',*,*,#2892,.F.);
#4193=ORIENTED_EDGE('',*,*,#3135,.T.);
#4194=ORIENTED_EDGE('',*,*,#3140,.T.);
#4195=ORIENTED_EDGE('',*,*,#3138,.F.);
#4196=ORIENTED_EDGE('',*,*,#2891,.F.);
#4197=ORIENTED_EDGE('',*,*,#3141,.T.);
#4198=ORIENTED_EDGE('',*,*,#3142,.T.);
#4199=ORIENTED_EDGE('',*,*,#3143,.F.);
#4200=ORIENTED_EDGE('',*,*,#2886,.F.);
#4201=ORIENTED_EDGE('',*,*,#3144,.T.);
#4202=ORIENTED_EDGE('',*,*,#3145,.T.);
#4203=ORIENTED_EDGE('',*,*,#3141,.F.);
#4204=ORIENTED_EDGE('',*,*,#2885,.F.);
#4205=ORIENTED_EDGE('',*,*,#3146,.T.);
#4206=ORIENTED_EDGE('',*,*,#3147,.T.);
#4207=ORIENTED_EDGE('',*,*,#3144,.F.);
#4208=ORIENTED_EDGE('',*,*,#2888,.F.);
#4209=ORIENTED_EDGE('',*,*,#3143,.T.);
#4210=ORIENTED_EDGE('',*,*,#3148,.T.);
#4211=ORIENTED_EDGE('',*,*,#3146,.F.);
#4212=ORIENTED_EDGE('',*,*,#2887,.F.);
#4213=ORIENTED_EDGE('',*,*,#3149,.T.);
#4214=ORIENTED_EDGE('',*,*,#3150,.T.);
#4215=ORIENTED_EDGE('',*,*,#3151,.F.);
#4216=ORIENTED_EDGE('',*,*,#2882,.F.);
#4217=ORIENTED_EDGE('',*,*,#3152,.T.);
#4218=ORIENTED_EDGE('',*,*,#3153,.T.);
#4219=ORIENTED_EDGE('',*,*,#3149,.F.);
#4220=ORIENTED_EDGE('',*,*,#2881,.F.);
#4221=ORIENTED_EDGE('',*,*,#3154,.T.);
#4222=ORIENTED_EDGE('',*,*,#3155,.T.);
#4223=ORIENTED_EDGE('',*,*,#3152,.F.);
#4224=ORIENTED_EDGE('',*,*,#2884,.F.);
#4225=ORIENTED_EDGE('',*,*,#3151,.T.);
#4226=ORIENTED_EDGE('',*,*,#3156,.T.);
#4227=ORIENTED_EDGE('',*,*,#3154,.F.);
#4228=ORIENTED_EDGE('',*,*,#2883,.F.);
#4229=ORIENTED_EDGE('',*,*,#3157,.T.);
#4230=ORIENTED_EDGE('',*,*,#3158,.T.);
#4231=ORIENTED_EDGE('',*,*,#3159,.F.);
#4232=ORIENTED_EDGE('',*,*,#2878,.F.);
#4233=ORIENTED_EDGE('',*,*,#3160,.T.);
#4234=ORIENTED_EDGE('',*,*,#3161,.T.);
#4235=ORIENTED_EDGE('',*,*,#3157,.F.);
#4236=ORIENTED_EDGE('',*,*,#2877,.F.);
#4237=ORIENTED_EDGE('',*,*,#3162,.T.);
#4238=ORIENTED_EDGE('',*,*,#3163,.T.);
#4239=ORIENTED_EDGE('',*,*,#3160,.F.);
#4240=ORIENTED_EDGE('',*,*,#2880,.F.);
#4241=ORIENTED_EDGE('',*,*,#3159,.T.);
#4242=ORIENTED_EDGE('',*,*,#3164,.T.);
#4243=ORIENTED_EDGE('',*,*,#3162,.F.);
#4244=ORIENTED_EDGE('',*,*,#2879,.F.);
#4245=ORIENTED_EDGE('',*,*,#3165,.T.);
#4246=ORIENTED_EDGE('',*,*,#3166,.T.);
#4247=ORIENTED_EDGE('',*,*,#3167,.F.);
#4248=ORIENTED_EDGE('',*,*,#2874,.F.);
#4249=ORIENTED_EDGE('',*,*,#3168,.T.);
#4250=ORIENTED_EDGE('',*,*,#3169,.T.);
#4251=ORIENTED_EDGE('',*,*,#3165,.F.);
#4252=ORIENTED_EDGE('',*,*,#2873,.F.);
#4253=ORIENTED_EDGE('',*,*,#3170,.T.);
#4254=ORIENTED_EDGE('',*,*,#3171,.T.);
#4255=ORIENTED_EDGE('',*,*,#3168,.F.);
#4256=ORIENTED_EDGE('',*,*,#2876,.F.);
#4257=ORIENTED_EDGE('',*,*,#3167,.T.);
#4258=ORIENTED_EDGE('',*,*,#3172,.T.);
#4259=ORIENTED_EDGE('',*,*,#3170,.F.);
#4260=ORIENTED_EDGE('',*,*,#2875,.F.);
#4261=ORIENTED_EDGE('',*,*,#3173,.T.);
#4262=ORIENTED_EDGE('',*,*,#3174,.T.);
#4263=ORIENTED_EDGE('',*,*,#3175,.F.);
#4264=ORIENTED_EDGE('',*,*,#2870,.F.);
#4265=ORIENTED_EDGE('',*,*,#3176,.T.);
#4266=ORIENTED_EDGE('',*,*,#3177,.T.);
#4267=ORIENTED_EDGE('',*,*,#3173,.F.);
#4268=ORIENTED_EDGE('',*,*,#2869,.F.);
#4269=ORIENTED_EDGE('',*,*,#3178,.T.);
#4270=ORIENTED_EDGE('',*,*,#3179,.T.);
#4271=ORIENTED_EDGE('',*,*,#3176,.F.);
#4272=ORIENTED_EDGE('',*,*,#2872,.F.);
#4273=ORIENTED_EDGE('',*,*,#3175,.T.);
#4274=ORIENTED_EDGE('',*,*,#3180,.T.);
#4275=ORIENTED_EDGE('',*,*,#3178,.F.);
#4276=ORIENTED_EDGE('',*,*,#2871,.F.);
#4277=ORIENTED_EDGE('',*,*,#3181,.F.);
#4278=ORIENTED_EDGE('',*,*,#2754,.F.);
#4279=ORIENTED_EDGE('',*,*,#3182,.F.);
#4280=ORIENTED_EDGE('',*,*,#2764,.F.);
#4281=ORIENTED_EDGE('',*,*,#3182,.T.);
#4282=ORIENTED_EDGE('',*,*,#2757,.F.);
#4283=ORIENTED_EDGE('',*,*,#3183,.F.);
#4284=ORIENTED_EDGE('',*,*,#2761,.F.);
#4285=ORIENTED_EDGE('',*,*,#3181,.T.);
#4286=ORIENTED_EDGE('',*,*,#2763,.F.);
#4287=ORIENTED_EDGE('',*,*,#3184,.F.);
#4288=ORIENTED_EDGE('',*,*,#2750,.F.);
#4289=ORIENTED_EDGE('',*,*,#3183,.T.);
#4290=ORIENTED_EDGE('',*,*,#2759,.F.);
#4291=ORIENTED_EDGE('',*,*,#3184,.T.);
#4292=ORIENTED_EDGE('',*,*,#2762,.F.);
#4293=ORIENTED_EDGE('',*,*,#3185,.F.);
#4294=ORIENTED_EDGE('',*,*,#2768,.F.);
#4295=ORIENTED_EDGE('',*,*,#3186,.F.);
#4296=ORIENTED_EDGE('',*,*,#2977,.F.);
#4297=ORIENTED_EDGE('',*,*,#3186,.T.);
#4298=ORIENTED_EDGE('',*,*,#2767,.F.);
#4299=ORIENTED_EDGE('',*,*,#3187,.F.);
#4300=ORIENTED_EDGE('',*,*,#2974,.F.);
#4301=ORIENTED_EDGE('',*,*,#3185,.T.);
#4302=ORIENTED_EDGE('',*,*,#2979,.F.);
#4303=ORIENTED_EDGE('',*,*,#3188,.F.);
#4304=ORIENTED_EDGE('',*,*,#2765,.F.);
#4305=ORIENTED_EDGE('',*,*,#3187,.T.);
#4306=ORIENTED_EDGE('',*,*,#2766,.F.);
#4307=ORIENTED_EDGE('',*,*,#3188,.T.);
#4308=ORIENTED_EDGE('',*,*,#2980,.F.);
#4309=ORIENTED_EDGE('',*,*,#3189,.F.);
#4310=ORIENTED_EDGE('',*,*,#2772,.F.);
#4311=ORIENTED_EDGE('',*,*,#3190,.F.);
#4312=ORIENTED_EDGE('',*,*,#2985,.F.);
#4313=ORIENTED_EDGE('',*,*,#3190,.T.);
#4314=ORIENTED_EDGE('',*,*,#2771,.F.);
#4315=ORIENTED_EDGE('',*,*,#3191,.F.);
#4316=ORIENTED_EDGE('',*,*,#2982,.F.);
#4317=ORIENTED_EDGE('',*,*,#3189,.T.);
#4318=ORIENTED_EDGE('',*,*,#2987,.F.);
#4319=ORIENTED_EDGE('',*,*,#3192,.F.);
#4320=ORIENTED_EDGE('',*,*,#2769,.F.);
#4321=ORIENTED_EDGE('',*,*,#3191,.T.);
#4322=ORIENTED_EDGE('',*,*,#2770,.F.);
#4323=ORIENTED_EDGE('',*,*,#3192,.T.);
#4324=ORIENTED_EDGE('',*,*,#2988,.F.);
#4325=ORIENTED_EDGE('',*,*,#3193,.F.);
#4326=ORIENTED_EDGE('',*,*,#2776,.F.);
#4327=ORIENTED_EDGE('',*,*,#3194,.F.);
#4328=ORIENTED_EDGE('',*,*,#2993,.F.);
#4329=ORIENTED_EDGE('',*,*,#3194,.T.);
#4330=ORIENTED_EDGE('',*,*,#2775,.F.);
#4331=ORIENTED_EDGE('',*,*,#3195,.F.);
#4332=ORIENTED_EDGE('',*,*,#2990,.F.);
#4333=ORIENTED_EDGE('',*,*,#3193,.T.);
#4334=ORIENTED_EDGE('',*,*,#2995,.F.);
#4335=ORIENTED_EDGE('',*,*,#3196,.F.);
#4336=ORIENTED_EDGE('',*,*,#2773,.F.);
#4337=ORIENTED_EDGE('',*,*,#3195,.T.);
#4338=ORIENTED_EDGE('',*,*,#2774,.F.);
#4339=ORIENTED_EDGE('',*,*,#3196,.T.);
#4340=ORIENTED_EDGE('',*,*,#2996,.F.);
#4341=ORIENTED_EDGE('',*,*,#3197,.F.);
#4342=ORIENTED_EDGE('',*,*,#2780,.F.);
#4343=ORIENTED_EDGE('',*,*,#3198,.F.);
#4344=ORIENTED_EDGE('',*,*,#3001,.F.);
#4345=ORIENTED_EDGE('',*,*,#3198,.T.);
#4346=ORIENTED_EDGE('',*,*,#2779,.F.);
#4347=ORIENTED_EDGE('',*,*,#3199,.F.);
#4348=ORIENTED_EDGE('',*,*,#2998,.F.);
#4349=ORIENTED_EDGE('',*,*,#3197,.T.);
#4350=ORIENTED_EDGE('',*,*,#3003,.F.);
#4351=ORIENTED_EDGE('',*,*,#3200,.F.);
#4352=ORIENTED_EDGE('',*,*,#2777,.F.);
#4353=ORIENTED_EDGE('',*,*,#3199,.T.);
#4354=ORIENTED_EDGE('',*,*,#2778,.F.);
#4355=ORIENTED_EDGE('',*,*,#3200,.T.);
#4356=ORIENTED_EDGE('',*,*,#3004,.F.);
#4357=ORIENTED_EDGE('',*,*,#3201,.F.);
#4358=ORIENTED_EDGE('',*,*,#2784,.F.);
#4359=ORIENTED_EDGE('',*,*,#3202,.F.);
#4360=ORIENTED_EDGE('',*,*,#3009,.F.);
#4361=ORIENTED_EDGE('',*,*,#3202,.T.);
#4362=ORIENTED_EDGE('',*,*,#2783,.F.);
#4363=ORIENTED_EDGE('',*,*,#3203,.F.);
#4364=ORIENTED_EDGE('',*,*,#3006,.F.);
#4365=ORIENTED_EDGE('',*,*,#3201,.T.);
#4366=ORIENTED_EDGE('',*,*,#3011,.F.);
#4367=ORIENTED_EDGE('',*,*,#3204,.F.);
#4368=ORIENTED_EDGE('',*,*,#2781,.F.);
#4369=ORIENTED_EDGE('',*,*,#3203,.T.);
#4370=ORIENTED_EDGE('',*,*,#2782,.F.);
#4371=ORIENTED_EDGE('',*,*,#3204,.T.);
#4372=ORIENTED_EDGE('',*,*,#3012,.F.);
#4373=ORIENTED_EDGE('',*,*,#3205,.F.);
#4374=ORIENTED_EDGE('',*,*,#2788,.F.);
#4375=ORIENTED_EDGE('',*,*,#3206,.F.);
#4376=ORIENTED_EDGE('',*,*,#3017,.F.);
#4377=ORIENTED_EDGE('',*,*,#3206,.T.);
#4378=ORIENTED_EDGE('',*,*,#2787,.F.);
#4379=ORIENTED_EDGE('',*,*,#3207,.F.);
#4380=ORIENTED_EDGE('',*,*,#3014,.F.);
#4381=ORIENTED_EDGE('',*,*,#3205,.T.);
#4382=ORIENTED_EDGE('',*,*,#3019,.F.);
#4383=ORIENTED_EDGE('',*,*,#3208,.F.);
#4384=ORIENTED_EDGE('',*,*,#2785,.F.);
#4385=ORIENTED_EDGE('',*,*,#3207,.T.);
#4386=ORIENTED_EDGE('',*,*,#2786,.F.);
#4387=ORIENTED_EDGE('',*,*,#3208,.T.);
#4388=ORIENTED_EDGE('',*,*,#3020,.F.);
#4389=ORIENTED_EDGE('',*,*,#3209,.F.);
#4390=ORIENTED_EDGE('',*,*,#2792,.F.);
#4391=ORIENTED_EDGE('',*,*,#3210,.F.);
#4392=ORIENTED_EDGE('',*,*,#3025,.F.);
#4393=ORIENTED_EDGE('',*,*,#3210,.T.);
#4394=ORIENTED_EDGE('',*,*,#2791,.F.);
#4395=ORIENTED_EDGE('',*,*,#3211,.F.);
#4396=ORIENTED_EDGE('',*,*,#3022,.F.);
#4397=ORIENTED_EDGE('',*,*,#3209,.T.);
#4398=ORIENTED_EDGE('',*,*,#3027,.F.);
#4399=ORIENTED_EDGE('',*,*,#3212,.F.);
#4400=ORIENTED_EDGE('',*,*,#2789,.F.);
#4401=ORIENTED_EDGE('',*,*,#3211,.T.);
#4402=ORIENTED_EDGE('',*,*,#2790,.F.);
#4403=ORIENTED_EDGE('',*,*,#3212,.T.);
#4404=ORIENTED_EDGE('',*,*,#3028,.F.);
#4405=ORIENTED_EDGE('',*,*,#3213,.F.);
#4406=ORIENTED_EDGE('',*,*,#2796,.F.);
#4407=ORIENTED_EDGE('',*,*,#3214,.F.);
#4408=ORIENTED_EDGE('',*,*,#3033,.F.);
#4409=ORIENTED_EDGE('',*,*,#3214,.T.);
#4410=ORIENTED_EDGE('',*,*,#2795,.F.);
#4411=ORIENTED_EDGE('',*,*,#3215,.F.);
#4412=ORIENTED_EDGE('',*,*,#3030,.F.);
#4413=ORIENTED_EDGE('',*,*,#3213,.T.);
#4414=ORIENTED_EDGE('',*,*,#3035,.F.);
#4415=ORIENTED_EDGE('',*,*,#3216,.F.);
#4416=ORIENTED_EDGE('',*,*,#2793,.F.);
#4417=ORIENTED_EDGE('',*,*,#3215,.T.);
#4418=ORIENTED_EDGE('',*,*,#2794,.F.);
#4419=ORIENTED_EDGE('',*,*,#3216,.T.);
#4420=ORIENTED_EDGE('',*,*,#3036,.F.);
#4421=ORIENTED_EDGE('',*,*,#3217,.F.);
#4422=ORIENTED_EDGE('',*,*,#2800,.F.);
#4423=ORIENTED_EDGE('',*,*,#3218,.F.);
#4424=ORIENTED_EDGE('',*,*,#3041,.F.);
#4425=ORIENTED_EDGE('',*,*,#3218,.T.);
#4426=ORIENTED_EDGE('',*,*,#2799,.F.);
#4427=ORIENTED_EDGE('',*,*,#3219,.F.);
#4428=ORIENTED_EDGE('',*,*,#3038,.F.);
#4429=ORIENTED_EDGE('',*,*,#3217,.T.);
#4430=ORIENTED_EDGE('',*,*,#3043,.F.);
#4431=ORIENTED_EDGE('',*,*,#3220,.F.);
#4432=ORIENTED_EDGE('',*,*,#2797,.F.);
#4433=ORIENTED_EDGE('',*,*,#3219,.T.);
#4434=ORIENTED_EDGE('',*,*,#2798,.F.);
#4435=ORIENTED_EDGE('',*,*,#3220,.T.);
#4436=ORIENTED_EDGE('',*,*,#3044,.F.);
#4437=ORIENTED_EDGE('',*,*,#3221,.F.);
#4438=ORIENTED_EDGE('',*,*,#2804,.F.);
#4439=ORIENTED_EDGE('',*,*,#3222,.F.);
#4440=ORIENTED_EDGE('',*,*,#3049,.F.);
#4441=ORIENTED_EDGE('',*,*,#3222,.T.);
#4442=ORIENTED_EDGE('',*,*,#2803,.F.);
#4443=ORIENTED_EDGE('',*,*,#3223,.F.);
#4444=ORIENTED_EDGE('',*,*,#3046,.F.);
#4445=ORIENTED_EDGE('',*,*,#3221,.T.);
#4446=ORIENTED_EDGE('',*,*,#3051,.F.);
#4447=ORIENTED_EDGE('',*,*,#3224,.F.);
#4448=ORIENTED_EDGE('',*,*,#2801,.F.);
#4449=ORIENTED_EDGE('',*,*,#3223,.T.);
#4450=ORIENTED_EDGE('',*,*,#2802,.F.);
#4451=ORIENTED_EDGE('',*,*,#3224,.T.);
#4452=ORIENTED_EDGE('',*,*,#3052,.F.);
#4453=ORIENTED_EDGE('',*,*,#3225,.F.);
#4454=ORIENTED_EDGE('',*,*,#2808,.F.);
#4455=ORIENTED_EDGE('',*,*,#3226,.F.);
#4456=ORIENTED_EDGE('',*,*,#3057,.F.);
#4457=ORIENTED_EDGE('',*,*,#3226,.T.);
#4458=ORIENTED_EDGE('',*,*,#2807,.F.);
#4459=ORIENTED_EDGE('',*,*,#3227,.F.);
#4460=ORIENTED_EDGE('',*,*,#3054,.F.);
#4461=ORIENTED_EDGE('',*,*,#3225,.T.);
#4462=ORIENTED_EDGE('',*,*,#3059,.F.);
#4463=ORIENTED_EDGE('',*,*,#3228,.F.);
#4464=ORIENTED_EDGE('',*,*,#2805,.F.);
#4465=ORIENTED_EDGE('',*,*,#3227,.T.);
#4466=ORIENTED_EDGE('',*,*,#2806,.F.);
#4467=ORIENTED_EDGE('',*,*,#3228,.T.);
#4468=ORIENTED_EDGE('',*,*,#3060,.F.);
#4469=ORIENTED_EDGE('',*,*,#3229,.F.);
#4470=ORIENTED_EDGE('',*,*,#2812,.F.);
#4471=ORIENTED_EDGE('',*,*,#3230,.F.);
#4472=ORIENTED_EDGE('',*,*,#3065,.F.);
#4473=ORIENTED_EDGE('',*,*,#3230,.T.);
#4474=ORIENTED_EDGE('',*,*,#2811,.F.);
#4475=ORIENTED_EDGE('',*,*,#3231,.F.);
#4476=ORIENTED_EDGE('',*,*,#3062,.F.);
#4477=ORIENTED_EDGE('',*,*,#3229,.T.);
#4478=ORIENTED_EDGE('',*,*,#3067,.F.);
#4479=ORIENTED_EDGE('',*,*,#3232,.F.);
#4480=ORIENTED_EDGE('',*,*,#2809,.F.);
#4481=ORIENTED_EDGE('',*,*,#3231,.T.);
#4482=ORIENTED_EDGE('',*,*,#2810,.F.);
#4483=ORIENTED_EDGE('',*,*,#3232,.T.);
#4484=ORIENTED_EDGE('',*,*,#3068,.F.);
#4485=ORIENTED_EDGE('',*,*,#3233,.F.);
#4486=ORIENTED_EDGE('',*,*,#2816,.F.);
#4487=ORIENTED_EDGE('',*,*,#3234,.F.);
#4488=ORIENTED_EDGE('',*,*,#3073,.F.);
#4489=ORIENTED_EDGE('',*,*,#3234,.T.);
#4490=ORIENTED_EDGE('',*,*,#2815,.F.);
#4491=ORIENTED_EDGE('',*,*,#3235,.F.);
#4492=ORIENTED_EDGE('',*,*,#3070,.F.);
#4493=ORIENTED_EDGE('',*,*,#3233,.T.);
#4494=ORIENTED_EDGE('',*,*,#3075,.F.);
#4495=ORIENTED_EDGE('',*,*,#3236,.F.);
#4496=ORIENTED_EDGE('',*,*,#2813,.F.);
#4497=ORIENTED_EDGE('',*,*,#3235,.T.);
#4498=ORIENTED_EDGE('',*,*,#2814,.F.);
#4499=ORIENTED_EDGE('',*,*,#3236,.T.);
#4500=ORIENTED_EDGE('',*,*,#3076,.F.);
#4501=ORIENTED_EDGE('',*,*,#3237,.F.);
#4502=ORIENTED_EDGE('',*,*,#2820,.F.);
#4503=ORIENTED_EDGE('',*,*,#3238,.F.);
#4504=ORIENTED_EDGE('',*,*,#3081,.F.);
#4505=ORIENTED_EDGE('',*,*,#3238,.T.);
#4506=ORIENTED_EDGE('',*,*,#2819,.F.);
#4507=ORIENTED_EDGE('',*,*,#3239,.F.);
#4508=ORIENTED_EDGE('',*,*,#3078,.F.);
#4509=ORIENTED_EDGE('',*,*,#3237,.T.);
#4510=ORIENTED_EDGE('',*,*,#3083,.F.);
#4511=ORIENTED_EDGE('',*,*,#3240,.F.);
#4512=ORIENTED_EDGE('',*,*,#2817,.F.);
#4513=ORIENTED_EDGE('',*,*,#3239,.T.);
#4514=ORIENTED_EDGE('',*,*,#2818,.F.);
#4515=ORIENTED_EDGE('',*,*,#3240,.T.);
#4516=ORIENTED_EDGE('',*,*,#3084,.F.);
#4517=ORIENTED_EDGE('',*,*,#3241,.F.);
#4518=ORIENTED_EDGE('',*,*,#2824,.F.);
#4519=ORIENTED_EDGE('',*,*,#3242,.F.);
#4520=ORIENTED_EDGE('',*,*,#3089,.F.);
#4521=ORIENTED_EDGE('',*,*,#3242,.T.);
#4522=ORIENTED_EDGE('',*,*,#2823,.F.);
#4523=ORIENTED_EDGE('',*,*,#3243,.F.);
#4524=ORIENTED_EDGE('',*,*,#3086,.F.);
#4525=ORIENTED_EDGE('',*,*,#3241,.T.);
#4526=ORIENTED_EDGE('',*,*,#3091,.F.);
#4527=ORIENTED_EDGE('',*,*,#3244,.F.);
#4528=ORIENTED_EDGE('',*,*,#2821,.F.);
#4529=ORIENTED_EDGE('',*,*,#3243,.T.);
#4530=ORIENTED_EDGE('',*,*,#2822,.F.);
#4531=ORIENTED_EDGE('',*,*,#3244,.T.);
#4532=ORIENTED_EDGE('',*,*,#3092,.F.);
#4533=ORIENTED_EDGE('',*,*,#3245,.F.);
#4534=ORIENTED_EDGE('',*,*,#2828,.F.);
#4535=ORIENTED_EDGE('',*,*,#3246,.F.);
#4536=ORIENTED_EDGE('',*,*,#3097,.F.);
#4537=ORIENTED_EDGE('',*,*,#3246,.T.);
#4538=ORIENTED_EDGE('',*,*,#2827,.F.);
#4539=ORIENTED_EDGE('',*,*,#3247,.F.);
#4540=ORIENTED_EDGE('',*,*,#3094,.F.);
#4541=ORIENTED_EDGE('',*,*,#3245,.T.);
#4542=ORIENTED_EDGE('',*,*,#3099,.F.);
#4543=ORIENTED_EDGE('',*,*,#3248,.F.);
#4544=ORIENTED_EDGE('',*,*,#2825,.F.);
#4545=ORIENTED_EDGE('',*,*,#3247,.T.);
#4546=ORIENTED_EDGE('',*,*,#2826,.F.);
#4547=ORIENTED_EDGE('',*,*,#3248,.T.);
#4548=ORIENTED_EDGE('',*,*,#3100,.F.);
#4549=ORIENTED_EDGE('',*,*,#3249,.F.);
#4550=ORIENTED_EDGE('',*,*,#2832,.F.);
#4551=ORIENTED_EDGE('',*,*,#3250,.F.);
#4552=ORIENTED_EDGE('',*,*,#3105,.F.);
#4553=ORIENTED_EDGE('',*,*,#3250,.T.);
#4554=ORIENTED_EDGE('',*,*,#2831,.F.);
#4555=ORIENTED_EDGE('',*,*,#3251,.F.);
#4556=ORIENTED_EDGE('',*,*,#3102,.F.);
#4557=ORIENTED_EDGE('',*,*,#3249,.T.);
#4558=ORIENTED_EDGE('',*,*,#3107,.F.);
#4559=ORIENTED_EDGE('',*,*,#3252,.F.);
#4560=ORIENTED_EDGE('',*,*,#2829,.F.);
#4561=ORIENTED_EDGE('',*,*,#3251,.T.);
#4562=ORIENTED_EDGE('',*,*,#2830,.F.);
#4563=ORIENTED_EDGE('',*,*,#3252,.T.);
#4564=ORIENTED_EDGE('',*,*,#3108,.F.);
#4565=ORIENTED_EDGE('',*,*,#3253,.F.);
#4566=ORIENTED_EDGE('',*,*,#2836,.F.);
#4567=ORIENTED_EDGE('',*,*,#3254,.F.);
#4568=ORIENTED_EDGE('',*,*,#3113,.F.);
#4569=ORIENTED_EDGE('',*,*,#3254,.T.);
#4570=ORIENTED_EDGE('',*,*,#2835,.F.);
#4571=ORIENTED_EDGE('',*,*,#3255,.F.);
#4572=ORIENTED_EDGE('',*,*,#3110,.F.);
#4573=ORIENTED_EDGE('',*,*,#3253,.T.);
#4574=ORIENTED_EDGE('',*,*,#3115,.F.);
#4575=ORIENTED_EDGE('',*,*,#3256,.F.);
#4576=ORIENTED_EDGE('',*,*,#2833,.F.);
#4577=ORIENTED_EDGE('',*,*,#3255,.T.);
#4578=ORIENTED_EDGE('',*,*,#2834,.F.);
#4579=ORIENTED_EDGE('',*,*,#3256,.T.);
#4580=ORIENTED_EDGE('',*,*,#3116,.F.);
#4581=ORIENTED_EDGE('',*,*,#3257,.F.);
#4582=ORIENTED_EDGE('',*,*,#2840,.F.);
#4583=ORIENTED_EDGE('',*,*,#3258,.F.);
#4584=ORIENTED_EDGE('',*,*,#3121,.F.);
#4585=ORIENTED_EDGE('',*,*,#3258,.T.);
#4586=ORIENTED_EDGE('',*,*,#2839,.F.);
#4587=ORIENTED_EDGE('',*,*,#3259,.F.);
#4588=ORIENTED_EDGE('',*,*,#3118,.F.);
#4589=ORIENTED_EDGE('',*,*,#3257,.T.);
#4590=ORIENTED_EDGE('',*,*,#3123,.F.);
#4591=ORIENTED_EDGE('',*,*,#3260,.F.);
#4592=ORIENTED_EDGE('',*,*,#2837,.F.);
#4593=ORIENTED_EDGE('',*,*,#3259,.T.);
#4594=ORIENTED_EDGE('',*,*,#2838,.F.);
#4595=ORIENTED_EDGE('',*,*,#3260,.T.);
#4596=ORIENTED_EDGE('',*,*,#3124,.F.);
#4597=ORIENTED_EDGE('',*,*,#3261,.F.);
#4598=ORIENTED_EDGE('',*,*,#2844,.F.);
#4599=ORIENTED_EDGE('',*,*,#3262,.F.);
#4600=ORIENTED_EDGE('',*,*,#3129,.F.);
#4601=ORIENTED_EDGE('',*,*,#3262,.T.);
#4602=ORIENTED_EDGE('',*,*,#2843,.F.);
#4603=ORIENTED_EDGE('',*,*,#3263,.F.);
#4604=ORIENTED_EDGE('',*,*,#3126,.F.);
#4605=ORIENTED_EDGE('',*,*,#3261,.T.);
#4606=ORIENTED_EDGE('',*,*,#3131,.F.);
#4607=ORIENTED_EDGE('',*,*,#3264,.F.);
#4608=ORIENTED_EDGE('',*,*,#2841,.F.);
#4609=ORIENTED_EDGE('',*,*,#3263,.T.);
#4610=ORIENTED_EDGE('',*,*,#2842,.F.);
#4611=ORIENTED_EDGE('',*,*,#3264,.T.);
#4612=ORIENTED_EDGE('',*,*,#3132,.F.);
#4613=ORIENTED_EDGE('',*,*,#3265,.F.);
#4614=ORIENTED_EDGE('',*,*,#2848,.F.);
#4615=ORIENTED_EDGE('',*,*,#3266,.F.);
#4616=ORIENTED_EDGE('',*,*,#3137,.F.);
#4617=ORIENTED_EDGE('',*,*,#3266,.T.);
#4618=ORIENTED_EDGE('',*,*,#2847,.F.);
#4619=ORIENTED_EDGE('',*,*,#3267,.F.);
#4620=ORIENTED_EDGE('',*,*,#3134,.F.);
#4621=ORIENTED_EDGE('',*,*,#3265,.T.);
#4622=ORIENTED_EDGE('',*,*,#3139,.F.);
#4623=ORIENTED_EDGE('',*,*,#3268,.F.);
#4624=ORIENTED_EDGE('',*,*,#2845,.F.);
#4625=ORIENTED_EDGE('',*,*,#3267,.T.);
#4626=ORIENTED_EDGE('',*,*,#2846,.F.);
#4627=ORIENTED_EDGE('',*,*,#3268,.T.);
#4628=ORIENTED_EDGE('',*,*,#3140,.F.);
#4629=ORIENTED_EDGE('',*,*,#3269,.F.);
#4630=ORIENTED_EDGE('',*,*,#2852,.F.);
#4631=ORIENTED_EDGE('',*,*,#3270,.F.);
#4632=ORIENTED_EDGE('',*,*,#3145,.F.);
#4633=ORIENTED_EDGE('',*,*,#3270,.T.);
#4634=ORIENTED_EDGE('',*,*,#2851,.F.);
#4635=ORIENTED_EDGE('',*,*,#3271,.F.);
#4636=ORIENTED_EDGE('',*,*,#3142,.F.);
#4637=ORIENTED_EDGE('',*,*,#3269,.T.);
#4638=ORIENTED_EDGE('',*,*,#3147,.F.);
#4639=ORIENTED_EDGE('',*,*,#3272,.F.);
#4640=ORIENTED_EDGE('',*,*,#2849,.F.);
#4641=ORIENTED_EDGE('',*,*,#3271,.T.);
#4642=ORIENTED_EDGE('',*,*,#2850,.F.);
#4643=ORIENTED_EDGE('',*,*,#3272,.T.);
#4644=ORIENTED_EDGE('',*,*,#3148,.F.);
#4645=ORIENTED_EDGE('',*,*,#3273,.F.);
#4646=ORIENTED_EDGE('',*,*,#2856,.F.);
#4647=ORIENTED_EDGE('',*,*,#3274,.F.);
#4648=ORIENTED_EDGE('',*,*,#3153,.F.);
#4649=ORIENTED_EDGE('',*,*,#3274,.T.);
#4650=ORIENTED_EDGE('',*,*,#2855,.F.);
#4651=ORIENTED_EDGE('',*,*,#3275,.F.);
#4652=ORIENTED_EDGE('',*,*,#3150,.F.);
#4653=ORIENTED_EDGE('',*,*,#3273,.T.);
#4654=ORIENTED_EDGE('',*,*,#3155,.F.);
#4655=ORIENTED_EDGE('',*,*,#3276,.F.);
#4656=ORIENTED_EDGE('',*,*,#2853,.F.);
#4657=ORIENTED_EDGE('',*,*,#3275,.T.);
#4658=ORIENTED_EDGE('',*,*,#2854,.F.);
#4659=ORIENTED_EDGE('',*,*,#3276,.T.);
#4660=ORIENTED_EDGE('',*,*,#3156,.F.);
#4661=ORIENTED_EDGE('',*,*,#3277,.F.);
#4662=ORIENTED_EDGE('',*,*,#2860,.F.);
#4663=ORIENTED_EDGE('',*,*,#3278,.F.);
#4664=ORIENTED_EDGE('',*,*,#3161,.F.);
#4665=ORIENTED_EDGE('',*,*,#3278,.T.);
#4666=ORIENTED_EDGE('',*,*,#2859,.F.);
#4667=ORIENTED_EDGE('',*,*,#3279,.F.);
#4668=ORIENTED_EDGE('',*,*,#3158,.F.);
#4669=ORIENTED_EDGE('',*,*,#3277,.T.);
#4670=ORIENTED_EDGE('',*,*,#3163,.F.);
#4671=ORIENTED_EDGE('',*,*,#3280,.F.);
#4672=ORIENTED_EDGE('',*,*,#2857,.F.);
#4673=ORIENTED_EDGE('',*,*,#3279,.T.);
#4674=ORIENTED_EDGE('',*,*,#2858,.F.);
#4675=ORIENTED_EDGE('',*,*,#3280,.T.);
#4676=ORIENTED_EDGE('',*,*,#3164,.F.);
#4677=ORIENTED_EDGE('',*,*,#3281,.F.);
#4678=ORIENTED_EDGE('',*,*,#2864,.F.);
#4679=ORIENTED_EDGE('',*,*,#3282,.F.);
#4680=ORIENTED_EDGE('',*,*,#3169,.F.);
#4681=ORIENTED_EDGE('',*,*,#3282,.T.);
#4682=ORIENTED_EDGE('',*,*,#2863,.F.);
#4683=ORIENTED_EDGE('',*,*,#3283,.F.);
#4684=ORIENTED_EDGE('',*,*,#3166,.F.);
#4685=ORIENTED_EDGE('',*,*,#3281,.T.);
#4686=ORIENTED_EDGE('',*,*,#3171,.F.);
#4687=ORIENTED_EDGE('',*,*,#3284,.F.);
#4688=ORIENTED_EDGE('',*,*,#2861,.F.);
#4689=ORIENTED_EDGE('',*,*,#3283,.T.);
#4690=ORIENTED_EDGE('',*,*,#2862,.F.);
#4691=ORIENTED_EDGE('',*,*,#3284,.T.);
#4692=ORIENTED_EDGE('',*,*,#3172,.F.);
#4693=ORIENTED_EDGE('',*,*,#3285,.F.);
#4694=ORIENTED_EDGE('',*,*,#2868,.F.);
#4695=ORIENTED_EDGE('',*,*,#3286,.F.);
#4696=ORIENTED_EDGE('',*,*,#3177,.F.);
#4697=ORIENTED_EDGE('',*,*,#3286,.T.);
#4698=ORIENTED_EDGE('',*,*,#2867,.F.);
#4699=ORIENTED_EDGE('',*,*,#3287,.F.);
#4700=ORIENTED_EDGE('',*,*,#3174,.F.);
#4701=ORIENTED_EDGE('',*,*,#3285,.T.);
#4702=ORIENTED_EDGE('',*,*,#3179,.F.);
#4703=ORIENTED_EDGE('',*,*,#3288,.F.);
#4704=ORIENTED_EDGE('',*,*,#2865,.F.);
#4705=ORIENTED_EDGE('',*,*,#3287,.T.);
#4706=ORIENTED_EDGE('',*,*,#2866,.F.);
#4707=ORIENTED_EDGE('',*,*,#3288,.T.);
#4708=ORIENTED_EDGE('',*,*,#3180,.F.);
#4709=PLANE('',#5309);
#4710=PLANE('',#5310);
#4711=PLANE('',#5311);
#4712=PLANE('',#5312);
#4713=PLANE('',#5313);
#4714=PLANE('',#5314);
#4715=PLANE('',#5315);
#4716=PLANE('',#5316);
#4717=PLANE('',#5317);
#4718=PLANE('',#5318);
#4719=PLANE('',#5319);
#4720=PLANE('',#5320);
#4721=PLANE('',#5321);
#4722=PLANE('',#5322);
#4723=PLANE('',#5323);
#4724=PLANE('',#5324);
#4725=PLANE('',#5325);
#4726=PLANE('',#5326);
#4727=PLANE('',#5327);
#4728=PLANE('',#5328);
#4729=PLANE('',#5329);
#4730=PLANE('',#5330);
#4731=PLANE('',#5331);
#4732=PLANE('',#5332);
#4733=PLANE('',#5333);
#4734=PLANE('',#5334);
#4735=PLANE('',#5339);
#4736=PLANE('',#5348);
#4737=PLANE('',#5349);
#4738=PLANE('',#5350);
#4739=PLANE('',#5351);
#4740=PLANE('',#5352);
#4741=PLANE('',#5353);
#4742=PLANE('',#5354);
#4743=PLANE('',#5355);
#4744=PLANE('',#5356);
#4745=PLANE('',#5357);
#4746=PLANE('',#5358);
#4747=PLANE('',#5359);
#4748=PLANE('',#5360);
#4749=PLANE('',#5361);
#4750=PLANE('',#5362);
#4751=PLANE('',#5363);
#4752=PLANE('',#5364);
#4753=PLANE('',#5365);
#4754=PLANE('',#5366);
#4755=PLANE('',#5367);
#4756=PLANE('',#5368);
#4757=PLANE('',#5369);
#4758=PLANE('',#5370);
#4759=PLANE('',#5371);
#4760=PLANE('',#5372);
#4761=PLANE('',#5373);
#4762=PLANE('',#5374);
#4763=PLANE('',#5375);
#4764=PLANE('',#5376);
#4765=PLANE('',#5377);
#4766=PLANE('',#5378);
#4767=PLANE('',#5379);
#4768=PLANE('',#5380);
#4769=PLANE('',#5381);
#4770=PLANE('',#5382);
#4771=PLANE('',#5383);
#4772=PLANE('',#5384);
#4773=PLANE('',#5385);
#4774=PLANE('',#5386);
#4775=PLANE('',#5387);
#4776=PLANE('',#5388);
#4777=PLANE('',#5389);
#4778=PLANE('',#5390);
#4779=PLANE('',#5391);
#4780=PLANE('',#5392);
#4781=PLANE('',#5393);
#4782=PLANE('',#5394);
#4783=PLANE('',#5395);
#4784=PLANE('',#5396);
#4785=PLANE('',#5397);
#4786=PLANE('',#5398);
#4787=PLANE('',#5399);
#4788=PLANE('',#5400);
#4789=PLANE('',#5401);
#4790=PLANE('',#5402);
#4791=PLANE('',#5403);
#4792=PLANE('',#5404);
#4793=PLANE('',#5405);
#4794=PLANE('',#5406);
#4795=PLANE('',#5407);
#4796=PLANE('',#5408);
#4797=PLANE('',#5409);
#4798=PLANE('',#5410);
#4799=PLANE('',#5411);
#4800=PLANE('',#5412);
#4801=PLANE('',#5413);
#4802=PLANE('',#5414);
#4803=PLANE('',#5415);
#4804=PLANE('',#5416);
#4805=PLANE('',#5417);
#4806=PLANE('',#5418);
#4807=PLANE('',#5419);
#4808=PLANE('',#5420);
#4809=PLANE('',#5421);
#4810=PLANE('',#5422);
#4811=PLANE('',#5423);
#4812=PLANE('',#5424);
#4813=PLANE('',#5425);
#4814=PLANE('',#5426);
#4815=PLANE('',#5427);
#4816=PLANE('',#5428);
#4817=PLANE('',#5429);
#4818=PLANE('',#5430);
#4819=PLANE('',#5431);
#4820=PLANE('',#5432);
#4821=PLANE('',#5433);
#4822=PLANE('',#5434);
#4823=PLANE('',#5435);
#4824=PLANE('',#5436);
#4825=PLANE('',#5437);
#4826=PLANE('',#5438);
#4827=PLANE('',#5439);
#4828=PLANE('',#5440);
#4829=PLANE('',#5441);
#4830=PLANE('',#5442);
#4831=PLANE('',#5443);
#4832=PLANE('',#5444);
#4833=PLANE('',#5445);
#4834=PLANE('',#5446);
#4835=PLANE('',#5447);
#4836=PLANE('',#5448);
#4837=PLANE('',#5449);
#4838=PLANE('',#5450);
#4839=PLANE('',#5451);
#4840=PLANE('',#5452);
#4841=PLANE('',#5453);
#4842=PLANE('',#5454);
#4843=PLANE('',#5455);
#4844=PLANE('',#5456);
#4845=PLANE('',#5457);
#4846=PLANE('',#5458);
#4847=PLANE('',#5459);
#4848=PLANE('',#5460);
#4849=PLANE('',#5461);
#4850=PLANE('',#5462);
#4851=PLANE('',#5463);
#4852=PLANE('',#5464);
#4853=PLANE('',#5465);
#4854=PLANE('',#5466);
#4855=PLANE('',#5467);
#4856=PLANE('',#5468);
#4857=PLANE('',#5469);
#4858=PLANE('',#5470);
#4859=PLANE('',#5471);
#4860=PLANE('',#5472);
#4861=PLANE('',#5473);
#4862=PLANE('',#5474);
#4863=PLANE('',#5475);
#4864=PLANE('',#5476);
#4865=PLANE('',#5477);
#4866=PLANE('',#5478);
#4867=PLANE('',#5479);
#4868=PLANE('',#5480);
#4869=PLANE('',#5481);
#4870=PLANE('',#5482);
#4871=PLANE('',#5483);
#4872=PLANE('',#5484);
#4873=PLANE('',#5485);
#4874=PLANE('',#5486);
#4875=PLANE('',#5487);
#4876=PLANE('',#5488);
#4877=PLANE('',#5489);
#4878=PLANE('',#5490);
#4879=PLANE('',#5491);
#4880=PLANE('',#5492);
#4881=PLANE('',#5493);
#4882=PLANE('',#5494);
#4883=PLANE('',#5495);
#4884=PLANE('',#5496);
#4885=PLANE('',#5497);
#4886=PLANE('',#5498);
#4887=PLANE('',#5499);
#4888=PLANE('',#5500);
#4889=PLANE('',#5501);
#4890=PLANE('',#5502);
#4891=PLANE('',#5503);
#4892=PLANE('',#5504);
#4893=PLANE('',#5505);
#4894=PLANE('',#5506);
#4895=PLANE('',#5507);
#4896=PLANE('',#5508);
#4897=PLANE('',#5509);
#4898=PLANE('',#5510);
#4899=PLANE('',#5511);
#4900=PLANE('',#5512);
#4901=PLANE('',#5513);
#4902=PLANE('',#5514);
#4903=PLANE('',#5515);
#4904=PLANE('',#5516);
#4905=PLANE('',#5517);
#4906=PLANE('',#5518);
#4907=PLANE('',#5519);
#4908=PLANE('',#5520);
#4909=PLANE('',#5521);
#4910=PLANE('',#5522);
#4911=PLANE('',#5523);
#4912=PLANE('',#5524);
#4913=PLANE('',#5525);
#4914=PLANE('',#5526);
#4915=PLANE('',#5527);
#4916=PLANE('',#5528);
#4917=PLANE('',#5529);
#4918=PLANE('',#5530);
#4919=PLANE('',#5531);
#4920=PLANE('',#5532);
#4921=PLANE('',#5533);
#4922=PLANE('',#5534);
#4923=PLANE('',#5535);
#4924=PLANE('',#5536);
#4925=PLANE('',#5537);
#4926=PLANE('',#5538);
#4927=PLANE('',#5539);
#4928=PLANE('',#5540);
#4929=PLANE('',#5541);
#4930=PLANE('',#5542);
#4931=PLANE('',#5543);
#4932=PLANE('',#5544);
#4933=PLANE('',#5545);
#4934=PLANE('',#5546);
#4935=PLANE('',#5547);
#4936=PLANE('',#5548);
#4937=PLANE('',#5549);
#4938=PLANE('',#5550);
#4939=PLANE('',#5551);
#4940=PLANE('',#5552);
#4941=PLANE('',#5553);
#4942=PLANE('',#5554);
#4943=PLANE('',#5555);
#4944=PLANE('',#5556);
#4945=PLANE('',#5557);
#4946=PLANE('',#5558);
#4947=PLANE('',#5559);
#4948=PLANE('',#5560);
#4949=PLANE('',#5561);
#4950=PLANE('',#5562);
#4951=PLANE('',#5563);
#4952=PLANE('',#5564);
#4953=PLANE('',#5565);
#4954=PLANE('',#5566);
#4955=PLANE('',#5567);
#4956=PLANE('',#5568);
#4957=PLANE('',#5569);
#4958=PLANE('',#5570);
#4959=PLANE('',#5571);
#4960=PLANE('',#5572);
#4961=PLANE('',#5573);
#4962=PLANE('',#5574);
#4963=PLANE('',#5575);
#4964=PLANE('',#5576);
#4965=PLANE('',#5577);
#4966=PLANE('',#5578);
#4967=PLANE('',#5579);
#4968=PLANE('',#5580);
#4969=PLANE('',#5581);
#4970=PLANE('',#5582);
#4971=PLANE('',#5583);
#4972=PLANE('',#5584);
#4973=PLANE('',#5585);
#4974=PLANE('',#5586);
#4975=PLANE('',#5587);
#4976=PLANE('',#5588);
#4977=PLANE('',#5589);
#4978=PLANE('',#5590);
#4979=PLANE('',#5591);
#4980=PLANE('',#5592);
#4981=PLANE('',#5593);
#4982=PLANE('',#5594);
#4983=PLANE('',#5595);
#4984=PLANE('',#5596);
#4985=PLANE('',#5597);
#4986=PLANE('',#5598);
#4987=PLANE('',#5599);
#4988=PLANE('',#5600);
#4989=PLANE('',#5601);
#4990=PLANE('',#5602);
#4991=PLANE('',#5603);
#4992=PLANE('',#5604);
#4993=PLANE('',#5605);
#4994=PLANE('',#5606);
#4995=PLANE('',#5607);
#4996=ADVANCED_FACE('',(#98),#4709,.T.);
#4997=ADVANCED_FACE('',(#99),#4710,.F.);
#4998=ADVANCED_FACE('',(#100),#4711,.F.);
#4999=ADVANCED_FACE('',(#101),#4712,.T.);
#5000=ADVANCED_FACE('',(#102),#4713,.F.);
#5001=ADVANCED_FACE('',(#103),#4714,.T.);
#5002=ADVANCED_FACE('',(#104),#4715,.T.);
#5003=ADVANCED_FACE('',(#105),#4716,.T.);
#5004=ADVANCED_FACE('',(#106,#25),#4717,.T.);
#5005=ADVANCED_FACE('',(#107,#26),#4718,.T.);
#5006=ADVANCED_FACE('',(#108),#4719,.T.);
#5007=ADVANCED_FACE('',(#109),#4720,.T.);
#5008=ADVANCED_FACE('',(#110),#4721,.T.);
#5009=ADVANCED_FACE('',(#111),#4722,.T.);
#5010=ADVANCED_FACE('',(#112,#27),#4723,.F.);
#5011=ADVANCED_FACE('',(#113),#4724,.T.);
#5012=ADVANCED_FACE('',(#114),#4725,.F.);
#5013=ADVANCED_FACE('',(#115),#4726,.F.);
#5014=ADVANCED_FACE('',(#116),#4727,.F.);
#5015=ADVANCED_FACE('',(#117),#4728,.F.);
#5016=ADVANCED_FACE('',(#118),#4729,.F.);
#5017=ADVANCED_FACE('',(#119),#4730,.F.);
#5018=ADVANCED_FACE('',(#120),#4731,.F.);
#5019=ADVANCED_FACE('',(#121),#4732,.F.);
#5020=ADVANCED_FACE('',(#122),#4733,.F.);
#5021=ADVANCED_FACE('',(#123),#4734,.T.);
#5022=ADVANCED_FACE('',(#124),#4735,.F.);
#5023=ADVANCED_FACE('',(#125),#13,.T.);
#5024=ADVANCED_FACE('',(#126),#14,.T.);
#5025=ADVANCED_FACE('',(#127),#15,.T.);
#5026=ADVANCED_FACE('',(#128),#16,.T.);
#5027=ADVANCED_FACE('',(#129),#4736,.F.);
#5028=ADVANCED_FACE('',(#130),#4737,.F.);
#5029=ADVANCED_FACE('',(#131),#4738,.F.);
#5030=ADVANCED_FACE('',(#132),#4739,.F.);
#5031=ADVANCED_FACE('',(#133),#4740,.T.);
#5032=ADVANCED_FACE('',(#134),#4741,.F.);
#5033=ADVANCED_FACE('',(#135),#4742,.F.);
#5034=ADVANCED_FACE('',(#136),#4743,.F.);
#5035=ADVANCED_FACE('',(#137),#4744,.F.);
#5036=ADVANCED_FACE('',(#138),#4745,.F.);
#5037=ADVANCED_FACE('',(#139),#4746,.F.);
#5038=ADVANCED_FACE('',(#140),#4747,.T.);
#5039=ADVANCED_FACE('',(#141),#4748,.F.);
#5040=ADVANCED_FACE('',(#142),#4749,.F.);
#5041=ADVANCED_FACE('',(#143),#4750,.F.);
#5042=ADVANCED_FACE('',(#144),#4751,.F.);
#5043=ADVANCED_FACE('',(#145),#4752,.T.);
#5044=ADVANCED_FACE('',(#146),#4753,.F.);
#5045=ADVANCED_FACE('',(#147),#4754,.F.);
#5046=ADVANCED_FACE('',(#148),#4755,.F.);
#5047=ADVANCED_FACE('',(#149),#4756,.F.);
#5048=ADVANCED_FACE('',(#150),#4757,.F.);
#5049=ADVANCED_FACE('',(#151),#4758,.F.);
#5050=ADVANCED_FACE('',(#152),#4759,.T.);
#5051=ADVANCED_FACE('',(#153),#4760,.F.);
#5052=ADVANCED_FACE('',(#154),#4761,.F.);
#5053=ADVANCED_FACE('',(#155),#4762,.F.);
#5054=ADVANCED_FACE('',(#156),#4763,.T.);
#5055=ADVANCED_FACE('',(#157),#4764,.F.);
#5056=ADVANCED_FACE('',(#158),#4765,.F.);
#5057=ADVANCED_FACE('',(#159),#4766,.T.);
#5058=ADVANCED_FACE('',(#160),#4767,.F.);
#5059=ADVANCED_FACE('',(#161),#4768,.T.);
#5060=ADVANCED_FACE('',(#162),#4769,.T.);
#5061=ADVANCED_FACE('',(#163),#4770,.T.);
#5062=ADVANCED_FACE('',(#164),#4771,.T.);
#5063=ADVANCED_FACE('',(#165),#4772,.T.);
#5064=ADVANCED_FACE('',(#166),#4773,.T.);
#5065=ADVANCED_FACE('',(#167),#4774,.T.);
#5066=ADVANCED_FACE('',(#168),#4775,.T.);
#5067=ADVANCED_FACE('',(#169),#4776,.F.);
#5068=ADVANCED_FACE('',(#170),#4777,.T.);
#5069=ADVANCED_FACE('',(#171),#4778,.F.);
#5070=ADVANCED_FACE('',(#172),#4779,.F.);
#5071=ADVANCED_FACE('',(#173),#4780,.F.);
#5072=ADVANCED_FACE('',(#174),#4781,.F.);
#5073=ADVANCED_FACE('',(#175,#28,#29,#30,#31,#32,#33,#34,#35,#36,#37,#38,
#39,#40,#41,#42,#43,#44,#45,#46,#47,#48,#49,#50,#51,#52,#53),#4782,.T.);
#5074=ADVANCED_FACE('',(#176,#54,#55,#56,#57,#58,#59,#60,#61,#62,#63,#64,
#65,#66,#67,#68,#69,#70,#71,#72,#73,#74,#75,#76,#77,#78,#79),#4783,.F.);
#5075=ADVANCED_FACE('',(#177),#4784,.F.);
#5076=ADVANCED_FACE('',(#178),#4785,.F.);
#5077=ADVANCED_FACE('',(#179),#4786,.F.);
#5078=ADVANCED_FACE('',(#180),#4787,.F.);
#5079=ADVANCED_FACE('',(#181),#4788,.F.);
#5080=ADVANCED_FACE('',(#182),#4789,.F.);
#5081=ADVANCED_FACE('',(#183),#4790,.F.);
#5082=ADVANCED_FACE('',(#184),#4791,.F.);
#5083=ADVANCED_FACE('',(#185),#4792,.F.);
#5084=ADVANCED_FACE('',(#186),#4793,.F.);
#5085=ADVANCED_FACE('',(#187),#4794,.F.);
#5086=ADVANCED_FACE('',(#188),#4795,.F.);
#5087=ADVANCED_FACE('',(#189),#4796,.F.);
#5088=ADVANCED_FACE('',(#190),#4797,.F.);
#5089=ADVANCED_FACE('',(#191),#4798,.F.);
#5090=ADVANCED_FACE('',(#192),#4799,.F.);
#5091=ADVANCED_FACE('',(#193),#4800,.F.);
#5092=ADVANCED_FACE('',(#194),#4801,.F.);
#5093=ADVANCED_FACE('',(#195),#4802,.F.);
#5094=ADVANCED_FACE('',(#196),#4803,.F.);
#5095=ADVANCED_FACE('',(#197),#4804,.F.);
#5096=ADVANCED_FACE('',(#198),#4805,.F.);
#5097=ADVANCED_FACE('',(#199),#4806,.F.);
#5098=ADVANCED_FACE('',(#200),#4807,.F.);
#5099=ADVANCED_FACE('',(#201),#4808,.F.);
#5100=ADVANCED_FACE('',(#202),#4809,.F.);
#5101=ADVANCED_FACE('',(#203),#4810,.F.);
#5102=ADVANCED_FACE('',(#204),#4811,.F.);
#5103=ADVANCED_FACE('',(#205),#4812,.F.);
#5104=ADVANCED_FACE('',(#206),#4813,.F.);
#5105=ADVANCED_FACE('',(#207),#4814,.F.);
#5106=ADVANCED_FACE('',(#208),#4815,.F.);
#5107=ADVANCED_FACE('',(#209),#4816,.F.);
#5108=ADVANCED_FACE('',(#210),#4817,.F.);
#5109=ADVANCED_FACE('',(#211),#4818,.F.);
#5110=ADVANCED_FACE('',(#212),#4819,.F.);
#5111=ADVANCED_FACE('',(#213),#4820,.F.);
#5112=ADVANCED_FACE('',(#214),#4821,.F.);
#5113=ADVANCED_FACE('',(#215),#4822,.F.);
#5114=ADVANCED_FACE('',(#216),#4823,.F.);
#5115=ADVANCED_FACE('',(#217),#4824,.F.);
#5116=ADVANCED_FACE('',(#218),#4825,.F.);
#5117=ADVANCED_FACE('',(#219),#4826,.F.);
#5118=ADVANCED_FACE('',(#220),#4827,.F.);
#5119=ADVANCED_FACE('',(#221),#4828,.F.);
#5120=ADVANCED_FACE('',(#222),#4829,.F.);
#5121=ADVANCED_FACE('',(#223),#4830,.F.);
#5122=ADVANCED_FACE('',(#224),#4831,.F.);
#5123=ADVANCED_FACE('',(#225),#4832,.F.);
#5124=ADVANCED_FACE('',(#226),#4833,.F.);
#5125=ADVANCED_FACE('',(#227),#4834,.F.);
#5126=ADVANCED_FACE('',(#228),#4835,.F.);
#5127=ADVANCED_FACE('',(#229),#4836,.F.);
#5128=ADVANCED_FACE('',(#230),#4837,.F.);
#5129=ADVANCED_FACE('',(#231),#4838,.F.);
#5130=ADVANCED_FACE('',(#232),#4839,.F.);
#5131=ADVANCED_FACE('',(#233),#4840,.F.);
#5132=ADVANCED_FACE('',(#234),#4841,.F.);
#5133=ADVANCED_FACE('',(#235),#4842,.F.);
#5134=ADVANCED_FACE('',(#236),#4843,.F.);
#5135=ADVANCED_FACE('',(#237),#4844,.F.);
#5136=ADVANCED_FACE('',(#238),#4845,.F.);
#5137=ADVANCED_FACE('',(#239),#4846,.F.);
#5138=ADVANCED_FACE('',(#240),#4847,.F.);
#5139=ADVANCED_FACE('',(#241),#4848,.F.);
#5140=ADVANCED_FACE('',(#242),#4849,.F.);
#5141=ADVANCED_FACE('',(#243),#4850,.F.);
#5142=ADVANCED_FACE('',(#244),#4851,.F.);
#5143=ADVANCED_FACE('',(#245),#4852,.F.);
#5144=ADVANCED_FACE('',(#246),#4853,.F.);
#5145=ADVANCED_FACE('',(#247),#4854,.F.);
#5146=ADVANCED_FACE('',(#248),#4855,.F.);
#5147=ADVANCED_FACE('',(#249),#4856,.F.);
#5148=ADVANCED_FACE('',(#250),#4857,.F.);
#5149=ADVANCED_FACE('',(#251),#4858,.F.);
#5150=ADVANCED_FACE('',(#252),#4859,.F.);
#5151=ADVANCED_FACE('',(#253),#4860,.F.);
#5152=ADVANCED_FACE('',(#254),#4861,.F.);
#5153=ADVANCED_FACE('',(#255),#4862,.F.);
#5154=ADVANCED_FACE('',(#256),#4863,.F.);
#5155=ADVANCED_FACE('',(#257),#4864,.F.);
#5156=ADVANCED_FACE('',(#258),#4865,.F.);
#5157=ADVANCED_FACE('',(#259),#4866,.F.);
#5158=ADVANCED_FACE('',(#260),#4867,.F.);
#5159=ADVANCED_FACE('',(#261),#4868,.F.);
#5160=ADVANCED_FACE('',(#262),#4869,.F.);
#5161=ADVANCED_FACE('',(#263),#4870,.F.);
#5162=ADVANCED_FACE('',(#264),#4871,.F.);
#5163=ADVANCED_FACE('',(#265),#4872,.F.);
#5164=ADVANCED_FACE('',(#266),#4873,.F.);
#5165=ADVANCED_FACE('',(#267),#4874,.F.);
#5166=ADVANCED_FACE('',(#268),#4875,.F.);
#5167=ADVANCED_FACE('',(#269),#4876,.F.);
#5168=ADVANCED_FACE('',(#270),#4877,.F.);
#5169=ADVANCED_FACE('',(#271),#4878,.F.);
#5170=ADVANCED_FACE('',(#272),#4879,.F.);
#5171=ADVANCED_FACE('',(#273),#4880,.F.);
#5172=ADVANCED_FACE('',(#274),#4881,.F.);
#5173=ADVANCED_FACE('',(#275),#4882,.F.);
#5174=ADVANCED_FACE('',(#276),#4883,.F.);
#5175=ADVANCED_FACE('',(#277),#4884,.F.);
#5176=ADVANCED_FACE('',(#278),#4885,.F.);
#5177=ADVANCED_FACE('',(#279),#4886,.F.);
#5178=ADVANCED_FACE('',(#280),#4887,.F.);
#5179=ADVANCED_FACE('',(#281),#4888,.T.);
#5180=ADVANCED_FACE('',(#282),#4889,.T.);
#5181=ADVANCED_FACE('',(#283),#4890,.T.);
#5182=ADVANCED_FACE('',(#284),#4891,.T.);
#5183=ADVANCED_FACE('',(#285),#4892,.T.);
#5184=ADVANCED_FACE('',(#286),#4893,.T.);
#5185=ADVANCED_FACE('',(#287),#4894,.T.);
#5186=ADVANCED_FACE('',(#288),#4895,.T.);
#5187=ADVANCED_FACE('',(#289),#4896,.T.);
#5188=ADVANCED_FACE('',(#290),#4897,.T.);
#5189=ADVANCED_FACE('',(#291),#4898,.T.);
#5190=ADVANCED_FACE('',(#292),#4899,.T.);
#5191=ADVANCED_FACE('',(#293),#4900,.T.);
#5192=ADVANCED_FACE('',(#294),#4901,.T.);
#5193=ADVANCED_FACE('',(#295),#4902,.T.);
#5194=ADVANCED_FACE('',(#296),#4903,.T.);
#5195=ADVANCED_FACE('',(#297),#4904,.T.);
#5196=ADVANCED_FACE('',(#298),#4905,.T.);
#5197=ADVANCED_FACE('',(#299),#4906,.T.);
#5198=ADVANCED_FACE('',(#300),#4907,.T.);
#5199=ADVANCED_FACE('',(#301),#4908,.T.);
#5200=ADVANCED_FACE('',(#302),#4909,.T.);
#5201=ADVANCED_FACE('',(#303),#4910,.T.);
#5202=ADVANCED_FACE('',(#304),#4911,.T.);
#5203=ADVANCED_FACE('',(#305),#4912,.T.);
#5204=ADVANCED_FACE('',(#306),#4913,.T.);
#5205=ADVANCED_FACE('',(#307),#4914,.T.);
#5206=ADVANCED_FACE('',(#308),#4915,.T.);
#5207=ADVANCED_FACE('',(#309),#4916,.T.);
#5208=ADVANCED_FACE('',(#310),#4917,.T.);
#5209=ADVANCED_FACE('',(#311),#4918,.T.);
#5210=ADVANCED_FACE('',(#312),#4919,.T.);
#5211=ADVANCED_FACE('',(#313),#4920,.T.);
#5212=ADVANCED_FACE('',(#314),#4921,.T.);
#5213=ADVANCED_FACE('',(#315),#4922,.T.);
#5214=ADVANCED_FACE('',(#316),#4923,.T.);
#5215=ADVANCED_FACE('',(#317),#4924,.T.);
#5216=ADVANCED_FACE('',(#318),#4925,.T.);
#5217=ADVANCED_FACE('',(#319),#4926,.T.);
#5218=ADVANCED_FACE('',(#320),#4927,.T.);
#5219=ADVANCED_FACE('',(#321),#4928,.T.);
#5220=ADVANCED_FACE('',(#322),#4929,.T.);
#5221=ADVANCED_FACE('',(#323),#4930,.T.);
#5222=ADVANCED_FACE('',(#324),#4931,.T.);
#5223=ADVANCED_FACE('',(#325),#4932,.T.);
#5224=ADVANCED_FACE('',(#326),#4933,.T.);
#5225=ADVANCED_FACE('',(#327),#4934,.T.);
#5226=ADVANCED_FACE('',(#328),#4935,.T.);
#5227=ADVANCED_FACE('',(#329),#4936,.T.);
#5228=ADVANCED_FACE('',(#330),#4937,.T.);
#5229=ADVANCED_FACE('',(#331),#4938,.T.);
#5230=ADVANCED_FACE('',(#332),#4939,.T.);
#5231=ADVANCED_FACE('',(#333),#4940,.T.);
#5232=ADVANCED_FACE('',(#334),#4941,.T.);
#5233=ADVANCED_FACE('',(#335),#4942,.T.);
#5234=ADVANCED_FACE('',(#336),#4943,.T.);
#5235=ADVANCED_FACE('',(#337),#4944,.T.);
#5236=ADVANCED_FACE('',(#338),#4945,.T.);
#5237=ADVANCED_FACE('',(#339),#4946,.T.);
#5238=ADVANCED_FACE('',(#340),#4947,.T.);
#5239=ADVANCED_FACE('',(#341),#4948,.T.);
#5240=ADVANCED_FACE('',(#342),#4949,.T.);
#5241=ADVANCED_FACE('',(#343),#4950,.T.);
#5242=ADVANCED_FACE('',(#344),#4951,.T.);
#5243=ADVANCED_FACE('',(#345),#4952,.T.);
#5244=ADVANCED_FACE('',(#346),#4953,.T.);
#5245=ADVANCED_FACE('',(#347),#4954,.T.);
#5246=ADVANCED_FACE('',(#348),#4955,.T.);
#5247=ADVANCED_FACE('',(#349),#4956,.T.);
#5248=ADVANCED_FACE('',(#350),#4957,.T.);
#5249=ADVANCED_FACE('',(#351),#4958,.T.);
#5250=ADVANCED_FACE('',(#352),#4959,.T.);
#5251=ADVANCED_FACE('',(#353),#4960,.T.);
#5252=ADVANCED_FACE('',(#354),#4961,.T.);
#5253=ADVANCED_FACE('',(#355),#4962,.T.);
#5254=ADVANCED_FACE('',(#356),#4963,.T.);
#5255=ADVANCED_FACE('',(#357),#4964,.T.);
#5256=ADVANCED_FACE('',(#358),#4965,.T.);
#5257=ADVANCED_FACE('',(#359),#4966,.T.);
#5258=ADVANCED_FACE('',(#360),#4967,.T.);
#5259=ADVANCED_FACE('',(#361),#4968,.T.);
#5260=ADVANCED_FACE('',(#362),#4969,.T.);
#5261=ADVANCED_FACE('',(#363),#4970,.T.);
#5262=ADVANCED_FACE('',(#364),#4971,.T.);
#5263=ADVANCED_FACE('',(#365),#4972,.T.);
#5264=ADVANCED_FACE('',(#366),#4973,.T.);
#5265=ADVANCED_FACE('',(#367),#4974,.T.);
#5266=ADVANCED_FACE('',(#368),#4975,.T.);
#5267=ADVANCED_FACE('',(#369),#4976,.T.);
#5268=ADVANCED_FACE('',(#370),#4977,.T.);
#5269=ADVANCED_FACE('',(#371),#4978,.T.);
#5270=ADVANCED_FACE('',(#372),#4979,.T.);
#5271=ADVANCED_FACE('',(#373),#4980,.T.);
#5272=ADVANCED_FACE('',(#374),#4981,.T.);
#5273=ADVANCED_FACE('',(#375),#4982,.T.);
#5274=ADVANCED_FACE('',(#376),#4983,.T.);
#5275=ADVANCED_FACE('',(#377),#4984,.T.);
#5276=ADVANCED_FACE('',(#378),#4985,.T.);
#5277=ADVANCED_FACE('',(#379),#4986,.T.);
#5278=ADVANCED_FACE('',(#380),#4987,.T.);
#5279=ADVANCED_FACE('',(#381),#4988,.T.);
#5280=ADVANCED_FACE('',(#382),#4989,.T.);
#5281=ADVANCED_FACE('',(#383),#4990,.T.);
#5282=ADVANCED_FACE('',(#384),#4991,.T.);
#5283=ADVANCED_FACE('',(#385),#4992,.T.);
#5284=ADVANCED_FACE('',(#386),#4993,.T.);
#5285=ADVANCED_FACE('',(#387),#4994,.T.);
#5286=ADVANCED_FACE('',(#388),#4995,.T.);
#5287=CLOSED_SHELL('',(#4996,#4997,#4998,#4999,#5000,#5001));
#5288=CLOSED_SHELL('',(#5002,#5003,#5004,#5005,#5006,#5007,#5008,#5009,
#5010,#5011,#5012,#5013,#5014,#5015,#5016));
#5289=CLOSED_SHELL('',(#5017,#5018,#5019,#5020,#5021,#5022,#5023,#5024,
#5025,#5026));
#5290=CLOSED_SHELL('',(#5027,#5028,#5029,#5030,#5031,#5032));
#5291=CLOSED_SHELL('',(#5033,#5034,#5035,#5036,#5037,#5038));
#5292=CLOSED_SHELL('',(#5039,#5040,#5041,#5042,#5043,#5044));
#5293=CLOSED_SHELL('',(#5045,#5046,#5047,#5048,#5049,#5050));
#5294=CLOSED_SHELL('',(#5051,#5052,#5053,#5054,#5055,#5056,#5057,#5058,
#5059,#5060,#5061,#5062,#5063,#5064,#5065,#5066,#5067,#5068));
#5295=CLOSED_SHELL('',(#5069,#5070,#5071,#5072,#5073,#5074,#5075,#5076,
#5077,#5078,#5079,#5080,#5081,#5082,#5083,#5084,#5085,#5086,#5087,#5088,
#5089,#5090,#5091,#5092,#5093,#5094,#5095,#5096,#5097,#5098,#5099,#5100,
#5101,#5102,#5103,#5104,#5105,#5106,#5107,#5108,#5109,#5110,#5111,#5112,
#5113,#5114,#5115,#5116,#5117,#5118,#5119,#5120,#5121,#5122,#5123,#5124,
#5125,#5126,#5127,#5128,#5129,#5130,#5131,#5132,#5133,#5134,#5135,#5136,
#5137,#5138,#5139,#5140,#5141,#5142,#5143,#5144,#5145,#5146,#5147,#5148,
#5149,#5150,#5151,#5152,#5153,#5154,#5155,#5156,#5157,#5158,#5159,#5160,
#5161,#5162,#5163,#5164,#5165,#5166,#5167,#5168,#5169,#5170,#5171,#5172,
#5173,#5174,#5175,#5176,#5177,#5178,#5179,#5180,#5181,#5182,#5183,#5184,
#5185,#5186,#5187,#5188,#5189,#5190,#5191,#5192,#5193,#5194,#5195,#5196,
#5197,#5198,#5199,#5200,#5201,#5202,#5203,#5204,#5205,#5206,#5207,#5208,
#5209,#5210,#5211,#5212,#5213,#5214,#5215,#5216,#5217,#5218,#5219,#5220,
#5221,#5222,#5223,#5224,#5225,#5226,#5227,#5228,#5229,#5230,#5231,#5232,
#5233,#5234,#5235,#5236,#5237,#5238,#5239,#5240,#5241,#5242,#5243,#5244,
#5245,#5246,#5247,#5248,#5249,#5250,#5251,#5252,#5253,#5254,#5255,#5256,
#5257,#5258,#5259,#5260,#5261,#5262,#5263,#5264,#5265,#5266,#5267,#5268,
#5269,#5270,#5271,#5272,#5273,#5274,#5275,#5276,#5277,#5278,#5279,#5280,
#5281,#5282,#5283,#5284,#5285,#5286));
#5296=DERIVED_UNIT_ELEMENT(#5298,1.);
#5297=DERIVED_UNIT_ELEMENT(#8357,-3.);
#5298=(
MASS_UNIT()
NAMED_UNIT(*)
SI_UNIT(.KILO.,.GRAM.)
);
#5299=DERIVED_UNIT((#5296,#5297));
#5300=MEASURE_REPRESENTATION_ITEM('density measure',
POSITIVE_RATIO_MEASURE(7850.),#5299);
#5301=PROPERTY_DEFINITION_REPRESENTATION(#5306,#5303);
#5302=PROPERTY_DEFINITION_REPRESENTATION(#5307,#5304);
#5303=REPRESENTATION('material name',(#5305),#8354);
#5304=REPRESENTATION('density',(#5300),#8354);
#5305=DESCRIPTIVE_REPRESENTATION_ITEM('Steel','Steel');
#5306=PROPERTY_DEFINITION('material property','material name',#8364);
#5307=PROPERTY_DEFINITION('material property','density of part',#8364);
#5308=AXIS2_PLACEMENT_3D('',#6910,#5608,#5609);
#5309=AXIS2_PLACEMENT_3D('',#6911,#5610,#5611);
#5310=AXIS2_PLACEMENT_3D('',#6920,#5616,#5617);
#5311=AXIS2_PLACEMENT_3D('',#6926,#5621,#5622);
#5312=AXIS2_PLACEMENT_3D('',#6932,#5626,#5627);
#5313=AXIS2_PLACEMENT_3D('',#6935,#5630,#5631);
#5314=AXIS2_PLACEMENT_3D('',#6936,#5632,#5633);
#5315=AXIS2_PLACEMENT_3D('',#6937,#5634,#5635);
#5316=AXIS2_PLACEMENT_3D('',#6946,#5640,#5641);
#5317=AXIS2_PLACEMENT_3D('',#6955,#5646,#5647);
#5318=AXIS2_PLACEMENT_3D('',#6972,#5656,#5657);
#5319=AXIS2_PLACEMENT_3D('',#6975,#5660,#5661);
#5320=AXIS2_PLACEMENT_3D('',#6981,#5665,#5666);
#5321=AXIS2_PLACEMENT_3D('',#6985,#5669,#5670);
#5322=AXIS2_PLACEMENT_3D('',#6989,#5673,#5674);
#5323=AXIS2_PLACEMENT_3D('',#6991,#5676,#5677);
#5324=AXIS2_PLACEMENT_3D('',#7000,#5682,#5683);
#5325=AXIS2_PLACEMENT_3D('',#7001,#5684,#5685);
#5326=AXIS2_PLACEMENT_3D('',#7007,#5689,#5690);
#5327=AXIS2_PLACEMENT_3D('',#7011,#5693,#5694);
#5328=AXIS2_PLACEMENT_3D('',#7015,#5697,#5698);
#5329=AXIS2_PLACEMENT_3D('',#7017,#5700,#5701);
#5330=AXIS2_PLACEMENT_3D('',#7018,#5702,#5703);
#5331=AXIS2_PLACEMENT_3D('',#7027,#5708,#5709);
#5332=AXIS2_PLACEMENT_3D('',#7036,#5714,#5715);
#5333=AXIS2_PLACEMENT_3D('',#7045,#5720,#5721);
#5334=AXIS2_PLACEMENT_3D('',#7054,#5726,#5727);
#5335=AXIS2_PLACEMENT_3D('',#7055,#5728,#5729);
#5336=AXIS2_PLACEMENT_3D('',#7056,#5730,#5731);
#5337=AXIS2_PLACEMENT_3D('',#7057,#5732,#5733);
#5338=AXIS2_PLACEMENT_3D('',#7058,#5734,#5735);
#5339=AXIS2_PLACEMENT_3D('',#7059,#5736,#5737);
#5340=AXIS2_PLACEMENT_3D('',#7060,#5738,#5739);
#5341=AXIS2_PLACEMENT_3D('',#7061,#5740,#5741);
#5342=AXIS2_PLACEMENT_3D('',#7062,#5742,#5743);
#5343=AXIS2_PLACEMENT_3D('',#7063,#5744,#5745);
#5344=AXIS2_PLACEMENT_3D('',#7064,#5746,#5747);
#5345=AXIS2_PLACEMENT_3D('',#7065,#5748,#5749);
#5346=AXIS2_PLACEMENT_3D('',#7066,#5750,#5751);
#5347=AXIS2_PLACEMENT_3D('',#7067,#5752,#5753);
#5348=AXIS2_PLACEMENT_3D('',#7068,#5754,#5755);
#5349=AXIS2_PLACEMENT_3D('',#7077,#5760,#5761);
#5350=AXIS2_PLACEMENT_3D('',#7083,#5765,#5766);
#5351=AXIS2_PLACEMENT_3D('',#7089,#5770,#5771);
#5352=AXIS2_PLACEMENT_3D('',#7092,#5774,#5775);
#5353=AXIS2_PLACEMENT_3D('',#7093,#5776,#5777);
#5354=AXIS2_PLACEMENT_3D('',#7094,#5778,#5779);
#5355=AXIS2_PLACEMENT_3D('',#7103,#5784,#5785);
#5356=AXIS2_PLACEMENT_3D('',#7109,#5789,#5790);
#5357=AXIS2_PLACEMENT_3D('',#7115,#5794,#5795);
#5358=AXIS2_PLACEMENT_3D('',#7118,#5798,#5799);
#5359=AXIS2_PLACEMENT_3D('',#7119,#5800,#5801);
#5360=AXIS2_PLACEMENT_3D('',#7120,#5802,#5803);
#5361=AXIS2_PLACEMENT_3D('',#7129,#5808,#5809);
#5362=AXIS2_PLACEMENT_3D('',#7135,#5813,#5814);
#5363=AXIS2_PLACEMENT_3D('',#7141,#5818,#5819);
#5364=AXIS2_PLACEMENT_3D('',#7144,#5822,#5823);
#5365=AXIS2_PLACEMENT_3D('',#7145,#5824,#5825);
#5366=AXIS2_PLACEMENT_3D('',#7146,#5826,#5827);
#5367=AXIS2_PLACEMENT_3D('',#7155,#5832,#5833);
#5368=AXIS2_PLACEMENT_3D('',#7161,#5837,#5838);
#5369=AXIS2_PLACEMENT_3D('',#7167,#5842,#5843);
#5370=AXIS2_PLACEMENT_3D('',#7170,#5846,#5847);
#5371=AXIS2_PLACEMENT_3D('',#7171,#5848,#5849);
#5372=AXIS2_PLACEMENT_3D('',#7172,#5850,#5851);
#5373=AXIS2_PLACEMENT_3D('',#7181,#5856,#5857);
#5374=AXIS2_PLACEMENT_3D('',#7190,#5862,#5863);
#5375=AXIS2_PLACEMENT_3D('',#7196,#5867,#5868);
#5376=AXIS2_PLACEMENT_3D('',#7221,#5882,#5883);
#5377=AXIS2_PLACEMENT_3D('',#7225,#5886,#5887);
#5378=AXIS2_PLACEMENT_3D('',#7229,#5890,#5891);
#5379=AXIS2_PLACEMENT_3D('',#7231,#5893,#5894);
#5380=AXIS2_PLACEMENT_3D('',#7235,#5897,#5898);
#5381=AXIS2_PLACEMENT_3D('',#7241,#5902,#5903);
#5382=AXIS2_PLACEMENT_3D('',#7245,#5906,#5907);
#5383=AXIS2_PLACEMENT_3D('',#7249,#5910,#5911);
#5384=AXIS2_PLACEMENT_3D('',#7251,#5913,#5914);
#5385=AXIS2_PLACEMENT_3D('',#7257,#5918,#5919);
#5386=AXIS2_PLACEMENT_3D('',#7261,#5922,#5923);
#5387=AXIS2_PLACEMENT_3D('',#7265,#5926,#5927);
#5388=AXIS2_PLACEMENT_3D('',#7267,#5929,#5930);
#5389=AXIS2_PLACEMENT_3D('',#7269,#5932,#5933);
#5390=AXIS2_PLACEMENT_3D('',#7270,#5934,#5935);
#5391=AXIS2_PLACEMENT_3D('',#7279,#5940,#5941);
#5392=AXIS2_PLACEMENT_3D('',#7285,#5945,#5946);
#5393=AXIS2_PLACEMENT_3D('',#7291,#5950,#5951);
#5394=AXIS2_PLACEMENT_3D('',#7294,#5954,#5955);
#5395=AXIS2_PLACEMENT_3D('',#7511,#6064,#6065);
#5396=AXIS2_PLACEMENT_3D('',#7720,#6170,#6171);
#5397=AXIS2_PLACEMENT_3D('',#7726,#6175,#6176);
#5398=AXIS2_PLACEMENT_3D('',#7730,#6179,#6180);
#5399=AXIS2_PLACEMENT_3D('',#7734,#6183,#6184);
#5400=AXIS2_PLACEMENT_3D('',#7736,#6186,#6187);
#5401=AXIS2_PLACEMENT_3D('',#7742,#6191,#6192);
#5402=AXIS2_PLACEMENT_3D('',#7746,#6195,#6196);
#5403=AXIS2_PLACEMENT_3D('',#7750,#6199,#6200);
#5404=AXIS2_PLACEMENT_3D('',#7752,#6202,#6203);
#5405=AXIS2_PLACEMENT_3D('',#7758,#6207,#6208);
#5406=AXIS2_PLACEMENT_3D('',#7762,#6211,#6212);
#5407=AXIS2_PLACEMENT_3D('',#7766,#6215,#6216);
#5408=AXIS2_PLACEMENT_3D('',#7768,#6218,#6219);
#5409=AXIS2_PLACEMENT_3D('',#7774,#6223,#6224);
#5410=AXIS2_PLACEMENT_3D('',#7778,#6227,#6228);
#5411=AXIS2_PLACEMENT_3D('',#7782,#6231,#6232);
#5412=AXIS2_PLACEMENT_3D('',#7784,#6234,#6235);
#5413=AXIS2_PLACEMENT_3D('',#7790,#6239,#6240);
#5414=AXIS2_PLACEMENT_3D('',#7794,#6243,#6244);
#5415=AXIS2_PLACEMENT_3D('',#7798,#6247,#6248);
#5416=AXIS2_PLACEMENT_3D('',#7800,#6250,#6251);
#5417=AXIS2_PLACEMENT_3D('',#7806,#6255,#6256);
#5418=AXIS2_PLACEMENT_3D('',#7810,#6259,#6260);
#5419=AXIS2_PLACEMENT_3D('',#7814,#6263,#6264);
#5420=AXIS2_PLACEMENT_3D('',#7816,#6266,#6267);
#5421=AXIS2_PLACEMENT_3D('',#7822,#6271,#6272);
#5422=AXIS2_PLACEMENT_3D('',#7826,#6275,#6276);
#5423=AXIS2_PLACEMENT_3D('',#7830,#6279,#6280);
#5424=AXIS2_PLACEMENT_3D('',#7832,#6282,#6283);
#5425=AXIS2_PLACEMENT_3D('',#7838,#6287,#6288);
#5426=AXIS2_PLACEMENT_3D('',#7842,#6291,#6292);
#5427=AXIS2_PLACEMENT_3D('',#7846,#6295,#6296);
#5428=AXIS2_PLACEMENT_3D('',#7848,#6298,#6299);
#5429=AXIS2_PLACEMENT_3D('',#7854,#6303,#6304);
#5430=AXIS2_PLACEMENT_3D('',#7858,#6307,#6308);
#5431=AXIS2_PLACEMENT_3D('',#7862,#6311,#6312);
#5432=AXIS2_PLACEMENT_3D('',#7864,#6314,#6315);
#5433=AXIS2_PLACEMENT_3D('',#7870,#6319,#6320);
#5434=AXIS2_PLACEMENT_3D('',#7874,#6323,#6324);
#5435=AXIS2_PLACEMENT_3D('',#7878,#6327,#6328);
#5436=AXIS2_PLACEMENT_3D('',#7880,#6330,#6331);
#5437=AXIS2_PLACEMENT_3D('',#7886,#6335,#6336);
#5438=AXIS2_PLACEMENT_3D('',#7890,#6339,#6340);
#5439=AXIS2_PLACEMENT_3D('',#7894,#6343,#6344);
#5440=AXIS2_PLACEMENT_3D('',#7896,#6346,#6347);
#5441=AXIS2_PLACEMENT_3D('',#7902,#6351,#6352);
#5442=AXIS2_PLACEMENT_3D('',#7906,#6355,#6356);
#5443=AXIS2_PLACEMENT_3D('',#7910,#6359,#6360);
#5444=AXIS2_PLACEMENT_3D('',#7912,#6362,#6363);
#5445=AXIS2_PLACEMENT_3D('',#7918,#6367,#6368);
#5446=AXIS2_PLACEMENT_3D('',#7922,#6371,#6372);
#5447=AXIS2_PLACEMENT_3D('',#7926,#6375,#6376);
#5448=AXIS2_PLACEMENT_3D('',#7928,#6378,#6379);
#5449=AXIS2_PLACEMENT_3D('',#7934,#6383,#6384);
#5450=AXIS2_PLACEMENT_3D('',#7938,#6387,#6388);
#5451=AXIS2_PLACEMENT_3D('',#7942,#6391,#6392);
#5452=AXIS2_PLACEMENT_3D('',#7944,#6394,#6395);
#5453=AXIS2_PLACEMENT_3D('',#7950,#6399,#6400);
#5454=AXIS2_PLACEMENT_3D('',#7954,#6403,#6404);
#5455=AXIS2_PLACEMENT_3D('',#7958,#6407,#6408);
#5456=AXIS2_PLACEMENT_3D('',#7960,#6410,#6411);
#5457=AXIS2_PLACEMENT_3D('',#7966,#6415,#6416);
#5458=AXIS2_PLACEMENT_3D('',#7970,#6419,#6420);
#5459=AXIS2_PLACEMENT_3D('',#7974,#6423,#6424);
#5460=AXIS2_PLACEMENT_3D('',#7976,#6426,#6427);
#5461=AXIS2_PLACEMENT_3D('',#7982,#6431,#6432);
#5462=AXIS2_PLACEMENT_3D('',#7986,#6435,#6436);
#5463=AXIS2_PLACEMENT_3D('',#7990,#6439,#6440);
#5464=AXIS2_PLACEMENT_3D('',#7992,#6442,#6443);
#5465=AXIS2_PLACEMENT_3D('',#7998,#6447,#6448);
#5466=AXIS2_PLACEMENT_3D('',#8002,#6451,#6452);
#5467=AXIS2_PLACEMENT_3D('',#8006,#6455,#6456);
#5468=AXIS2_PLACEMENT_3D('',#8008,#6458,#6459);
#5469=AXIS2_PLACEMENT_3D('',#8014,#6463,#6464);
#5470=AXIS2_PLACEMENT_3D('',#8018,#6467,#6468);
#5471=AXIS2_PLACEMENT_3D('',#8022,#6471,#6472);
#5472=AXIS2_PLACEMENT_3D('',#8024,#6474,#6475);
#5473=AXIS2_PLACEMENT_3D('',#8030,#6479,#6480);
#5474=AXIS2_PLACEMENT_3D('',#8034,#6483,#6484);
#5475=AXIS2_PLACEMENT_3D('',#8038,#6487,#6488);
#5476=AXIS2_PLACEMENT_3D('',#8040,#6490,#6491);
#5477=AXIS2_PLACEMENT_3D('',#8046,#6495,#6496);
#5478=AXIS2_PLACEMENT_3D('',#8050,#6499,#6500);
#5479=AXIS2_PLACEMENT_3D('',#8054,#6503,#6504);
#5480=AXIS2_PLACEMENT_3D('',#8056,#6506,#6507);
#5481=AXIS2_PLACEMENT_3D('',#8062,#6511,#6512);
#5482=AXIS2_PLACEMENT_3D('',#8066,#6515,#6516);
#5483=AXIS2_PLACEMENT_3D('',#8070,#6519,#6520);
#5484=AXIS2_PLACEMENT_3D('',#8072,#6522,#6523);
#5485=AXIS2_PLACEMENT_3D('',#8078,#6527,#6528);
#5486=AXIS2_PLACEMENT_3D('',#8082,#6531,#6532);
#5487=AXIS2_PLACEMENT_3D('',#8086,#6535,#6536);
#5488=AXIS2_PLACEMENT_3D('',#8088,#6538,#6539);
#5489=AXIS2_PLACEMENT_3D('',#8094,#6543,#6544);
#5490=AXIS2_PLACEMENT_3D('',#8098,#6547,#6548);
#5491=AXIS2_PLACEMENT_3D('',#8102,#6551,#6552);
#5492=AXIS2_PLACEMENT_3D('',#8104,#6554,#6555);
#5493=AXIS2_PLACEMENT_3D('',#8110,#6559,#6560);
#5494=AXIS2_PLACEMENT_3D('',#8114,#6563,#6564);
#5495=AXIS2_PLACEMENT_3D('',#8118,#6567,#6568);
#5496=AXIS2_PLACEMENT_3D('',#8120,#6570,#6571);
#5497=AXIS2_PLACEMENT_3D('',#8126,#6575,#6576);
#5498=AXIS2_PLACEMENT_3D('',#8130,#6579,#6580);
#5499=AXIS2_PLACEMENT_3D('',#8134,#6583,#6584);
#5500=AXIS2_PLACEMENT_3D('',#8136,#6586,#6587);
#5501=AXIS2_PLACEMENT_3D('',#8139,#6590,#6591);
#5502=AXIS2_PLACEMENT_3D('',#8141,#6593,#6594);
#5503=AXIS2_PLACEMENT_3D('',#8143,#6596,#6597);
#5504=AXIS2_PLACEMENT_3D('',#8144,#6598,#6599);
#5505=AXIS2_PLACEMENT_3D('',#8147,#6602,#6603);
#5506=AXIS2_PLACEMENT_3D('',#8149,#6605,#6606);
#5507=AXIS2_PLACEMENT_3D('',#8151,#6608,#6609);
#5508=AXIS2_PLACEMENT_3D('',#8152,#6610,#6611);
#5509=AXIS2_PLACEMENT_3D('',#8155,#6614,#6615);
#5510=AXIS2_PLACEMENT_3D('',#8157,#6617,#6618);
#5511=AXIS2_PLACEMENT_3D('',#8159,#6620,#6621);
#5512=AXIS2_PLACEMENT_3D('',#8160,#6622,#6623);
#5513=AXIS2_PLACEMENT_3D('',#8163,#6626,#6627);
#5514=AXIS2_PLACEMENT_3D('',#8165,#6629,#6630);
#5515=AXIS2_PLACEMENT_3D('',#8167,#6632,#6633);
#5516=AXIS2_PLACEMENT_3D('',#8168,#6634,#6635);
#5517=AXIS2_PLACEMENT_3D('',#8171,#6638,#6639);
#5518=AXIS2_PLACEMENT_3D('',#8173,#6641,#6642);
#5519=AXIS2_PLACEMENT_3D('',#8175,#6644,#6645);
#5520=AXIS2_PLACEMENT_3D('',#8176,#6646,#6647);
#5521=AXIS2_PLACEMENT_3D('',#8179,#6650,#6651);
#5522=AXIS2_PLACEMENT_3D('',#8181,#6653,#6654);
#5523=AXIS2_PLACEMENT_3D('',#8183,#6656,#6657);
#5524=AXIS2_PLACEMENT_3D('',#8184,#6658,#6659);
#5525=AXIS2_PLACEMENT_3D('',#8187,#6662,#6663);
#5526=AXIS2_PLACEMENT_3D('',#8189,#6665,#6666);
#5527=AXIS2_PLACEMENT_3D('',#8191,#6668,#6669);
#5528=AXIS2_PLACEMENT_3D('',#8192,#6670,#6671);
#5529=AXIS2_PLACEMENT_3D('',#8195,#6674,#6675);
#5530=AXIS2_PLACEMENT_3D('',#8197,#6677,#6678);
#5531=AXIS2_PLACEMENT_3D('',#8199,#6680,#6681);
#5532=AXIS2_PLACEMENT_3D('',#8200,#6682,#6683);
#5533=AXIS2_PLACEMENT_3D('',#8203,#6686,#6687);
#5534=AXIS2_PLACEMENT_3D('',#8205,#6689,#6690);
#5535=AXIS2_PLACEMENT_3D('',#8207,#6692,#6693);
#5536=AXIS2_PLACEMENT_3D('',#8208,#6694,#6695);
#5537=AXIS2_PLACEMENT_3D('',#8211,#6698,#6699);
#5538=AXIS2_PLACEMENT_3D('',#8213,#6701,#6702);
#5539=AXIS2_PLACEMENT_3D('',#8215,#6704,#6705);
#5540=AXIS2_PLACEMENT_3D('',#8216,#6706,#6707);
#5541=AXIS2_PLACEMENT_3D('',#8219,#6710,#6711);
#5542=AXIS2_PLACEMENT_3D('',#8221,#6713,#6714);
#5543=AXIS2_PLACEMENT_3D('',#8223,#6716,#6717);
#5544=AXIS2_PLACEMENT_3D('',#8224,#6718,#6719);
#5545=AXIS2_PLACEMENT_3D('',#8227,#6722,#6723);
#5546=AXIS2_PLACEMENT_3D('',#8229,#6725,#6726);
#5547=AXIS2_PLACEMENT_3D('',#8231,#6728,#6729);
#5548=AXIS2_PLACEMENT_3D('',#8232,#6730,#6731);
#5549=AXIS2_PLACEMENT_3D('',#8235,#6734,#6735);
#5550=AXIS2_PLACEMENT_3D('',#8237,#6737,#6738);
#5551=AXIS2_PLACEMENT_3D('',#8239,#6740,#6741);
#5552=AXIS2_PLACEMENT_3D('',#8240,#6742,#6743);
#5553=AXIS2_PLACEMENT_3D('',#8243,#6746,#6747);
#5554=AXIS2_PLACEMENT_3D('',#8245,#6749,#6750);
#5555=AXIS2_PLACEMENT_3D('',#8247,#6752,#6753);
#5556=AXIS2_PLACEMENT_3D('',#8248,#6754,#6755);
#5557=AXIS2_PLACEMENT_3D('',#8251,#6758,#6759);
#5558=AXIS2_PLACEMENT_3D('',#8253,#6761,#6762);
#5559=AXIS2_PLACEMENT_3D('',#8255,#6764,#6765);
#5560=AXIS2_PLACEMENT_3D('',#8256,#6766,#6767);
#5561=AXIS2_PLACEMENT_3D('',#8259,#6770,#6771);
#5562=AXIS2_PLACEMENT_3D('',#8261,#6773,#6774);
#5563=AXIS2_PLACEMENT_3D('',#8263,#6776,#6777);
#5564=AXIS2_PLACEMENT_3D('',#8264,#6778,#6779);
#5565=AXIS2_PLACEMENT_3D('',#8267,#6782,#6783);
#5566=AXIS2_PLACEMENT_3D('',#8269,#6785,#6786);
#5567=AXIS2_PLACEMENT_3D('',#8271,#6788,#6789);
#5568=AXIS2_PLACEMENT_3D('',#8272,#6790,#6791);
#5569=AXIS2_PLACEMENT_3D('',#8275,#6794,#6795);
#5570=AXIS2_PLACEMENT_3D('',#8277,#6797,#6798);
#5571=AXIS2_PLACEMENT_3D('',#8279,#6800,#6801);
#5572=AXIS2_PLACEMENT_3D('',#8280,#6802,#6803);
#5573=AXIS2_PLACEMENT_3D('',#8283,#6806,#6807);
#5574=AXIS2_PLACEMENT_3D('',#8285,#6809,#6810);
#5575=AXIS2_PLACEMENT_3D('',#8287,#6812,#6813);
#5576=AXIS2_PLACEMENT_3D('',#8288,#6814,#6815);
#5577=AXIS2_PLACEMENT_3D('',#8291,#6818,#6819);
#5578=AXIS2_PLACEMENT_3D('',#8293,#6821,#6822);
#5579=AXIS2_PLACEMENT_3D('',#8295,#6824,#6825);
#5580=AXIS2_PLACEMENT_3D('',#8296,#6826,#6827);
#5581=AXIS2_PLACEMENT_3D('',#8299,#6830,#6831);
#5582=AXIS2_PLACEMENT_3D('',#8301,#6833,#6834);
#5583=AXIS2_PLACEMENT_3D('',#8303,#6836,#6837);
#5584=AXIS2_PLACEMENT_3D('',#8304,#6838,#6839);
#5585=AXIS2_PLACEMENT_3D('',#8307,#6842,#6843);
#5586=AXIS2_PLACEMENT_3D('',#8309,#6845,#6846);
#5587=AXIS2_PLACEMENT_3D('',#8311,#6848,#6849);
#5588=AXIS2_PLACEMENT_3D('',#8312,#6850,#6851);
#5589=AXIS2_PLACEMENT_3D('',#8315,#6854,#6855);
#5590=AXIS2_PLACEMENT_3D('',#8317,#6857,#6858);
#5591=AXIS2_PLACEMENT_3D('',#8319,#6860,#6861);
#5592=AXIS2_PLACEMENT_3D('',#8320,#6862,#6863);
#5593=AXIS2_PLACEMENT_3D('',#8323,#6866,#6867);
#5594=AXIS2_PLACEMENT_3D('',#8325,#6869,#6870);
#5595=AXIS2_PLACEMENT_3D('',#8327,#6872,#6873);
#5596=AXIS2_PLACEMENT_3D('',#8328,#6874,#6875);
#5597=AXIS2_PLACEMENT_3D('',#8331,#6878,#6879);
#5598=AXIS2_PLACEMENT_3D('',#8333,#6881,#6882);
#5599=AXIS2_PLACEMENT_3D('',#8335,#6884,#6885);
#5600=AXIS2_PLACEMENT_3D('',#8336,#6886,#6887);
#5601=AXIS2_PLACEMENT_3D('',#8339,#6890,#6891);
#5602=AXIS2_PLACEMENT_3D('',#8341,#6893,#6894);
#5603=AXIS2_PLACEMENT_3D('',#8343,#6896,#6897);
#5604=AXIS2_PLACEMENT_3D('',#8344,#6898,#6899);
#5605=AXIS2_PLACEMENT_3D('',#8347,#6902,#6903);
#5606=AXIS2_PLACEMENT_3D('',#8349,#6905,#6906);
#5607=AXIS2_PLACEMENT_3D('',#8351,#6908,#6909);
#5608=DIRECTION('axis',(0.,0.,1.));
#5609=DIRECTION('refdir',(1.,0.,0.));
#5610=DIRECTION('center_axis',(-1.,-2.10269512239613E-16,0.));
#5611=DIRECTION('ref_axis',(0.,0.,1.));
#5612=DIRECTION('',(2.69144975666705E-16,-1.,0.));
#5613=DIRECTION('',(0.,0.,1.));
#5614=DIRECTION('',(2.69144975666705E-16,-1.,0.));
#5615=DIRECTION('',(0.,0.,1.));
#5616=DIRECTION('center_axis',(0.,-1.,0.));
#5617=DIRECTION('ref_axis',(0.,0.,-1.));
#5618=DIRECTION('',(1.,0.,0.));
#5619=DIRECTION('',(0.,0.,1.));
#5620=DIRECTION('',(1.,0.,0.));
#5621=DIRECTION('center_axis',(-1.,-2.10269512239613E-16,0.));
#5622=DIRECTION('ref_axis',(0.,0.,1.));
#5623=DIRECTION('',(2.69144975666705E-16,-1.,0.));
#5624=DIRECTION('',(0.,0.,1.));
#5625=DIRECTION('',(2.69144975666705E-16,-1.,0.));
#5626=DIRECTION('center_axis',(0.,-1.,0.));
#5627=DIRECTION('ref_axis',(0.,0.,-1.));
#5628=DIRECTION('',(1.,0.,0.));
#5629=DIRECTION('',(1.,0.,0.));
#5630=DIRECTION('center_axis',(0.,0.,1.));
#5631=DIRECTION('ref_axis',(1.,0.,0.));
#5632=DIRECTION('center_axis',(0.,0.,1.));
#5633=DIRECTION('ref_axis',(1.,0.,0.));
#5634=DIRECTION('center_axis',(0.,0.,1.));
#5635=DIRECTION('ref_axis',(1.,0.,0.));
#5636=DIRECTION('',(0.,-1.,0.));
#5637=DIRECTION('',(-1.,0.,0.));
#5638=DIRECTION('',(0.,1.,0.));
#5639=DIRECTION('',(-1.,-1.15648231731787E-16,0.));
#5640=DIRECTION('center_axis',(0.,0.,1.));
#5641=DIRECTION('ref_axis',(1.,0.,0.));
#5642=DIRECTION('',(-1.33963562549038E-16,1.,0.));
#5643=DIRECTION('',(1.,0.,0.));
#5644=DIRECTION('',(0.,-1.,0.));
#5645=DIRECTION('',(1.,2.31296463463574E-16,0.));
#5646=DIRECTION('center_axis',(0.,0.,1.));
#5647=DIRECTION('ref_axis',(1.,0.,0.));
#5648=DIRECTION('',(-2.53765262771464E-16,1.,0.));
#5649=DIRECTION('',(-1.,0.,0.));
#5650=DIRECTION('',(1.26882631385732E-16,-1.,0.));
#5651=DIRECTION('',(1.,0.,0.));
#5652=DIRECTION('',(1.27246191934115E-16,-1.,0.));
#5653=DIRECTION('',(-1.,0.,0.));
#5654=DIRECTION('',(0.,1.,0.));
#5655=DIRECTION('',(1.,0.,0.));
#5656=DIRECTION('center_axis',(0.,0.,1.));
#5657=DIRECTION('ref_axis',(1.,0.,0.));
#5658=DIRECTION('',(0.,-1.,0.));
#5659=DIRECTION('',(0.,1.,0.));
#5660=DIRECTION('center_axis',(1.,1.98254111540206E-16,0.));
#5661=DIRECTION('ref_axis',(0.,0.,-1.));
#5662=DIRECTION('',(0.,0.,1.));
#5663=DIRECTION('',(-2.53765262771464E-16,1.,0.));
#5664=DIRECTION('',(0.,0.,1.));
#5665=DIRECTION('center_axis',(0.,-1.,0.));
#5666=DIRECTION('ref_axis',(0.,0.,-1.));
#5667=DIRECTION('',(0.,0.,1.));
#5668=DIRECTION('',(1.,0.,0.));
#5669=DIRECTION('center_axis',(-1.,-9.91270557701033E-17,0.));
#5670=DIRECTION('ref_axis',(0.,0.,1.));
#5671=DIRECTION('',(0.,0.,1.));
#5672=DIRECTION('',(1.26882631385732E-16,-1.,0.));
#5673=DIRECTION('center_axis',(0.,1.,0.));
#5674=DIRECTION('ref_axis',(0.,0.,1.));
#5675=DIRECTION('',(-1.,0.,0.));
#5676=DIRECTION('center_axis',(0.,0.,1.));
#5677=DIRECTION('ref_axis',(1.,0.,0.));
#5678=DIRECTION('',(1.,0.,0.));
#5679=DIRECTION('',(-2.69144975666705E-16,1.,0.));
#5680=DIRECTION('',(-1.,0.,0.));
#5681=DIRECTION('',(1.34572487833352E-16,-1.,0.));
#5682=DIRECTION('center_axis',(0.,0.,1.));
#5683=DIRECTION('ref_axis',(1.,0.,0.));
#5684=DIRECTION('center_axis',(-1.,-2.10269512239613E-16,0.));
#5685=DIRECTION('ref_axis',(0.,0.,1.));
#5686=DIRECTION('',(0.,0.,-1.));
#5687=DIRECTION('',(-2.69144975666705E-16,1.,0.));
#5688=DIRECTION('',(0.,0.,-1.));
#5689=DIRECTION('center_axis',(0.,-1.,0.));
#5690=DIRECTION('ref_axis',(0.,0.,-1.));
#5691=DIRECTION('',(-1.,0.,0.));
#5692=DIRECTION('',(0.,0.,-1.));
#5693=DIRECTION('center_axis',(1.,2.10269512239613E-16,0.));
#5694=DIRECTION('ref_axis',(0.,0.,-1.));
#5695=DIRECTION('',(1.34572487833352E-16,-1.,0.));
#5696=DIRECTION('',(0.,0.,-1.));
#5697=DIRECTION('center_axis',(0.,1.,0.));
#5698=DIRECTION('ref_axis',(0.,0.,1.));
#5699=DIRECTION('',(1.,0.,0.));
#5700=DIRECTION('center_axis',(0.,0.,1.));
#5701=DIRECTION('ref_axis',(1.,0.,0.));
#5702=DIRECTION('center_axis',(1.,-1.82602471155453E-16,0.));
#5703=DIRECTION('ref_axis',(0.,0.,-1.));
#5704=DIRECTION('',(2.368475785867E-16,1.,0.));
#5705=DIRECTION('',(0.,0.,1.));
#5706=DIRECTION('',(2.368475785867E-16,1.,0.));
#5707=DIRECTION('',(0.,0.,1.));
#5708=DIRECTION('center_axis',(0.,-1.,0.));
#5709=DIRECTION('ref_axis',(0.,0.,-1.));
#5710=DIRECTION('',(1.,0.,0.));
#5711=DIRECTION('',(0.,0.,1.));
#5712=DIRECTION('',(1.,0.,0.));
#5713=DIRECTION('',(0.,0.,1.));
#5714=DIRECTION('center_axis',(-1.,9.13012355777267E-17,0.));
#5715=DIRECTION('ref_axis',(0.,0.,1.));
#5716=DIRECTION('',(-1.1842378929335E-16,-1.,0.));
#5717=DIRECTION('',(0.,0.,1.));
#5718=DIRECTION('',(-1.1842378929335E-16,-1.,0.));
#5719=DIRECTION('',(0.,0.,1.));
#5720=DIRECTION('center_axis',(0.,1.,0.));
#5721=DIRECTION('ref_axis',(0.,0.,1.));
#5722=DIRECTION('',(-1.,0.,0.));
#5723=DIRECTION('',(0.,0.,1.));
#5724=DIRECTION('',(-1.,0.,0.));
#5725=DIRECTION('',(0.,0.,1.));
#5726=DIRECTION('center_axis',(0.,0.,-1.));
#5727=DIRECTION('ref_axis',(-1.,0.,0.));
#5728=DIRECTION('center_axis',(0.,0.,-1.));
#5729=DIRECTION('ref_axis',(-1.,0.,0.));
#5730=DIRECTION('center_axis',(0.,0.,-1.));
#5731=DIRECTION('ref_axis',(-1.,0.,0.));
#5732=DIRECTION('center_axis',(0.,0.,-1.));
#5733=DIRECTION('ref_axis',(-1.,0.,0.));
#5734=DIRECTION('center_axis',(0.,0.,-1.));
#5735=DIRECTION('ref_axis',(-1.,0.,0.));
#5736=DIRECTION('center_axis',(0.,0.,-1.));
#5737=DIRECTION('ref_axis',(-1.,0.,0.));
#5738=DIRECTION('center_axis',(0.,0.,-1.));
#5739=DIRECTION('ref_axis',(-1.,0.,0.));
#5740=DIRECTION('center_axis',(0.,0.,-1.));
#5741=DIRECTION('ref_axis',(-1.,0.,0.));
#5742=DIRECTION('center_axis',(0.,0.,-1.));
#5743=DIRECTION('ref_axis',(-1.,0.,0.));
#5744=DIRECTION('center_axis',(0.,0.,-1.));
#5745=DIRECTION('ref_axis',(-1.,0.,0.));
#5746=DIRECTION('center_axis',(0.,0.,1.));
#5747=DIRECTION('ref_axis',(1.,0.,0.));
#5748=DIRECTION('center_axis',(0.,0.,1.));
#5749=DIRECTION('ref_axis',(1.,0.,0.));
#5750=DIRECTION('center_axis',(0.,0.,1.));
#5751=DIRECTION('ref_axis',(1.,0.,0.));
#5752=DIRECTION('center_axis',(0.,0.,1.));
#5753=DIRECTION('ref_axis',(1.,0.,0.));
#5754=DIRECTION('center_axis',(1.,-4.62592926927149E-16,0.));
#5755=DIRECTION('ref_axis',(0.,0.,-1.));
#5756=DIRECTION('',(5.9211894646675E-16,1.,0.));
#5757=DIRECTION('',(0.,0.,1.));
#5758=DIRECTION('',(5.9211894646675E-16,1.,0.));
#5759=DIRECTION('',(0.,0.,1.));
#5760=DIRECTION('center_axis',(0.,-1.,0.));
#5761=DIRECTION('ref_axis',(0.,0.,-1.));
#5762=DIRECTION('',(1.,0.,0.));
#5763=DIRECTION('',(0.,0.,1.));
#5764=DIRECTION('',(1.,0.,0.));
#5765=DIRECTION('center_axis',(-1.,0.,0.));
#5766=DIRECTION('ref_axis',(0.,0.,1.));
#5767=DIRECTION('',(0.,-1.,0.));
#5768=DIRECTION('',(0.,0.,1.));
#5769=DIRECTION('',(0.,-1.,0.));
#5770=DIRECTION('center_axis',(0.,1.,0.));
#5771=DIRECTION('ref_axis',(0.,0.,1.));
#5772=DIRECTION('',(-1.,0.,0.));
#5773=DIRECTION('',(-1.,0.,0.));
#5774=DIRECTION('center_axis',(0.,0.,-1.));
#5775=DIRECTION('ref_axis',(-1.,0.,0.));
#5776=DIRECTION('center_axis',(0.,0.,-1.));
#5777=DIRECTION('ref_axis',(-1.,0.,0.));
#5778=DIRECTION('center_axis',(-1.,0.,0.));
#5779=DIRECTION('ref_axis',(0.,0.,1.));
#5780=DIRECTION('',(0.,-1.,0.));
#5781=DIRECTION('',(0.,0.,1.));
#5782=DIRECTION('',(0.,-1.,0.));
#5783=DIRECTION('',(0.,0.,1.));
#5784=DIRECTION('center_axis',(0.,1.,0.));
#5785=DIRECTION('ref_axis',(0.,0.,1.));
#5786=DIRECTION('',(-1.,0.,0.));
#5787=DIRECTION('',(0.,0.,1.));
#5788=DIRECTION('',(-1.,0.,0.));
#5789=DIRECTION('center_axis',(1.,4.62592926927149E-16,0.));
#5790=DIRECTION('ref_axis',(0.,0.,-1.));
#5791=DIRECTION('',(-5.9211894646675E-16,1.,0.));
#5792=DIRECTION('',(0.,0.,1.));
#5793=DIRECTION('',(-5.9211894646675E-16,1.,0.));
#5794=DIRECTION('center_axis',(0.,-1.,0.));
#5795=DIRECTION('ref_axis',(0.,0.,-1.));
#5796=DIRECTION('',(1.,0.,0.));
#5797=DIRECTION('',(1.,0.,0.));
#5798=DIRECTION('center_axis',(0.,0.,1.));
#5799=DIRECTION('ref_axis',(1.,0.,0.));
#5800=DIRECTION('center_axis',(0.,0.,1.));
#5801=DIRECTION('ref_axis',(1.,0.,0.));
#5802=DIRECTION('center_axis',(1.,0.,0.));
#5803=DIRECTION('ref_axis',(0.,0.,-1.));
#5804=DIRECTION('',(0.,1.,0.));
#5805=DIRECTION('',(0.,0.,1.));
#5806=DIRECTION('',(0.,1.,0.));
#5807=DIRECTION('',(0.,0.,1.));
#5808=DIRECTION('center_axis',(0.,-1.,0.));
#5809=DIRECTION('ref_axis',(0.,0.,-1.));
#5810=DIRECTION('',(1.,0.,0.));
#5811=DIRECTION('',(0.,0.,1.));
#5812=DIRECTION('',(1.,0.,0.));
#5813=DIRECTION('center_axis',(-1.,-9.25185853854297E-17,0.));
#5814=DIRECTION('ref_axis',(0.,0.,1.));
#5815=DIRECTION('',(1.1842378929335E-16,-1.,0.));
#5816=DIRECTION('',(0.,0.,1.));
#5817=DIRECTION('',(1.1842378929335E-16,-1.,0.));
#5818=DIRECTION('center_axis',(0.,1.,0.));
#5819=DIRECTION('ref_axis',(0.,0.,1.));
#5820=DIRECTION('',(-1.,0.,0.));
#5821=DIRECTION('',(-1.,0.,0.));
#5822=DIRECTION('center_axis',(0.,0.,-1.));
#5823=DIRECTION('ref_axis',(-1.,0.,0.));
#5824=DIRECTION('center_axis',(0.,0.,-1.));
#5825=DIRECTION('ref_axis',(-1.,0.,0.));
#5826=DIRECTION('center_axis',(1.,-9.25185853854297E-17,0.));
#5827=DIRECTION('ref_axis',(0.,0.,-1.));
#5828=DIRECTION('',(1.1842378929335E-16,1.,0.));
#5829=DIRECTION('',(0.,0.,1.));
#5830=DIRECTION('',(1.1842378929335E-16,1.,0.));
#5831=DIRECTION('',(0.,0.,1.));
#5832=DIRECTION('center_axis',(0.,-1.,0.));
#5833=DIRECTION('ref_axis',(0.,0.,-1.));
#5834=DIRECTION('',(1.,0.,0.));
#5835=DIRECTION('',(0.,0.,1.));
#5836=DIRECTION('',(1.,0.,0.));
#5837=DIRECTION('center_axis',(-1.,0.,0.));
#5838=DIRECTION('ref_axis',(0.,0.,1.));
#5839=DIRECTION('',(0.,-1.,0.));
#5840=DIRECTION('',(0.,0.,1.));
#5841=DIRECTION('',(0.,-1.,0.));
#5842=DIRECTION('center_axis',(0.,1.,0.));
#5843=DIRECTION('ref_axis',(0.,0.,1.));
#5844=DIRECTION('',(-1.,0.,0.));
#5845=DIRECTION('',(-1.,0.,0.));
#5846=DIRECTION('center_axis',(0.,0.,1.));
#5847=DIRECTION('ref_axis',(1.,0.,0.));
#5848=DIRECTION('center_axis',(0.,0.,1.));
#5849=DIRECTION('ref_axis',(1.,0.,0.));
#5850=DIRECTION('center_axis',(1.54074395550979E-33,-1.,0.));
#5851=DIRECTION('ref_axis',(-1.,-1.54074395550979E-33,3.81571782007752E-17));
#5852=DIRECTION('',(1.,1.54074395550979E-33,0.));
#5853=DIRECTION('',(0.,0.,-1.));
#5854=DIRECTION('',(-1.,-1.54074395550979E-33,0.));
#5855=DIRECTION('',(0.,0.,1.));
#5856=DIRECTION('center_axis',(1.54074395550979E-33,-1.,0.));
#5857=DIRECTION('ref_axis',(-1.,-1.54074395550979E-33,3.81571782007752E-17));
#5858=DIRECTION('',(0.,0.,-1.));
#5859=DIRECTION('',(-1.,-1.54074395550979E-33,0.));
#5860=DIRECTION('',(0.,0.,1.));
#5861=DIRECTION('',(1.,1.54074395550979E-33,0.));
#5862=DIRECTION('center_axis',(-1.,1.77920356510442E-16,0.));
#5863=DIRECTION('ref_axis',(0.,0.,1.));
#5864=DIRECTION('',(-2.06553120860494E-16,-1.,0.));
#5865=DIRECTION('',(0.,0.,-1.));
#5866=DIRECTION('',(-2.06553120860494E-16,-1.,0.));
#5867=DIRECTION('center_axis',(0.,0.,-1.));
#5868=DIRECTION('ref_axis',(-1.,0.,0.));
#5869=DIRECTION('',(-1.,-7.70371977754894E-34,0.));
#5870=DIRECTION('',(-2.06553120860494E-16,-1.,0.));
#5871=DIRECTION('',(-4.44089209850062E-15,-1.,0.));
#5872=DIRECTION('',(1.,-1.22226388032127E-16,0.));
#5873=DIRECTION('',(0.,-1.,0.));
#5874=DIRECTION('',(1.,2.46519032881566E-32,0.));
#5875=DIRECTION('',(-7.70371977754894E-31,1.,0.));
#5876=DIRECTION('',(1.,-1.22226388032127E-16,0.));
#5877=DIRECTION('',(-1.87317614268286E-16,-1.,0.));
#5878=DIRECTION('',(1.,2.46519032881566E-32,0.));
#5879=DIRECTION('',(-6.16297582203915E-31,1.,0.));
#5880=DIRECTION('',(1.,-1.22226388032127E-16,0.));
#5881=DIRECTION('',(2.22044604925031E-15,-1.,0.));
#5882=DIRECTION('center_axis',(-1.,5.20417042793042E-15,0.));
#5883=DIRECTION('ref_axis',(0.,0.,1.));
#5884=DIRECTION('',(-4.44089209850062E-15,-1.,0.));
#5885=DIRECTION('',(0.,0.,1.));
#5886=DIRECTION('center_axis',(-7.70371977754894E-34,1.,0.));
#5887=DIRECTION('ref_axis',(1.,7.70371977754894E-34,-1.8310964344504E-17));
#5888=DIRECTION('',(1.,7.70371977754894E-34,0.));
#5889=DIRECTION('',(0.,0.,1.));
#5890=DIRECTION('center_axis',(-1.,1.77920356510442E-16,0.));
#5891=DIRECTION('ref_axis',(0.,0.,1.));
#5892=DIRECTION('',(-2.06553120860494E-16,-1.,0.));
#5893=DIRECTION('center_axis',(0.,0.,-1.));
#5894=DIRECTION('ref_axis',(-1.,0.,0.));
#5895=DIRECTION('',(2.22044604925031E-15,-1.,0.));
#5896=DIRECTION('',(1.,-1.22226388032127E-16,0.));
#5897=DIRECTION('center_axis',(-1.,1.87317614268286E-16,5.55111512312578E-16));
#5898=DIRECTION('ref_axis',(1.87317614268286E-16,1.,0.));
#5899=DIRECTION('',(-5.55111512312578E-16,0.,-1.));
#5900=DIRECTION('',(1.87317614268286E-16,1.,0.));
#5901=DIRECTION('',(-5.55111512312578E-16,0.,-1.));
#5902=DIRECTION('center_axis',(2.46519032881566E-32,-1.,-1.3684555315672E-47));
#5903=DIRECTION('ref_axis',(-1.,-2.46519032881566E-32,6.27031816872878E-16));
#5904=DIRECTION('',(-1.,-2.46519032881566E-32,6.27031816872878E-16));
#5905=DIRECTION('',(-5.55111512312578E-16,0.,-1.));
#5906=DIRECTION('center_axis',(1.,6.16297582203915E-31,-5.55111512312578E-16));
#5907=DIRECTION('ref_axis',(0.,-1.,-1.11022302462516E-15));
#5908=DIRECTION('',(0.,-1.,-1.11022302462516E-15));
#5909=DIRECTION('',(-5.55111512312578E-16,0.,-1.));
#5910=DIRECTION('center_axis',(-5.55111512312578E-16,0.,-1.));
#5911=DIRECTION('ref_axis',(-1.,0.,5.55111512312578E-16));
#5912=DIRECTION('',(1.,0.,0.));
#5913=DIRECTION('center_axis',(-1.,0.,5.55111512312578E-16));
#5914=DIRECTION('ref_axis',(0.,1.,0.));
#5915=DIRECTION('',(-5.55111512312578E-16,0.,-1.));
#5916=DIRECTION('',(0.,1.,0.));
#5917=DIRECTION('',(-5.55111512312578E-16,0.,-1.));
#5918=DIRECTION('center_axis',(2.46519032881566E-32,-1.,-1.3684555315672E-47));
#5919=DIRECTION('ref_axis',(-1.,-2.46519032881566E-32,3.94101214257336E-16));
#5920=DIRECTION('',(-1.,-2.46519032881566E-32,3.94101214257336E-16));
#5921=DIRECTION('',(-5.55111512312578E-16,0.,-1.));
#5922=DIRECTION('center_axis',(1.,7.70371977754894E-31,-5.55111512312578E-16));
#5923=DIRECTION('ref_axis',(0.,-1.,-1.38777878078145E-15));
#5924=DIRECTION('',(0.,-1.,-1.38777878078145E-15));
#5925=DIRECTION('',(-5.55111512312578E-16,0.,-1.));
#5926=DIRECTION('center_axis',(-5.55111512312578E-16,0.,-1.));
#5927=DIRECTION('ref_axis',(-1.,0.,5.55111512312578E-16));
#5928=DIRECTION('',(1.,0.,0.));
#5929=DIRECTION('center_axis',(-1.14692461221607E-16,-1.,0.));
#5930=DIRECTION('ref_axis',(0.,0.,-1.));
#5931=DIRECTION('',(0.,0.,1.));
#5932=DIRECTION('center_axis',(-1.,-1.73472347597681E-15,0.));
#5933=DIRECTION('ref_axis',(0.,0.,1.));
#5934=DIRECTION('center_axis',(1.,0.,0.));
#5935=DIRECTION('ref_axis',(0.,0.,-1.));
#5936=DIRECTION('',(0.,0.,1.));
#5937=DIRECTION('',(0.,-1.,0.));
#5938=DIRECTION('',(0.,0.,1.));
#5939=DIRECTION('',(0.,1.,0.));
#5940=DIRECTION('center_axis',(0.,-1.,0.));
#5941=DIRECTION('ref_axis',(0.,0.,-1.));
#5942=DIRECTION('',(0.,0.,1.));
#5943=DIRECTION('',(-1.,0.,0.));
#5944=DIRECTION('',(1.,0.,0.));
#5945=DIRECTION('center_axis',(-1.,0.,0.));
#5946=DIRECTION('ref_axis',(0.,0.,1.));
#5947=DIRECTION('',(0.,0.,1.));
#5948=DIRECTION('',(0.,1.,0.));
#5949=DIRECTION('',(0.,-1.,0.));
#5950=DIRECTION('center_axis',(0.,1.,0.));
#5951=DIRECTION('ref_axis',(0.,0.,1.));
#5952=DIRECTION('',(1.,0.,0.));
#5953=DIRECTION('',(-1.,0.,0.));
#5954=DIRECTION('center_axis',(0.,0.,-1.));
#5955=DIRECTION('ref_axis',(-1.,0.,0.));
#5956=DIRECTION('',(0.,-1.,0.));
#5957=DIRECTION('',(-1.,0.,0.));
#5958=DIRECTION('',(0.,1.,0.));
#5959=DIRECTION('',(1.,0.,0.));
#5960=DIRECTION('',(0.,-1.,0.));
#5961=DIRECTION('',(1.,0.,0.));
#5962=DIRECTION('',(0.,1.,0.));
#5963=DIRECTION('',(-1.,0.,0.));
#5964=DIRECTION('',(0.,-1.,0.));
#5965=DIRECTION('',(1.,0.,0.));
#5966=DIRECTION('',(0.,1.,0.));
#5967=DIRECTION('',(-1.,0.,0.));
#5968=DIRECTION('',(0.,-1.,0.));
#5969=DIRECTION('',(1.,0.,0.));
#5970=DIRECTION('',(0.,1.,0.));
#5971=DIRECTION('',(-1.,0.,0.));
#5972=DIRECTION('',(0.,-1.,0.));
#5973=DIRECTION('',(1.,0.,0.));
#5974=DIRECTION('',(0.,1.,0.));
#5975=DIRECTION('',(-1.,0.,0.));
#5976=DIRECTION('',(0.,-1.,0.));
#5977=DIRECTION('',(1.,0.,0.));
#5978=DIRECTION('',(0.,1.,0.));
#5979=DIRECTION('',(-1.,0.,0.));
#5980=DIRECTION('',(0.,-1.,0.));
#5981=DIRECTION('',(1.,0.,0.));
#5982=DIRECTION('',(0.,1.,0.));
#5983=DIRECTION('',(-1.,0.,0.));
#5984=DIRECTION('',(0.,-1.,0.));
#5985=DIRECTION('',(1.,0.,0.));
#5986=DIRECTION('',(0.,1.,0.));
#5987=DIRECTION('',(-1.,0.,0.));
#5988=DIRECTION('',(0.,-1.,0.));
#5989=DIRECTION('',(1.,0.,0.));
#5990=DIRECTION('',(0.,1.,0.));
#5991=DIRECTION('',(-1.,0.,0.));
#5992=DIRECTION('',(0.,-1.,0.));
#5993=DIRECTION('',(1.,0.,0.));
#5994=DIRECTION('',(0.,1.,0.));
#5995=DIRECTION('',(-1.,0.,0.));
#5996=DIRECTION('',(0.,-1.,0.));
#5997=DIRECTION('',(1.,0.,0.));
#5998=DIRECTION('',(0.,1.,0.));
#5999=DIRECTION('',(-1.,0.,0.));
#6000=DIRECTION('',(0.,-1.,0.));
#6001=DIRECTION('',(1.,0.,0.));
#6002=DIRECTION('',(0.,1.,0.));
#6003=DIRECTION('',(-1.,0.,0.));
#6004=DIRECTION('',(0.,-1.,0.));
#6005=DIRECTION('',(1.,0.,0.));
#6006=DIRECTION('',(0.,1.,0.));
#6007=DIRECTION('',(-1.,0.,0.));
#6008=DIRECTION('',(0.,-1.,0.));
#6009=DIRECTION('',(1.,0.,0.));
#6010=DIRECTION('',(0.,1.,0.));
#6011=DIRECTION('',(-1.,0.,0.));
#6012=DIRECTION('',(-1.,0.,0.));
#6013=DIRECTION('',(0.,-1.,0.));
#6014=DIRECTION('',(1.,0.,0.));
#6015=DIRECTION('',(0.,1.,0.));
#6016=DIRECTION('',(-1.,0.,0.));
#6017=DIRECTION('',(0.,-1.,0.));
#6018=DIRECTION('',(1.,0.,0.));
#6019=DIRECTION('',(0.,1.,0.));
#6020=DIRECTION('',(-1.,0.,0.));
#6021=DIRECTION('',(0.,-1.,0.));
#6022=DIRECTION('',(1.,0.,0.));
#6023=DIRECTION('',(0.,1.,0.));
#6024=DIRECTION('',(-1.,0.,0.));
#6025=DIRECTION('',(0.,-1.,0.));
#6026=DIRECTION('',(1.,0.,0.));
#6027=DIRECTION('',(0.,1.,0.));
#6028=DIRECTION('',(-1.,0.,0.));
#6029=DIRECTION('',(0.,-1.,0.));
#6030=DIRECTION('',(1.,0.,0.));
#6031=DIRECTION('',(0.,1.,0.));
#6032=DIRECTION('',(-1.,0.,0.));
#6033=DIRECTION('',(0.,-1.,0.));
#6034=DIRECTION('',(1.,0.,0.));
#6035=DIRECTION('',(0.,1.,0.));
#6036=DIRECTION('',(-1.,0.,0.));
#6037=DIRECTION('',(0.,-1.,0.));
#6038=DIRECTION('',(1.,0.,0.));
#6039=DIRECTION('',(0.,1.,0.));
#6040=DIRECTION('',(-1.,0.,0.));
#6041=DIRECTION('',(0.,-1.,0.));
#6042=DIRECTION('',(1.,0.,0.));
#6043=DIRECTION('',(0.,1.,0.));
#6044=DIRECTION('',(-1.,0.,0.));
#6045=DIRECTION('',(0.,-1.,0.));
#6046=DIRECTION('',(1.,0.,0.));
#6047=DIRECTION('',(0.,1.,0.));
#6048=DIRECTION('',(-1.,0.,0.));
#6049=DIRECTION('',(0.,-1.,0.));
#6050=DIRECTION('',(1.,0.,0.));
#6051=DIRECTION('',(0.,1.,0.));
#6052=DIRECTION('',(-1.,0.,0.));
#6053=DIRECTION('',(0.,-1.,0.));
#6054=DIRECTION('',(1.,0.,0.));
#6055=DIRECTION('',(0.,1.,0.));
#6056=DIRECTION('',(-1.,0.,0.));
#6057=DIRECTION('',(0.,-1.,0.));
#6058=DIRECTION('',(1.,0.,0.));
#6059=DIRECTION('',(0.,1.,0.));
#6060=DIRECTION('',(-1.,0.,0.));
#6061=DIRECTION('',(0.,-1.,0.));
#6062=DIRECTION('',(1.,0.,0.));
#6063=DIRECTION('',(0.,1.,0.));
#6064=DIRECTION('center_axis',(0.,0.,-1.));
#6065=DIRECTION('ref_axis',(-1.,0.,0.));
#6066=DIRECTION('',(0.,-1.,0.));
#6067=DIRECTION('',(-1.,0.,0.));
#6068=DIRECTION('',(0.,1.,0.));
#6069=DIRECTION('',(1.,0.,0.));
#6070=DIRECTION('',(0.,-1.,0.));
#6071=DIRECTION('',(-1.,0.,0.));
#6072=DIRECTION('',(0.,1.,0.));
#6073=DIRECTION('',(1.,0.,0.));
#6074=DIRECTION('',(0.,-1.,0.));
#6075=DIRECTION('',(-1.,0.,0.));
#6076=DIRECTION('',(0.,1.,0.));
#6077=DIRECTION('',(1.,0.,0.));
#6078=DIRECTION('',(0.,-1.,0.));
#6079=DIRECTION('',(-1.,0.,0.));
#6080=DIRECTION('',(0.,1.,0.));
#6081=DIRECTION('',(1.,0.,0.));
#6082=DIRECTION('',(0.,-1.,0.));
#6083=DIRECTION('',(-1.,0.,0.));
#6084=DIRECTION('',(0.,1.,0.));
#6085=DIRECTION('',(1.,0.,0.));
#6086=DIRECTION('',(0.,-1.,0.));
#6087=DIRECTION('',(-1.,0.,0.));
#6088=DIRECTION('',(0.,1.,0.));
#6089=DIRECTION('',(1.,0.,0.));
#6090=DIRECTION('',(0.,-1.,0.));
#6091=DIRECTION('',(-1.,0.,0.));
#6092=DIRECTION('',(0.,1.,0.));
#6093=DIRECTION('',(1.,0.,0.));
#6094=DIRECTION('',(0.,-1.,0.));
#6095=DIRECTION('',(-1.,0.,0.));
#6096=DIRECTION('',(0.,1.,0.));
#6097=DIRECTION('',(1.,0.,0.));
#6098=DIRECTION('',(0.,-1.,0.));
#6099=DIRECTION('',(-1.,0.,0.));
#6100=DIRECTION('',(0.,1.,0.));
#6101=DIRECTION('',(1.,0.,0.));
#6102=DIRECTION('',(0.,-1.,0.));
#6103=DIRECTION('',(-1.,0.,0.));
#6104=DIRECTION('',(0.,1.,0.));
#6105=DIRECTION('',(1.,0.,0.));
#6106=DIRECTION('',(0.,-1.,0.));
#6107=DIRECTION('',(-1.,0.,0.));
#6108=DIRECTION('',(0.,1.,0.));
#6109=DIRECTION('',(1.,0.,0.));
#6110=DIRECTION('',(0.,-1.,0.));
#6111=DIRECTION('',(-1.,0.,0.));
#6112=DIRECTION('',(0.,1.,0.));
#6113=DIRECTION('',(1.,0.,0.));
#6114=DIRECTION('',(0.,-1.,0.));
#6115=DIRECTION('',(-1.,0.,0.));
#6116=DIRECTION('',(0.,1.,0.));
#6117=DIRECTION('',(1.,0.,0.));
#6118=DIRECTION('',(1.,0.,0.));
#6119=DIRECTION('',(0.,-1.,0.));
#6120=DIRECTION('',(-1.,0.,0.));
#6121=DIRECTION('',(0.,1.,0.));
#6122=DIRECTION('',(1.,0.,0.));
#6123=DIRECTION('',(0.,-1.,0.));
#6124=DIRECTION('',(-1.,0.,0.));
#6125=DIRECTION('',(0.,1.,0.));
#6126=DIRECTION('',(1.,0.,0.));
#6127=DIRECTION('',(0.,-1.,0.));
#6128=DIRECTION('',(-1.,0.,0.));
#6129=DIRECTION('',(0.,1.,0.));
#6130=DIRECTION('',(1.,0.,0.));
#6131=DIRECTION('',(0.,-1.,0.));
#6132=DIRECTION('',(-1.,0.,0.));
#6133=DIRECTION('',(0.,1.,0.));
#6134=DIRECTION('',(1.,0.,0.));
#6135=DIRECTION('',(0.,-1.,0.));
#6136=DIRECTION('',(-1.,0.,0.));
#6137=DIRECTION('',(0.,1.,0.));
#6138=DIRECTION('',(1.,0.,0.));
#6139=DIRECTION('',(0.,-1.,0.));
#6140=DIRECTION('',(-1.,0.,0.));
#6141=DIRECTION('',(0.,1.,0.));
#6142=DIRECTION('',(1.,0.,0.));
#6143=DIRECTION('',(0.,-1.,0.));
#6144=DIRECTION('',(-1.,0.,0.));
#6145=DIRECTION('',(0.,1.,0.));
#6146=DIRECTION('',(1.,0.,0.));
#6147=DIRECTION('',(0.,-1.,0.));
#6148=DIRECTION('',(-1.,0.,0.));
#6149=DIRECTION('',(0.,1.,0.));
#6150=DIRECTION('',(1.,0.,0.));
#6151=DIRECTION('',(0.,-1.,0.));
#6152=DIRECTION('',(-1.,0.,0.));
#6153=DIRECTION('',(0.,1.,0.));
#6154=DIRECTION('',(1.,0.,0.));
#6155=DIRECTION('',(0.,-1.,0.));
#6156=DIRECTION('',(-1.,0.,0.));
#6157=DIRECTION('',(0.,1.,0.));
#6158=DIRECTION('',(1.,0.,0.));
#6159=DIRECTION('',(0.,-1.,0.));
#6160=DIRECTION('',(-1.,0.,0.));
#6161=DIRECTION('',(0.,1.,0.));
#6162=DIRECTION('',(1.,0.,0.));
#6163=DIRECTION('',(0.,-1.,0.));
#6164=DIRECTION('',(-1.,0.,0.));
#6165=DIRECTION('',(0.,1.,0.));
#6166=DIRECTION('',(1.,0.,0.));
#6167=DIRECTION('',(0.,-1.,0.));
#6168=DIRECTION('',(-1.,0.,0.));
#6169=DIRECTION('',(0.,1.,0.));
#6170=DIRECTION('center_axis',(1.,0.,0.));
#6171=DIRECTION('ref_axis',(0.,0.,-1.));
#6172=DIRECTION('',(0.,0.,-1.));
#6173=DIRECTION('',(0.,-1.,0.));
#6174=DIRECTION('',(0.,0.,-1.));
#6175=DIRECTION('center_axis',(0.,1.,0.));
#6176=DIRECTION('ref_axis',(0.,0.,1.));
#6177=DIRECTION('',(0.,0.,-1.));
#6178=DIRECTION('',(1.,0.,0.));
#6179=DIRECTION('center_axis',(-1.,0.,0.));
#6180=DIRECTION('ref_axis',(0.,0.,1.));
#6181=DIRECTION('',(0.,0.,-1.));
#6182=DIRECTION('',(0.,1.,0.));
#6183=DIRECTION('center_axis',(0.,-1.,0.));
#6184=DIRECTION('ref_axis',(0.,0.,-1.));
#6185=DIRECTION('',(-1.,0.,0.));
#6186=DIRECTION('center_axis',(1.,0.,0.));
#6187=DIRECTION('ref_axis',(0.,0.,-1.));
#6188=DIRECTION('',(0.,0.,-1.));
#6189=DIRECTION('',(0.,-1.,0.));
#6190=DIRECTION('',(0.,0.,-1.));
#6191=DIRECTION('center_axis',(0.,1.,0.));
#6192=DIRECTION('ref_axis',(0.,0.,1.));
#6193=DIRECTION('',(0.,0.,-1.));
#6194=DIRECTION('',(1.,0.,0.));
#6195=DIRECTION('center_axis',(-1.,0.,0.));
#6196=DIRECTION('ref_axis',(0.,0.,1.));
#6197=DIRECTION('',(0.,0.,-1.));
#6198=DIRECTION('',(0.,1.,0.));
#6199=DIRECTION('center_axis',(0.,-1.,0.));
#6200=DIRECTION('ref_axis',(0.,0.,-1.));
#6201=DIRECTION('',(-1.,0.,0.));
#6202=DIRECTION('center_axis',(1.,0.,0.));
#6203=DIRECTION('ref_axis',(0.,0.,-1.));
#6204=DIRECTION('',(0.,0.,-1.));
#6205=DIRECTION('',(0.,-1.,0.));
#6206=DIRECTION('',(0.,0.,-1.));
#6207=DIRECTION('center_axis',(0.,1.,0.));
#6208=DIRECTION('ref_axis',(0.,0.,1.));
#6209=DIRECTION('',(0.,0.,-1.));
#6210=DIRECTION('',(1.,0.,0.));
#6211=DIRECTION('center_axis',(-1.,0.,0.));
#6212=DIRECTION('ref_axis',(0.,0.,1.));
#6213=DIRECTION('',(0.,0.,-1.));
#6214=DIRECTION('',(0.,1.,0.));
#6215=DIRECTION('center_axis',(0.,-1.,0.));
#6216=DIRECTION('ref_axis',(0.,0.,-1.));
#6217=DIRECTION('',(-1.,0.,0.));
#6218=DIRECTION('center_axis',(1.,0.,0.));
#6219=DIRECTION('ref_axis',(0.,0.,-1.));
#6220=DIRECTION('',(0.,0.,-1.));
#6221=DIRECTION('',(0.,-1.,0.));
#6222=DIRECTION('',(0.,0.,-1.));
#6223=DIRECTION('center_axis',(0.,1.,0.));
#6224=DIRECTION('ref_axis',(0.,0.,1.));
#6225=DIRECTION('',(0.,0.,-1.));
#6226=DIRECTION('',(1.,0.,0.));
#6227=DIRECTION('center_axis',(-1.,0.,0.));
#6228=DIRECTION('ref_axis',(0.,0.,1.));
#6229=DIRECTION('',(0.,0.,-1.));
#6230=DIRECTION('',(0.,1.,0.));
#6231=DIRECTION('center_axis',(0.,-1.,0.));
#6232=DIRECTION('ref_axis',(0.,0.,-1.));
#6233=DIRECTION('',(-1.,0.,0.));
#6234=DIRECTION('center_axis',(1.,0.,0.));
#6235=DIRECTION('ref_axis',(0.,0.,-1.));
#6236=DIRECTION('',(0.,0.,-1.));
#6237=DIRECTION('',(0.,-1.,0.));
#6238=DIRECTION('',(0.,0.,-1.));
#6239=DIRECTION('center_axis',(0.,1.,0.));
#6240=DIRECTION('ref_axis',(0.,0.,1.));
#6241=DIRECTION('',(0.,0.,-1.));
#6242=DIRECTION('',(1.,0.,0.));
#6243=DIRECTION('center_axis',(-1.,0.,0.));
#6244=DIRECTION('ref_axis',(0.,0.,1.));
#6245=DIRECTION('',(0.,0.,-1.));
#6246=DIRECTION('',(0.,1.,0.));
#6247=DIRECTION('center_axis',(0.,-1.,0.));
#6248=DIRECTION('ref_axis',(0.,0.,-1.));
#6249=DIRECTION('',(-1.,0.,0.));
#6250=DIRECTION('center_axis',(1.,0.,0.));
#6251=DIRECTION('ref_axis',(0.,0.,-1.));
#6252=DIRECTION('',(0.,0.,-1.));
#6253=DIRECTION('',(0.,-1.,0.));
#6254=DIRECTION('',(0.,0.,-1.));
#6255=DIRECTION('center_axis',(0.,1.,0.));
#6256=DIRECTION('ref_axis',(0.,0.,1.));
#6257=DIRECTION('',(0.,0.,-1.));
#6258=DIRECTION('',(1.,0.,0.));
#6259=DIRECTION('center_axis',(-1.,0.,0.));
#6260=DIRECTION('ref_axis',(0.,0.,1.));
#6261=DIRECTION('',(0.,0.,-1.));
#6262=DIRECTION('',(0.,1.,0.));
#6263=DIRECTION('center_axis',(0.,-1.,0.));
#6264=DIRECTION('ref_axis',(0.,0.,-1.));
#6265=DIRECTION('',(-1.,0.,0.));
#6266=DIRECTION('center_axis',(1.,0.,0.));
#6267=DIRECTION('ref_axis',(0.,0.,-1.));
#6268=DIRECTION('',(0.,0.,-1.));
#6269=DIRECTION('',(0.,-1.,0.));
#6270=DIRECTION('',(0.,0.,-1.));
#6271=DIRECTION('center_axis',(0.,1.,0.));
#6272=DIRECTION('ref_axis',(0.,0.,1.));
#6273=DIRECTION('',(0.,0.,-1.));
#6274=DIRECTION('',(1.,0.,0.));
#6275=DIRECTION('center_axis',(-1.,0.,0.));
#6276=DIRECTION('ref_axis',(0.,0.,1.));
#6277=DIRECTION('',(0.,0.,-1.));
#6278=DIRECTION('',(0.,1.,0.));
#6279=DIRECTION('center_axis',(0.,-1.,0.));
#6280=DIRECTION('ref_axis',(0.,0.,-1.));
#6281=DIRECTION('',(-1.,0.,0.));
#6282=DIRECTION('center_axis',(1.,0.,0.));
#6283=DIRECTION('ref_axis',(0.,0.,-1.));
#6284=DIRECTION('',(0.,0.,-1.));
#6285=DIRECTION('',(0.,-1.,0.));
#6286=DIRECTION('',(0.,0.,-1.));
#6287=DIRECTION('center_axis',(0.,1.,0.));
#6288=DIRECTION('ref_axis',(0.,0.,1.));
#6289=DIRECTION('',(0.,0.,-1.));
#6290=DIRECTION('',(1.,0.,0.));
#6291=DIRECTION('center_axis',(-1.,0.,0.));
#6292=DIRECTION('ref_axis',(0.,0.,1.));
#6293=DIRECTION('',(0.,0.,-1.));
#6294=DIRECTION('',(0.,1.,0.));
#6295=DIRECTION('center_axis',(0.,-1.,0.));
#6296=DIRECTION('ref_axis',(0.,0.,-1.));
#6297=DIRECTION('',(-1.,0.,0.));
#6298=DIRECTION('center_axis',(1.,0.,0.));
#6299=DIRECTION('ref_axis',(0.,0.,-1.));
#6300=DIRECTION('',(0.,0.,-1.));
#6301=DIRECTION('',(0.,-1.,0.));
#6302=DIRECTION('',(0.,0.,-1.));
#6303=DIRECTION('center_axis',(0.,1.,0.));
#6304=DIRECTION('ref_axis',(0.,0.,1.));
#6305=DIRECTION('',(0.,0.,-1.));
#6306=DIRECTION('',(1.,0.,0.));
#6307=DIRECTION('center_axis',(-1.,0.,0.));
#6308=DIRECTION('ref_axis',(0.,0.,1.));
#6309=DIRECTION('',(0.,0.,-1.));
#6310=DIRECTION('',(0.,1.,0.));
#6311=DIRECTION('center_axis',(0.,-1.,0.));
#6312=DIRECTION('ref_axis',(0.,0.,-1.));
#6313=DIRECTION('',(-1.,0.,0.));
#6314=DIRECTION('center_axis',(1.,0.,0.));
#6315=DIRECTION('ref_axis',(0.,0.,-1.));
#6316=DIRECTION('',(0.,0.,-1.));
#6317=DIRECTION('',(0.,-1.,0.));
#6318=DIRECTION('',(0.,0.,-1.));
#6319=DIRECTION('center_axis',(0.,1.,0.));
#6320=DIRECTION('ref_axis',(0.,0.,1.));
#6321=DIRECTION('',(0.,0.,-1.));
#6322=DIRECTION('',(1.,0.,0.));
#6323=DIRECTION('center_axis',(-1.,0.,0.));
#6324=DIRECTION('ref_axis',(0.,0.,1.));
#6325=DIRECTION('',(0.,0.,-1.));
#6326=DIRECTION('',(0.,1.,0.));
#6327=DIRECTION('center_axis',(0.,-1.,0.));
#6328=DIRECTION('ref_axis',(0.,0.,-1.));
#6329=DIRECTION('',(-1.,0.,0.));
#6330=DIRECTION('center_axis',(1.,0.,0.));
#6331=DIRECTION('ref_axis',(0.,0.,-1.));
#6332=DIRECTION('',(0.,0.,-1.));
#6333=DIRECTION('',(0.,-1.,0.));
#6334=DIRECTION('',(0.,0.,-1.));
#6335=DIRECTION('center_axis',(0.,1.,0.));
#6336=DIRECTION('ref_axis',(0.,0.,1.));
#6337=DIRECTION('',(0.,0.,-1.));
#6338=DIRECTION('',(1.,0.,0.));
#6339=DIRECTION('center_axis',(-1.,0.,0.));
#6340=DIRECTION('ref_axis',(0.,0.,1.));
#6341=DIRECTION('',(0.,0.,-1.));
#6342=DIRECTION('',(0.,1.,0.));
#6343=DIRECTION('center_axis',(0.,-1.,0.));
#6344=DIRECTION('ref_axis',(0.,0.,-1.));
#6345=DIRECTION('',(-1.,0.,0.));
#6346=DIRECTION('center_axis',(1.,0.,0.));
#6347=DIRECTION('ref_axis',(0.,0.,-1.));
#6348=DIRECTION('',(0.,0.,-1.));
#6349=DIRECTION('',(0.,-1.,0.));
#6350=DIRECTION('',(0.,0.,-1.));
#6351=DIRECTION('center_axis',(0.,1.,0.));
#6352=DIRECTION('ref_axis',(0.,0.,1.));
#6353=DIRECTION('',(0.,0.,-1.));
#6354=DIRECTION('',(1.,0.,0.));
#6355=DIRECTION('center_axis',(-1.,0.,0.));
#6356=DIRECTION('ref_axis',(0.,0.,1.));
#6357=DIRECTION('',(0.,0.,-1.));
#6358=DIRECTION('',(0.,1.,0.));
#6359=DIRECTION('center_axis',(0.,-1.,0.));
#6360=DIRECTION('ref_axis',(0.,0.,-1.));
#6361=DIRECTION('',(-1.,0.,0.));
#6362=DIRECTION('center_axis',(1.,0.,0.));
#6363=DIRECTION('ref_axis',(0.,0.,-1.));
#6364=DIRECTION('',(0.,0.,-1.));
#6365=DIRECTION('',(0.,-1.,0.));
#6366=DIRECTION('',(0.,0.,-1.));
#6367=DIRECTION('center_axis',(0.,1.,0.));
#6368=DIRECTION('ref_axis',(0.,0.,1.));
#6369=DIRECTION('',(0.,0.,-1.));
#6370=DIRECTION('',(1.,0.,0.));
#6371=DIRECTION('center_axis',(-1.,0.,0.));
#6372=DIRECTION('ref_axis',(0.,0.,1.));
#6373=DIRECTION('',(0.,0.,-1.));
#6374=DIRECTION('',(0.,1.,0.));
#6375=DIRECTION('center_axis',(0.,-1.,0.));
#6376=DIRECTION('ref_axis',(0.,0.,-1.));
#6377=DIRECTION('',(-1.,0.,0.));
#6378=DIRECTION('center_axis',(0.,-1.,0.));
#6379=DIRECTION('ref_axis',(0.,0.,-1.));
#6380=DIRECTION('',(0.,0.,-1.));
#6381=DIRECTION('',(-1.,0.,0.));
#6382=DIRECTION('',(0.,0.,-1.));
#6383=DIRECTION('center_axis',(1.,0.,0.));
#6384=DIRECTION('ref_axis',(0.,0.,-1.));
#6385=DIRECTION('',(0.,0.,-1.));
#6386=DIRECTION('',(0.,-1.,0.));
#6387=DIRECTION('center_axis',(0.,1.,0.));
#6388=DIRECTION('ref_axis',(0.,0.,1.));
#6389=DIRECTION('',(0.,0.,-1.));
#6390=DIRECTION('',(1.,0.,0.));
#6391=DIRECTION('center_axis',(-1.,0.,0.));
#6392=DIRECTION('ref_axis',(0.,0.,1.));
#6393=DIRECTION('',(0.,1.,0.));
#6394=DIRECTION('center_axis',(0.,-1.,0.));
#6395=DIRECTION('ref_axis',(0.,0.,-1.));
#6396=DIRECTION('',(0.,0.,-1.));
#6397=DIRECTION('',(-1.,0.,0.));
#6398=DIRECTION('',(0.,0.,-1.));
#6399=DIRECTION('center_axis',(1.,0.,0.));
#6400=DIRECTION('ref_axis',(0.,0.,-1.));
#6401=DIRECTION('',(0.,0.,-1.));
#6402=DIRECTION('',(0.,-1.,0.));
#6403=DIRECTION('center_axis',(0.,1.,0.));
#6404=DIRECTION('ref_axis',(0.,0.,1.));
#6405=DIRECTION('',(0.,0.,-1.));
#6406=DIRECTION('',(1.,0.,0.));
#6407=DIRECTION('center_axis',(-1.,0.,0.));
#6408=DIRECTION('ref_axis',(0.,0.,1.));
#6409=DIRECTION('',(0.,1.,0.));
#6410=DIRECTION('center_axis',(0.,-1.,0.));
#6411=DIRECTION('ref_axis',(0.,0.,-1.));
#6412=DIRECTION('',(0.,0.,-1.));
#6413=DIRECTION('',(-1.,0.,0.));
#6414=DIRECTION('',(0.,0.,-1.));
#6415=DIRECTION('center_axis',(1.,0.,0.));
#6416=DIRECTION('ref_axis',(0.,0.,-1.));
#6417=DIRECTION('',(0.,0.,-1.));
#6418=DIRECTION('',(0.,-1.,0.));
#6419=DIRECTION('center_axis',(0.,1.,0.));
#6420=DIRECTION('ref_axis',(0.,0.,1.));
#6421=DIRECTION('',(0.,0.,-1.));
#6422=DIRECTION('',(1.,0.,0.));
#6423=DIRECTION('center_axis',(-1.,0.,0.));
#6424=DIRECTION('ref_axis',(0.,0.,1.));
#6425=DIRECTION('',(0.,1.,0.));
#6426=DIRECTION('center_axis',(0.,-1.,0.));
#6427=DIRECTION('ref_axis',(0.,0.,-1.));
#6428=DIRECTION('',(0.,0.,-1.));
#6429=DIRECTION('',(-1.,0.,0.));
#6430=DIRECTION('',(0.,0.,-1.));
#6431=DIRECTION('center_axis',(1.,0.,0.));
#6432=DIRECTION('ref_axis',(0.,0.,-1.));
#6433=DIRECTION('',(0.,0.,-1.));
#6434=DIRECTION('',(0.,-1.,0.));
#6435=DIRECTION('center_axis',(0.,1.,0.));
#6436=DIRECTION('ref_axis',(0.,0.,1.));
#6437=DIRECTION('',(0.,0.,-1.));
#6438=DIRECTION('',(1.,0.,0.));
#6439=DIRECTION('center_axis',(-1.,0.,0.));
#6440=DIRECTION('ref_axis',(0.,0.,1.));
#6441=DIRECTION('',(0.,1.,0.));
#6442=DIRECTION('center_axis',(0.,-1.,0.));
#6443=DIRECTION('ref_axis',(0.,0.,-1.));
#6444=DIRECTION('',(0.,0.,-1.));
#6445=DIRECTION('',(-1.,0.,0.));
#6446=DIRECTION('',(0.,0.,-1.));
#6447=DIRECTION('center_axis',(1.,0.,0.));
#6448=DIRECTION('ref_axis',(0.,0.,-1.));
#6449=DIRECTION('',(0.,0.,-1.));
#6450=DIRECTION('',(0.,-1.,0.));
#6451=DIRECTION('center_axis',(0.,1.,0.));
#6452=DIRECTION('ref_axis',(0.,0.,1.));
#6453=DIRECTION('',(0.,0.,-1.));
#6454=DIRECTION('',(1.,0.,0.));
#6455=DIRECTION('center_axis',(-1.,0.,0.));
#6456=DIRECTION('ref_axis',(0.,0.,1.));
#6457=DIRECTION('',(0.,1.,0.));
#6458=DIRECTION('center_axis',(0.,-1.,0.));
#6459=DIRECTION('ref_axis',(0.,0.,-1.));
#6460=DIRECTION('',(0.,0.,-1.));
#6461=DIRECTION('',(-1.,0.,0.));
#6462=DIRECTION('',(0.,0.,-1.));
#6463=DIRECTION('center_axis',(1.,0.,0.));
#6464=DIRECTION('ref_axis',(0.,0.,-1.));
#6465=DIRECTION('',(0.,0.,-1.));
#6466=DIRECTION('',(0.,-1.,0.));
#6467=DIRECTION('center_axis',(0.,1.,0.));
#6468=DIRECTION('ref_axis',(0.,0.,1.));
#6469=DIRECTION('',(0.,0.,-1.));
#6470=DIRECTION('',(1.,0.,0.));
#6471=DIRECTION('center_axis',(-1.,0.,0.));
#6472=DIRECTION('ref_axis',(0.,0.,1.));
#6473=DIRECTION('',(0.,1.,0.));
#6474=DIRECTION('center_axis',(0.,-1.,0.));
#6475=DIRECTION('ref_axis',(0.,0.,-1.));
#6476=DIRECTION('',(0.,0.,-1.));
#6477=DIRECTION('',(-1.,0.,0.));
#6478=DIRECTION('',(0.,0.,-1.));
#6479=DIRECTION('center_axis',(1.,0.,0.));
#6480=DIRECTION('ref_axis',(0.,0.,-1.));
#6481=DIRECTION('',(0.,0.,-1.));
#6482=DIRECTION('',(0.,-1.,0.));
#6483=DIRECTION('center_axis',(0.,1.,0.));
#6484=DIRECTION('ref_axis',(0.,0.,1.));
#6485=DIRECTION('',(0.,0.,-1.));
#6486=DIRECTION('',(1.,0.,0.));
#6487=DIRECTION('center_axis',(-1.,0.,0.));
#6488=DIRECTION('ref_axis',(0.,0.,1.));
#6489=DIRECTION('',(0.,1.,0.));
#6490=DIRECTION('center_axis',(0.,-1.,0.));
#6491=DIRECTION('ref_axis',(0.,0.,-1.));
#6492=DIRECTION('',(0.,0.,-1.));
#6493=DIRECTION('',(-1.,0.,0.));
#6494=DIRECTION('',(0.,0.,-1.));
#6495=DIRECTION('center_axis',(1.,0.,0.));
#6496=DIRECTION('ref_axis',(0.,0.,-1.));
#6497=DIRECTION('',(0.,0.,-1.));
#6498=DIRECTION('',(0.,-1.,0.));
#6499=DIRECTION('center_axis',(0.,1.,0.));
#6500=DIRECTION('ref_axis',(0.,0.,1.));
#6501=DIRECTION('',(0.,0.,-1.));
#6502=DIRECTION('',(1.,0.,0.));
#6503=DIRECTION('center_axis',(-1.,0.,0.));
#6504=DIRECTION('ref_axis',(0.,0.,1.));
#6505=DIRECTION('',(0.,1.,0.));
#6506=DIRECTION('center_axis',(0.,-1.,0.));
#6507=DIRECTION('ref_axis',(0.,0.,-1.));
#6508=DIRECTION('',(0.,0.,-1.));
#6509=DIRECTION('',(-1.,0.,0.));
#6510=DIRECTION('',(0.,0.,-1.));
#6511=DIRECTION('center_axis',(1.,0.,0.));
#6512=DIRECTION('ref_axis',(0.,0.,-1.));
#6513=DIRECTION('',(0.,0.,-1.));
#6514=DIRECTION('',(0.,-1.,0.));
#6515=DIRECTION('center_axis',(0.,1.,0.));
#6516=DIRECTION('ref_axis',(0.,0.,1.));
#6517=DIRECTION('',(0.,0.,-1.));
#6518=DIRECTION('',(1.,0.,0.));
#6519=DIRECTION('center_axis',(-1.,0.,0.));
#6520=DIRECTION('ref_axis',(0.,0.,1.));
#6521=DIRECTION('',(0.,1.,0.));
#6522=DIRECTION('center_axis',(0.,-1.,0.));
#6523=DIRECTION('ref_axis',(0.,0.,-1.));
#6524=DIRECTION('',(0.,0.,-1.));
#6525=DIRECTION('',(-1.,0.,0.));
#6526=DIRECTION('',(0.,0.,-1.));
#6527=DIRECTION('center_axis',(1.,0.,0.));
#6528=DIRECTION('ref_axis',(0.,0.,-1.));
#6529=DIRECTION('',(0.,0.,-1.));
#6530=DIRECTION('',(0.,-1.,0.));
#6531=DIRECTION('center_axis',(0.,1.,0.));
#6532=DIRECTION('ref_axis',(0.,0.,1.));
#6533=DIRECTION('',(0.,0.,-1.));
#6534=DIRECTION('',(1.,0.,0.));
#6535=DIRECTION('center_axis',(-1.,0.,0.));
#6536=DIRECTION('ref_axis',(0.,0.,1.));
#6537=DIRECTION('',(0.,1.,0.));
#6538=DIRECTION('center_axis',(0.,-1.,0.));
#6539=DIRECTION('ref_axis',(0.,0.,-1.));
#6540=DIRECTION('',(0.,0.,-1.));
#6541=DIRECTION('',(-1.,0.,0.));
#6542=DIRECTION('',(0.,0.,-1.));
#6543=DIRECTION('center_axis',(1.,0.,0.));
#6544=DIRECTION('ref_axis',(0.,0.,-1.));
#6545=DIRECTION('',(0.,0.,-1.));
#6546=DIRECTION('',(0.,-1.,0.));
#6547=DIRECTION('center_axis',(0.,1.,0.));
#6548=DIRECTION('ref_axis',(0.,0.,1.));
#6549=DIRECTION('',(0.,0.,-1.));
#6550=DIRECTION('',(1.,0.,0.));
#6551=DIRECTION('center_axis',(-1.,0.,0.));
#6552=DIRECTION('ref_axis',(0.,0.,1.));
#6553=DIRECTION('',(0.,1.,0.));
#6554=DIRECTION('center_axis',(0.,-1.,0.));
#6555=DIRECTION('ref_axis',(0.,0.,-1.));
#6556=DIRECTION('',(0.,0.,-1.));
#6557=DIRECTION('',(-1.,0.,0.));
#6558=DIRECTION('',(0.,0.,-1.));
#6559=DIRECTION('center_axis',(1.,0.,0.));
#6560=DIRECTION('ref_axis',(0.,0.,-1.));
#6561=DIRECTION('',(0.,0.,-1.));
#6562=DIRECTION('',(0.,-1.,0.));
#6563=DIRECTION('center_axis',(0.,1.,0.));
#6564=DIRECTION('ref_axis',(0.,0.,1.));
#6565=DIRECTION('',(0.,0.,-1.));
#6566=DIRECTION('',(1.,0.,0.));
#6567=DIRECTION('center_axis',(-1.,0.,0.));
#6568=DIRECTION('ref_axis',(0.,0.,1.));
#6569=DIRECTION('',(0.,1.,0.));
#6570=DIRECTION('center_axis',(0.,-1.,0.));
#6571=DIRECTION('ref_axis',(0.,0.,-1.));
#6572=DIRECTION('',(0.,0.,-1.));
#6573=DIRECTION('',(-1.,0.,0.));
#6574=DIRECTION('',(0.,0.,-1.));
#6575=DIRECTION('center_axis',(1.,0.,0.));
#6576=DIRECTION('ref_axis',(0.,0.,-1.));
#6577=DIRECTION('',(0.,0.,-1.));
#6578=DIRECTION('',(0.,-1.,0.));
#6579=DIRECTION('center_axis',(0.,1.,0.));
#6580=DIRECTION('ref_axis',(0.,0.,1.));
#6581=DIRECTION('',(0.,0.,-1.));
#6582=DIRECTION('',(1.,0.,0.));
#6583=DIRECTION('center_axis',(-1.,0.,0.));
#6584=DIRECTION('ref_axis',(0.,0.,1.));
#6585=DIRECTION('',(0.,1.,0.));
#6586=DIRECTION('center_axis',(0.,0.707106781186548,-0.707106781186548));
#6587=DIRECTION('ref_axis',(-1.,0.,0.));
#6588=DIRECTION('',(0.577350269189624,-0.577350269189629,-0.577350269189624));
#6589=DIRECTION('',(-0.577350269189626,-0.577350269189626,-0.577350269189626));
#6590=DIRECTION('center_axis',(0.707106781186548,0.,-0.707106781186548));
#6591=DIRECTION('ref_axis',(-0.707106781186548,0.,-0.707106781186548));
#6592=DIRECTION('',(-0.577350269189624,0.577350269189624,-0.577350269189629));
#6593=DIRECTION('center_axis',(-0.707106781186548,0.,-0.707106781186548));
#6594=DIRECTION('ref_axis',(-0.707106781186548,0.,0.707106781186548));
#6595=DIRECTION('',(-0.577350269189624,-0.577350269189624,0.577350269189629));
#6596=DIRECTION('center_axis',(0.,-0.707106781186548,-0.707106781186548));
#6597=DIRECTION('ref_axis',(-1.,0.,0.));
#6598=DIRECTION('center_axis',(0.,-0.707106781186548,-0.707106781186548));
#6599=DIRECTION('ref_axis',(-1.,0.,0.));
#6600=DIRECTION('',(-0.577350269189629,0.577350269189624,-0.577350269189624));
#6601=DIRECTION('',(0.577350269189626,0.577350269189622,-0.57735026918963));
#6602=DIRECTION('center_axis',(-0.707106781186548,0.,-0.707106781186548));
#6603=DIRECTION('ref_axis',(-0.707106781186548,0.,0.707106781186548));
#6604=DIRECTION('',(-0.577350269189624,0.577350269189624,0.577350269189629));
#6605=DIRECTION('center_axis',(0.707106781186548,0.,-0.707106781186548));
#6606=DIRECTION('ref_axis',(-0.707106781186548,0.,-0.707106781186548));
#6607=DIRECTION('',(-0.57735026918963,-0.577350269189626,-0.577350269189622));
#6608=DIRECTION('center_axis',(0.,0.707106781186548,-0.707106781186548));
#6609=DIRECTION('ref_axis',(-1.,0.,0.));
#6610=DIRECTION('center_axis',(0.,-0.707106781186552,-0.707106781186544));
#6611=DIRECTION('ref_axis',(-1.,0.,0.));
#6612=DIRECTION('',(-0.577350269189623,0.577350269189623,-0.577350269189632));
#6613=DIRECTION('',(0.577350269189623,0.577350269189623,-0.577350269189632));
#6614=DIRECTION('center_axis',(-0.707106781186552,0.,-0.707106781186544));
#6615=DIRECTION('ref_axis',(-0.707106781186544,0.,0.707106781186552));
#6616=DIRECTION('',(-0.577350269189623,0.577350269189623,0.577350269189632));
#6617=DIRECTION('center_axis',(0.707106781186552,0.,-0.707106781186544));
#6618=DIRECTION('ref_axis',(-0.707106781186544,0.,-0.707106781186552));
#6619=DIRECTION('',(-0.577350269189624,-0.577350269189624,-0.577350269189629));
#6620=DIRECTION('center_axis',(0.,0.707106781186552,-0.707106781186544));
#6621=DIRECTION('ref_axis',(-1.,0.,0.));
#6622=DIRECTION('center_axis',(0.,-0.707106781186552,-0.707106781186544));
#6623=DIRECTION('ref_axis',(-1.,0.,0.));
#6624=DIRECTION('',(-0.577350269189623,0.577350269189623,-0.577350269189632));
#6625=DIRECTION('',(0.577350269189623,0.577350269189623,-0.577350269189632));
#6626=DIRECTION('center_axis',(-0.707106781186552,0.,-0.707106781186544));
#6627=DIRECTION('ref_axis',(-0.707106781186544,0.,0.707106781186552));
#6628=DIRECTION('',(-0.577350269189623,0.577350269189623,0.577350269189632));
#6629=DIRECTION('center_axis',(0.707106781186552,0.,-0.707106781186544));
#6630=DIRECTION('ref_axis',(-0.707106781186544,0.,-0.707106781186552));
#6631=DIRECTION('',(-0.577350269189623,-0.577350269189625,-0.577350269189629));
#6632=DIRECTION('center_axis',(0.,0.707106781186552,-0.707106781186544));
#6633=DIRECTION('ref_axis',(-1.,0.,0.));
#6634=DIRECTION('center_axis',(0.,-0.707106781186548,-0.707106781186548));
#6635=DIRECTION('ref_axis',(-1.,0.,0.));
#6636=DIRECTION('',(-0.577350269189627,0.577350269189625,-0.577350269189625));
#6637=DIRECTION('',(0.577350269189629,0.577350269189624,-0.577350269189624));
#6638=DIRECTION('center_axis',(-0.707106781186548,0.,-0.707106781186548));
#6639=DIRECTION('ref_axis',(-0.707106781186548,0.,0.707106781186548));
#6640=DIRECTION('',(-0.577350269189627,0.577350269189627,0.577350269189623));
#6641=DIRECTION('center_axis',(0.707106781186548,0.,-0.707106781186548));
#6642=DIRECTION('ref_axis',(-0.707106781186548,0.,-0.707106781186548));
#6643=DIRECTION('',(-0.577350269189629,-0.577350269189627,-0.577350269189622));
#6644=DIRECTION('center_axis',(0.,0.707106781186548,-0.707106781186548));
#6645=DIRECTION('ref_axis',(-1.,0.,0.));
#6646=DIRECTION('center_axis',(0.,-0.707106781186552,-0.707106781186544));
#6647=DIRECTION('ref_axis',(-1.,0.,0.));
#6648=DIRECTION('',(-0.577350269189623,0.577350269189623,-0.577350269189632));
#6649=DIRECTION('',(0.577350269189623,0.577350269189623,-0.577350269189632));
#6650=DIRECTION('center_axis',(-0.707106781186552,0.,-0.707106781186544));
#6651=DIRECTION('ref_axis',(-0.707106781186544,0.,0.707106781186552));
#6652=DIRECTION('',(-0.577350269189623,0.577350269189623,0.577350269189632));
#6653=DIRECTION('center_axis',(0.707106781186552,0.,-0.707106781186544));
#6654=DIRECTION('ref_axis',(-0.707106781186544,0.,-0.707106781186552));
#6655=DIRECTION('',(-0.577350269189624,-0.577350269189624,-0.577350269189629));
#6656=DIRECTION('center_axis',(0.,0.707106781186552,-0.707106781186544));
#6657=DIRECTION('ref_axis',(-1.,0.,0.));
#6658=DIRECTION('center_axis',(0.,-0.707106781186552,-0.707106781186544));
#6659=DIRECTION('ref_axis',(-1.,0.,0.));
#6660=DIRECTION('',(-0.577350269189624,0.577350269189623,-0.577350269189631));
#6661=DIRECTION('',(0.577350269189624,0.577350269189623,-0.577350269189631));
#6662=DIRECTION('center_axis',(-0.707106781186552,0.,-0.707106781186544));
#6663=DIRECTION('ref_axis',(-0.707106781186544,0.,0.707106781186552));
#6664=DIRECTION('',(-0.577350269189624,0.577350269189623,0.577350269189631));
#6665=DIRECTION('center_axis',(0.707106781186552,0.,-0.707106781186544));
#6666=DIRECTION('ref_axis',(-0.707106781186544,0.,-0.707106781186552));
#6667=DIRECTION('',(-0.577350269189625,-0.577350269189624,-0.577350269189628));
#6668=DIRECTION('center_axis',(0.,0.707106781186552,-0.707106781186544));
#6669=DIRECTION('ref_axis',(-1.,0.,0.));
#6670=DIRECTION('center_axis',(0.,-0.707106781186548,-0.707106781186548));
#6671=DIRECTION('ref_axis',(-1.,0.,0.));
#6672=DIRECTION('',(-0.577350269189627,0.577350269189623,-0.577350269189627));
#6673=DIRECTION('',(0.577350269189626,0.577350269189626,-0.577350269189626));
#6674=DIRECTION('center_axis',(-0.707106781186548,0.,-0.707106781186548));
#6675=DIRECTION('ref_axis',(-0.707106781186548,0.,0.707106781186548));
#6676=DIRECTION('',(-0.577350269189625,0.577350269189628,0.577350269189624));
#6677=DIRECTION('center_axis',(0.707106781186548,0.,-0.707106781186548));
#6678=DIRECTION('ref_axis',(-0.707106781186548,0.,-0.707106781186548));
#6679=DIRECTION('',(-0.577350269189624,-0.577350269189629,-0.577350269189624));
#6680=DIRECTION('center_axis',(0.,0.707106781186548,-0.707106781186548));
#6681=DIRECTION('ref_axis',(-1.,0.,0.));
#6682=DIRECTION('center_axis',(0.,-0.707106781186548,-0.707106781186548));
#6683=DIRECTION('ref_axis',(-1.,0.,0.));
#6684=DIRECTION('',(-0.577350269189628,0.577350269189625,-0.577350269189625));
#6685=DIRECTION('',(0.577350269189627,0.577350269189623,-0.577350269189627));
#6686=DIRECTION('center_axis',(-0.707106781186548,0.,-0.707106781186548));
#6687=DIRECTION('ref_axis',(-0.707106781186548,0.,0.707106781186548));
#6688=DIRECTION('',(-0.577350269189625,0.577350269189626,0.577350269189626));
#6689=DIRECTION('center_axis',(0.707106781186548,0.,-0.707106781186548));
#6690=DIRECTION('ref_axis',(-0.707106781186548,0.,-0.707106781186548));
#6691=DIRECTION('',(-0.577350269189629,-0.577350269189626,-0.577350269189622));
#6692=DIRECTION('center_axis',(0.,0.707106781186548,-0.707106781186548));
#6693=DIRECTION('ref_axis',(-1.,0.,0.));
#6694=DIRECTION('center_axis',(0.,-0.707106781186552,-0.707106781186544));
#6695=DIRECTION('ref_axis',(-1.,0.,0.));
#6696=DIRECTION('',(-0.577350269189623,0.577350269189623,-0.577350269189632));
#6697=DIRECTION('',(0.577350269189624,0.577350269189623,-0.577350269189631));
#6698=DIRECTION('center_axis',(-0.707106781186552,0.,-0.707106781186544));
#6699=DIRECTION('ref_axis',(-0.707106781186544,0.,0.707106781186552));
#6700=DIRECTION('',(-0.577350269189624,0.577350269189623,0.577350269189631));
#6701=DIRECTION('center_axis',(0.707106781186552,0.,-0.707106781186544));
#6702=DIRECTION('ref_axis',(-0.707106781186544,0.,-0.707106781186552));
#6703=DIRECTION('',(-0.577350269189624,-0.577350269189624,-0.577350269189629));
#6704=DIRECTION('center_axis',(0.,0.707106781186552,-0.707106781186544));
#6705=DIRECTION('ref_axis',(-1.,0.,0.));
#6706=DIRECTION('center_axis',(0.,-0.707106781186548,-0.707106781186548));
#6707=DIRECTION('ref_axis',(-1.,0.,0.));
#6708=DIRECTION('',(-0.577350269189629,0.577350269189624,-0.577350269189624));
#6709=DIRECTION('',(0.577350269189627,0.577350269189625,-0.577350269189625));
#6710=DIRECTION('center_axis',(-0.707106781186548,0.,-0.707106781186548));
#6711=DIRECTION('ref_axis',(-0.707106781186548,0.,0.707106781186548));
#6712=DIRECTION('',(-0.577350269189626,0.577350269189628,0.577350269189624));
#6713=DIRECTION('center_axis',(0.707106781186548,0.,-0.707106781186548));
#6714=DIRECTION('ref_axis',(-0.707106781186548,0.,-0.707106781186548));
#6715=DIRECTION('',(-0.577350269189629,-0.577350269189627,-0.577350269189622));
#6716=DIRECTION('center_axis',(0.,0.707106781186548,-0.707106781186548));
#6717=DIRECTION('ref_axis',(-1.,0.,0.));
#6718=DIRECTION('center_axis',(0.,-0.707106781186548,-0.707106781186548));
#6719=DIRECTION('ref_axis',(-1.,0.,0.));
#6720=DIRECTION('',(-0.577350269189629,0.577350269189624,-0.577350269189624));
#6721=DIRECTION('',(0.577350269189627,0.577350269189625,-0.577350269189625));
#6722=DIRECTION('center_axis',(-0.707106781186548,0.,-0.707106781186548));
#6723=DIRECTION('ref_axis',(-0.707106781186548,0.,0.707106781186548));
#6724=DIRECTION('',(-0.577350269189626,0.577350269189628,0.577350269189624));
#6725=DIRECTION('center_axis',(0.707106781186548,0.,-0.707106781186548));
#6726=DIRECTION('ref_axis',(-0.707106781186548,0.,-0.707106781186548));
#6727=DIRECTION('',(-0.57735026918963,-0.577350269189626,-0.577350269189622));
#6728=DIRECTION('center_axis',(0.,0.707106781186548,-0.707106781186548));
#6729=DIRECTION('ref_axis',(-1.,0.,0.));
#6730=DIRECTION('center_axis',(0.,-0.707106781186552,-0.707106781186544));
#6731=DIRECTION('ref_axis',(-1.,0.,0.));
#6732=DIRECTION('',(-0.577350269189626,0.577350269189622,-0.57735026918963));
#6733=DIRECTION('',(0.577350269189623,0.577350269189623,-0.577350269189632));
#6734=DIRECTION('center_axis',(-0.707106781186552,0.,-0.707106781186544));
#6735=DIRECTION('ref_axis',(-0.707106781186544,0.,0.707106781186552));
#6736=DIRECTION('',(-0.577350269189623,0.577350269189623,0.577350269189632));
#6737=DIRECTION('center_axis',(0.707106781186552,0.,-0.707106781186544));
#6738=DIRECTION('ref_axis',(-0.707106781186544,0.,-0.707106781186552));
#6739=DIRECTION('',(-0.577350269189623,-0.577350269189623,-0.577350269189632));
#6740=DIRECTION('center_axis',(0.,0.707106781186552,-0.707106781186544));
#6741=DIRECTION('ref_axis',(-1.,0.,0.));
#6742=DIRECTION('center_axis',(0.,-0.707106781186552,-0.707106781186544));
#6743=DIRECTION('ref_axis',(-1.,0.,0.));
#6744=DIRECTION('',(-0.577350269189623,0.577350269189623,-0.577350269189632));
#6745=DIRECTION('',(0.577350269189623,0.577350269189623,-0.577350269189632));
#6746=DIRECTION('center_axis',(-0.707106781186552,0.,-0.707106781186544));
#6747=DIRECTION('ref_axis',(-0.707106781186544,0.,0.707106781186552));
#6748=DIRECTION('',(-0.577350269189623,0.577350269189623,0.577350269189632));
#6749=DIRECTION('center_axis',(0.707106781186552,0.,-0.707106781186544));
#6750=DIRECTION('ref_axis',(-0.707106781186544,0.,-0.707106781186552));
#6751=DIRECTION('',(-0.577350269189623,-0.577350269189623,-0.577350269189632));
#6752=DIRECTION('center_axis',(0.,0.707106781186552,-0.707106781186544));
#6753=DIRECTION('ref_axis',(-1.,0.,0.));
#6754=DIRECTION('center_axis',(-0.707106781186552,0.,-0.707106781186544));
#6755=DIRECTION('ref_axis',(-0.707106781186544,0.,0.707106781186552));
#6756=DIRECTION('',(0.577350269189623,0.577350269189623,-0.577350269189632));
#6757=DIRECTION('',(0.577350269189623,-0.577350269189623,-0.577350269189632));
#6758=DIRECTION('center_axis',(0.,0.707106781186552,-0.707106781186544));
#6759=DIRECTION('ref_axis',(-1.,0.,0.));
#6760=DIRECTION('',(0.577350269189626,0.577350269189622,0.57735026918963));
#6761=DIRECTION('center_axis',(0.,-0.707106781186552,-0.707106781186544));
#6762=DIRECTION('ref_axis',(-1.,0.,0.));
#6763=DIRECTION('',(-0.577350269189627,0.577350269189623,-0.577350269189627));
#6764=DIRECTION('center_axis',(0.707106781186552,0.,-0.707106781186544));
#6765=DIRECTION('ref_axis',(-0.707106781186544,0.,-0.707106781186552));
#6766=DIRECTION('center_axis',(-0.707106781186552,0.,-0.707106781186544));
#6767=DIRECTION('ref_axis',(-0.707106781186544,0.,0.707106781186552));
#6768=DIRECTION('',(0.577350269189623,0.577350269189623,-0.577350269189632));
#6769=DIRECTION('',(0.577350269189623,-0.577350269189623,-0.577350269189632));
#6770=DIRECTION('center_axis',(0.,0.707106781186552,-0.707106781186544));
#6771=DIRECTION('ref_axis',(-1.,0.,0.));
#6772=DIRECTION('',(0.577350269189626,0.577350269189622,0.57735026918963));
#6773=DIRECTION('center_axis',(0.,-0.707106781186552,-0.707106781186544));
#6774=DIRECTION('ref_axis',(-1.,0.,0.));
#6775=DIRECTION('',(-0.577350269189627,0.577350269189623,-0.577350269189627));
#6776=DIRECTION('center_axis',(0.707106781186552,0.,-0.707106781186544));
#6777=DIRECTION('ref_axis',(-0.707106781186544,0.,-0.707106781186552));
#6778=DIRECTION('center_axis',(-0.707106781186552,0.,-0.707106781186544));
#6779=DIRECTION('ref_axis',(-0.707106781186544,0.,0.707106781186552));
#6780=DIRECTION('',(0.577350269189623,0.577350269189623,-0.577350269189632));
#6781=DIRECTION('',(0.577350269189623,-0.577350269189623,-0.577350269189632));
#6782=DIRECTION('center_axis',(0.,0.707106781186552,-0.707106781186544));
#6783=DIRECTION('ref_axis',(-1.,0.,0.));
#6784=DIRECTION('',(0.577350269189626,0.577350269189622,0.57735026918963));
#6785=DIRECTION('center_axis',(0.,-0.707106781186552,-0.707106781186544));
#6786=DIRECTION('ref_axis',(-1.,0.,0.));
#6787=DIRECTION('',(-0.577350269189627,0.577350269189623,-0.577350269189627));
#6788=DIRECTION('center_axis',(0.707106781186552,0.,-0.707106781186544));
#6789=DIRECTION('ref_axis',(-0.707106781186544,0.,-0.707106781186552));
#6790=DIRECTION('center_axis',(-0.707106781186552,0.,-0.707106781186544));
#6791=DIRECTION('ref_axis',(-0.707106781186544,0.,0.707106781186552));
#6792=DIRECTION('',(0.577350269189623,0.577350269189623,-0.577350269189632));
#6793=DIRECTION('',(0.577350269189623,-0.577350269189623,-0.577350269189632));
#6794=DIRECTION('center_axis',(0.,0.707106781186552,-0.707106781186544));
#6795=DIRECTION('ref_axis',(-1.,0.,0.));
#6796=DIRECTION('',(0.577350269189626,0.577350269189622,0.57735026918963));
#6797=DIRECTION('center_axis',(0.,-0.707106781186552,-0.707106781186544));
#6798=DIRECTION('ref_axis',(-1.,0.,0.));
#6799=DIRECTION('',(-0.577350269189627,0.577350269189623,-0.577350269189627));
#6800=DIRECTION('center_axis',(0.707106781186552,0.,-0.707106781186544));
#6801=DIRECTION('ref_axis',(-0.707106781186544,0.,-0.707106781186552));
#6802=DIRECTION('center_axis',(-0.707106781186552,0.,-0.707106781186544));
#6803=DIRECTION('ref_axis',(-0.707106781186544,0.,0.707106781186552));
#6804=DIRECTION('',(0.577350269189623,0.577350269189623,-0.577350269189632));
#6805=DIRECTION('',(0.577350269189623,-0.577350269189623,-0.577350269189632));
#6806=DIRECTION('center_axis',(0.,0.707106781186552,-0.707106781186544));
#6807=DIRECTION('ref_axis',(-1.,0.,0.));
#6808=DIRECTION('',(0.577350269189624,0.577350269189622,0.577350269189631));
#6809=DIRECTION('center_axis',(0.,-0.707106781186552,-0.707106781186544));
#6810=DIRECTION('ref_axis',(-1.,0.,0.));
#6811=DIRECTION('',(-0.577350269189627,0.577350269189623,-0.577350269189627));
#6812=DIRECTION('center_axis',(0.707106781186552,0.,-0.707106781186544));
#6813=DIRECTION('ref_axis',(-0.707106781186544,0.,-0.707106781186552));
#6814=DIRECTION('center_axis',(-0.707106781186552,0.,-0.707106781186544));
#6815=DIRECTION('ref_axis',(-0.707106781186544,0.,0.707106781186552));
#6816=DIRECTION('',(0.577350269189623,0.577350269189623,-0.577350269189632));
#6817=DIRECTION('',(0.577350269189624,-0.577350269189622,-0.577350269189631));
#6818=DIRECTION('center_axis',(0.,0.707106781186552,-0.707106781186544));
#6819=DIRECTION('ref_axis',(-1.,0.,0.));
#6820=DIRECTION('',(0.577350269189624,0.577350269189622,0.577350269189631));
#6821=DIRECTION('center_axis',(0.,-0.707106781186552,-0.707106781186544));
#6822=DIRECTION('ref_axis',(-1.,0.,0.));
#6823=DIRECTION('',(-0.577350269189622,0.577350269189626,-0.57735026918963));
#6824=DIRECTION('center_axis',(0.707106781186552,0.,-0.707106781186544));
#6825=DIRECTION('ref_axis',(-0.707106781186544,0.,-0.707106781186552));
#6826=DIRECTION('center_axis',(-0.707106781186552,0.,-0.707106781186544));
#6827=DIRECTION('ref_axis',(-0.707106781186544,0.,0.707106781186552));
#6828=DIRECTION('',(0.577350269189623,0.577350269189623,-0.577350269189632));
#6829=DIRECTION('',(0.577350269189624,-0.577350269189623,-0.577350269189631));
#6830=DIRECTION('center_axis',(0.,0.707106781186552,-0.707106781186544));
#6831=DIRECTION('ref_axis',(-1.,0.,0.));
#6832=DIRECTION('',(0.577350269189624,0.577350269189622,0.577350269189631));
#6833=DIRECTION('center_axis',(0.,-0.707106781186552,-0.707106781186544));
#6834=DIRECTION('ref_axis',(-1.,0.,0.));
#6835=DIRECTION('',(-0.577350269189627,0.577350269189623,-0.577350269189627));
#6836=DIRECTION('center_axis',(0.707106781186552,0.,-0.707106781186544));
#6837=DIRECTION('ref_axis',(-0.707106781186544,0.,-0.707106781186552));
#6838=DIRECTION('center_axis',(-0.707106781186552,0.,-0.707106781186544));
#6839=DIRECTION('ref_axis',(-0.707106781186544,0.,0.707106781186552));
#6840=DIRECTION('',(0.577350269189623,0.577350269189623,-0.577350269189631));
#6841=DIRECTION('',(0.577350269189625,-0.577350269189622,-0.577350269189631));
#6842=DIRECTION('center_axis',(0.,0.707106781186552,-0.707106781186544));
#6843=DIRECTION('ref_axis',(-1.,0.,0.));
#6844=DIRECTION('',(0.577350269189624,0.577350269189622,0.577350269189631));
#6845=DIRECTION('center_axis',(0.,-0.707106781186552,-0.707106781186544));
#6846=DIRECTION('ref_axis',(-1.,0.,0.));
#6847=DIRECTION('',(-0.577350269189627,0.577350269189623,-0.577350269189627));
#6848=DIRECTION('center_axis',(0.707106781186552,0.,-0.707106781186544));
#6849=DIRECTION('ref_axis',(-0.707106781186544,0.,-0.707106781186552));
#6850=DIRECTION('center_axis',(-0.707106781186552,0.,-0.707106781186544));
#6851=DIRECTION('ref_axis',(-0.707106781186544,0.,0.707106781186552));
#6852=DIRECTION('',(0.577350269189624,0.577350269189624,-0.577350269189629));
#6853=DIRECTION('',(0.577350269189626,-0.577350269189624,-0.577350269189628));
#6854=DIRECTION('center_axis',(0.,0.707106781186552,-0.707106781186544));
#6855=DIRECTION('ref_axis',(-1.,0.,0.));
#6856=DIRECTION('',(0.577350269189625,0.577350269189622,0.577350269189631));
#6857=DIRECTION('center_axis',(0.,-0.707106781186552,-0.707106781186544));
#6858=DIRECTION('ref_axis',(-1.,0.,0.));
#6859=DIRECTION('',(-0.577350269189625,0.577350269189624,-0.577350269189628));
#6860=DIRECTION('center_axis',(0.707106781186552,0.,-0.707106781186544));
#6861=DIRECTION('ref_axis',(-0.707106781186544,0.,-0.707106781186552));
#6862=DIRECTION('center_axis',(-0.707106781186552,0.,-0.707106781186544));
#6863=DIRECTION('ref_axis',(-0.707106781186544,0.,0.707106781186552));
#6864=DIRECTION('',(0.577350269189622,0.577350269189623,-0.577350269189632));
#6865=DIRECTION('',(0.577350269189624,-0.577350269189622,-0.577350269189631));
#6866=DIRECTION('center_axis',(0.,0.707106781186552,-0.707106781186544));
#6867=DIRECTION('ref_axis',(-1.,0.,0.));
#6868=DIRECTION('',(0.577350269189624,0.577350269189623,0.577350269189631));
#6869=DIRECTION('center_axis',(0.,-0.707106781186552,-0.707106781186544));
#6870=DIRECTION('ref_axis',(-1.,0.,0.));
#6871=DIRECTION('',(-0.577350269189627,0.577350269189623,-0.577350269189627));
#6872=DIRECTION('center_axis',(0.707106781186552,0.,-0.707106781186544));
#6873=DIRECTION('ref_axis',(-0.707106781186544,0.,-0.707106781186552));
#6874=DIRECTION('center_axis',(-0.707106781186552,0.,-0.707106781186544));
#6875=DIRECTION('ref_axis',(-0.707106781186544,0.,0.707106781186552));
#6876=DIRECTION('',(0.577350269189623,0.577350269189623,-0.577350269189632));
#6877=DIRECTION('',(0.577350269189624,-0.577350269189622,-0.577350269189631));
#6878=DIRECTION('center_axis',(0.,0.707106781186552,-0.707106781186544));
#6879=DIRECTION('ref_axis',(-1.,0.,0.));
#6880=DIRECTION('',(0.577350269189624,0.577350269189622,0.577350269189631));
#6881=DIRECTION('center_axis',(0.,-0.707106781186552,-0.707106781186544));
#6882=DIRECTION('ref_axis',(-1.,0.,0.));
#6883=DIRECTION('',(-0.577350269189627,0.577350269189623,-0.577350269189627));
#6884=DIRECTION('center_axis',(0.707106781186552,0.,-0.707106781186544));
#6885=DIRECTION('ref_axis',(-0.707106781186544,0.,-0.707106781186552));
#6886=DIRECTION('center_axis',(-0.707106781186552,0.,-0.707106781186544));
#6887=DIRECTION('ref_axis',(-0.707106781186544,0.,0.707106781186552));
#6888=DIRECTION('',(0.577350269189624,0.577350269189622,-0.577350269189631));
#6889=DIRECTION('',(0.577350269189626,-0.577350269189622,-0.57735026918963));
#6890=DIRECTION('center_axis',(0.,0.707106781186552,-0.707106781186544));
#6891=DIRECTION('ref_axis',(-1.,0.,0.));
#6892=DIRECTION('',(0.577350269189623,0.577350269189623,0.577350269189632));
#6893=DIRECTION('center_axis',(0.,-0.707106781186552,-0.707106781186544));
#6894=DIRECTION('ref_axis',(-1.,0.,0.));
#6895=DIRECTION('',(-0.577350269189627,0.577350269189623,-0.577350269189627));
#6896=DIRECTION('center_axis',(0.707106781186552,0.,-0.707106781186544));
#6897=DIRECTION('ref_axis',(-0.707106781186544,0.,-0.707106781186552));
#6898=DIRECTION('center_axis',(-0.707106781186552,0.,-0.707106781186544));
#6899=DIRECTION('ref_axis',(-0.707106781186544,0.,0.707106781186552));
#6900=DIRECTION('',(0.577350269189623,0.577350269189623,-0.577350269189632));
#6901=DIRECTION('',(0.577350269189626,-0.577350269189622,-0.57735026918963));
#6902=DIRECTION('center_axis',(0.,0.707106781186552,-0.707106781186544));
#6903=DIRECTION('ref_axis',(-1.,0.,0.));
#6904=DIRECTION('',(0.577350269189623,0.577350269189623,0.577350269189632));
#6905=DIRECTION('center_axis',(0.,-0.707106781186552,-0.707106781186544));
#6906=DIRECTION('ref_axis',(-1.,0.,0.));
#6907=DIRECTION('',(-0.577350269189627,0.577350269189623,-0.577350269189627));
#6908=DIRECTION('center_axis',(0.707106781186552,0.,-0.707106781186544));
#6909=DIRECTION('ref_axis',(-0.707106781186544,0.,-0.707106781186552));
#6910=CARTESIAN_POINT('',(0.,0.,0.));
#6911=CARTESIAN_POINT('Origin',(-55.3,-1.16279040268506E-14,-1.));
#6912=CARTESIAN_POINT('',(-55.3,33.7,-0.5));
#6913=CARTESIAN_POINT('',(-55.3,-32.3,-0.5));
#6914=CARTESIAN_POINT('',(-55.3,33.7,-0.5));
#6915=CARTESIAN_POINT('',(-55.3,33.7,-1.));
#6916=CARTESIAN_POINT('',(-55.3,33.7,-1.));
#6917=CARTESIAN_POINT('',(-55.3,-32.3,-1.));
#6918=CARTESIAN_POINT('',(-55.3,33.7,-1.));
#6919=CARTESIAN_POINT('',(-55.3,-32.3,-1.));
#6920=CARTESIAN_POINT('Origin',(0.,33.7,-1.));
#6921=CARTESIAN_POINT('',(55.3,33.7,-0.5));
#6922=CARTESIAN_POINT('',(-55.3,33.7,-0.5));
#6923=CARTESIAN_POINT('',(55.3,33.7,-1.));
#6924=CARTESIAN_POINT('',(55.3,33.7,-1.));
#6925=CARTESIAN_POINT('',(-55.3,33.7,-1.));
#6926=CARTESIAN_POINT('Origin',(55.3,1.16279040268506E-14,-1.));
#6927=CARTESIAN_POINT('',(55.3,-32.3,-0.5));
#6928=CARTESIAN_POINT('',(55.3,33.7,-0.5));
#6929=CARTESIAN_POINT('',(55.3,-32.3,-1.));
#6930=CARTESIAN_POINT('',(55.3,-32.3,-1.));
#6931=CARTESIAN_POINT('',(55.3,33.7,-1.));
#6932=CARTESIAN_POINT('Origin',(0.,-32.3,-1.));
#6933=CARTESIAN_POINT('',(-55.3,-32.3,-0.5));
#6934=CARTESIAN_POINT('',(-55.3,-32.3,-1.));
#6935=CARTESIAN_POINT('Origin',(0.,0.,-1.));
#6936=CARTESIAN_POINT('Origin',(0.,0.,-0.5));
#6937=CARTESIAN_POINT('Origin',(0.,0.,0.));
#6938=CARTESIAN_POINT('',(57.6,-33.4,0.));
#6939=CARTESIAN_POINT('',(57.6,-33.9,0.));
#6940=CARTESIAN_POINT('',(57.6,-33.4,0.));
#6941=CARTESIAN_POINT('',(-57.6,-33.4,0.));
#6942=CARTESIAN_POINT('',(57.6,-33.4,0.));
#6943=CARTESIAN_POINT('',(-57.6,-33.9,0.));
#6944=CARTESIAN_POINT('',(-57.6,-33.9,0.));
#6945=CARTESIAN_POINT('',(57.6,-33.9,0.));
#6946=CARTESIAN_POINT('Origin',(0.,0.,0.));
#6947=CARTESIAN_POINT('',(-57.6,-32.4,0.));
#6948=CARTESIAN_POINT('',(-57.6,33.9,0.));
#6949=CARTESIAN_POINT('',(-57.6,-32.4,0.));
#6950=CARTESIAN_POINT('',(57.6,-32.4,0.));
#6951=CARTESIAN_POINT('',(-57.6,-32.4,0.));
#6952=CARTESIAN_POINT('',(57.6,33.9,0.));
#6953=CARTESIAN_POINT('',(57.6,33.9,0.));
#6954=CARTESIAN_POINT('',(-57.6,33.9,0.));
#6955=CARTESIAN_POINT('Origin',(0.,0.,0.));
#6956=CARTESIAN_POINT('',(58.7,-35.,0.));
#6957=CARTESIAN_POINT('',(58.7,35.,0.));
#6958=CARTESIAN_POINT('',(58.7,-35.,0.));
#6959=CARTESIAN_POINT('',(-58.7,35.,0.));
#6960=CARTESIAN_POINT('',(58.7,35.,0.));
#6961=CARTESIAN_POINT('',(-58.7,-35.,0.));
#6962=CARTESIAN_POINT('',(-58.7,35.,0.));
#6963=CARTESIAN_POINT('',(-58.7,-35.,0.));
#6964=CARTESIAN_POINT('',(58.6,34.9,0.));
#6965=CARTESIAN_POINT('',(58.6,-34.9,0.));
#6966=CARTESIAN_POINT('',(58.6,34.9,0.));
#6967=CARTESIAN_POINT('',(-58.6,-34.9,0.));
#6968=CARTESIAN_POINT('',(58.6,-34.9,0.));
#6969=CARTESIAN_POINT('',(-58.6,34.9,0.));
#6970=CARTESIAN_POINT('',(-58.6,-34.9,0.));
#6971=CARTESIAN_POINT('',(-58.6,34.9,0.));
#6972=CARTESIAN_POINT('Origin',(0.,0.,0.));
#6973=CARTESIAN_POINT('',(57.6,-32.4,0.));
#6974=CARTESIAN_POINT('',(-57.6,-33.4,0.));
#6975=CARTESIAN_POINT('Origin',(58.7,35.,-1.));
#6976=CARTESIAN_POINT('',(58.7,-35.,-1.));
#6977=CARTESIAN_POINT('',(58.7,-35.,-1.));
#6978=CARTESIAN_POINT('',(58.7,35.,-1.));
#6979=CARTESIAN_POINT('',(58.7,-35.,-1.));
#6980=CARTESIAN_POINT('',(58.7,35.,-1.));
#6981=CARTESIAN_POINT('Origin',(-58.7,-35.,-1.));
#6982=CARTESIAN_POINT('',(-58.7,-35.,-1.));
#6983=CARTESIAN_POINT('',(-58.7,-35.,-1.));
#6984=CARTESIAN_POINT('',(-58.7,-35.,-1.));
#6985=CARTESIAN_POINT('Origin',(-58.7,35.,-1.));
#6986=CARTESIAN_POINT('',(-58.7,35.,-1.));
#6987=CARTESIAN_POINT('',(-58.7,35.,-1.));
#6988=CARTESIAN_POINT('',(-58.7,35.,-1.));
#6989=CARTESIAN_POINT('Origin',(-58.7,35.,-1.));
#6990=CARTESIAN_POINT('',(58.7,35.,-1.));
#6991=CARTESIAN_POINT('Origin',(0.,0.,-1.));
#6992=CARTESIAN_POINT('',(-55.3,33.7,-1.));
#6993=CARTESIAN_POINT('',(55.3,33.7,-1.));
#6994=CARTESIAN_POINT('',(-55.3,33.7,-1.));
#6995=CARTESIAN_POINT('',(-55.3,-32.3,-1.));
#6996=CARTESIAN_POINT('',(-55.3,-32.3,-1.));
#6997=CARTESIAN_POINT('',(55.3,-32.3,-1.));
#6998=CARTESIAN_POINT('',(55.3,-32.3,-1.));
#6999=CARTESIAN_POINT('',(55.3,33.7,-1.));
#7000=CARTESIAN_POINT('Origin',(0.,0.,0.));
#7001=CARTESIAN_POINT('Origin',(-55.3,33.7,-0.5));
#7002=CARTESIAN_POINT('',(-55.3,33.7,-0.5));
#7003=CARTESIAN_POINT('',(-55.3,33.7,-0.5));
#7004=CARTESIAN_POINT('',(-55.3,-32.3,-0.5));
#7005=CARTESIAN_POINT('',(-55.3,-32.3,-0.5));
#7006=CARTESIAN_POINT('',(-55.3,-32.3,-0.5));
#7007=CARTESIAN_POINT('Origin',(-55.3,-32.3,-0.5));
#7008=CARTESIAN_POINT('',(55.3,-32.3,-0.5));
#7009=CARTESIAN_POINT('',(55.3,-32.3,-0.5));
#7010=CARTESIAN_POINT('',(55.3,-32.3,-0.5));
#7011=CARTESIAN_POINT('Origin',(55.3,33.7,-0.5));
#7012=CARTESIAN_POINT('',(55.3,33.7,-0.5));
#7013=CARTESIAN_POINT('',(55.3,33.7,-0.5));
#7014=CARTESIAN_POINT('',(55.3,33.7,-0.5));
#7015=CARTESIAN_POINT('Origin',(-55.3,33.7,-0.5));
#7016=CARTESIAN_POINT('',(-55.3,33.7,-0.5));
#7017=CARTESIAN_POINT('Origin',(0.,0.,-0.5));
#7018=CARTESIAN_POINT('Origin',(-60.4,36.7,-3.8));
#7019=CARTESIAN_POINT('',(-60.4,-38.8,-3.8));
#7020=CARTESIAN_POINT('',(-60.4,36.2,-3.8));
#7021=CARTESIAN_POINT('',(-60.4,-38.8,-3.8));
#7022=CARTESIAN_POINT('',(-60.4,-38.8,-1.));
#7023=CARTESIAN_POINT('',(-60.4,-38.8,-3.8));
#7024=CARTESIAN_POINT('',(-60.4,36.2,-1.));
#7025=CARTESIAN_POINT('',(-60.4,-38.8,-1.));
#7026=CARTESIAN_POINT('',(-60.4,36.2,-3.8));
#7027=CARTESIAN_POINT('Origin',(60.4,36.7,-3.8));
#7028=CARTESIAN_POINT('',(-59.9,36.7,-1.));
#7029=CARTESIAN_POINT('',(59.9,36.7,-1.));
#7030=CARTESIAN_POINT('',(-59.9,36.7,-1.));
#7031=CARTESIAN_POINT('',(59.9,36.7,-3.8));
#7032=CARTESIAN_POINT('',(59.9,36.7,-3.8));
#7033=CARTESIAN_POINT('',(-59.9,36.7,-3.8));
#7034=CARTESIAN_POINT('',(-59.9,36.7,-3.8));
#7035=CARTESIAN_POINT('',(-59.9,36.7,-3.8));
#7036=CARTESIAN_POINT('Origin',(60.4,36.7,-3.8));
#7037=CARTESIAN_POINT('',(60.4,36.2,-1.));
#7038=CARTESIAN_POINT('',(60.4,-38.8,-1.));
#7039=CARTESIAN_POINT('',(60.4,36.2,-1.));
#7040=CARTESIAN_POINT('',(60.4,-38.8,-3.8));
#7041=CARTESIAN_POINT('',(60.4,-38.8,-3.8));
#7042=CARTESIAN_POINT('',(60.4,36.2,-3.8));
#7043=CARTESIAN_POINT('',(60.4,36.2,-3.8));
#7044=CARTESIAN_POINT('',(60.4,36.2,-3.8));
#7045=CARTESIAN_POINT('Origin',(60.4,-39.3,-3.8));
#7046=CARTESIAN_POINT('',(59.9,-39.3,-3.8));
#7047=CARTESIAN_POINT('',(-59.9,-39.3,-3.8));
#7048=CARTESIAN_POINT('',(59.9,-39.3,-3.8));
#7049=CARTESIAN_POINT('',(59.9,-39.3,-1.));
#7050=CARTESIAN_POINT('',(59.9,-39.3,-3.8));
#7051=CARTESIAN_POINT('',(-59.9,-39.3,-1.));
#7052=CARTESIAN_POINT('',(59.9,-39.3,-1.));
#7053=CARTESIAN_POINT('',(-59.9,-39.3,-3.8));
#7054=CARTESIAN_POINT('Origin',(0.,0.,-3.8));
#7055=CARTESIAN_POINT('Origin',(59.9,-38.8,-3.8));
#7056=CARTESIAN_POINT('Origin',(-59.9,-38.8,-3.8));
#7057=CARTESIAN_POINT('Origin',(-59.9,36.2,-3.8));
#7058=CARTESIAN_POINT('Origin',(59.9,36.2,-3.8));
#7059=CARTESIAN_POINT('Origin',(0.,0.,-1.));
#7060=CARTESIAN_POINT('Origin',(59.9,-38.8,-1.));
#7061=CARTESIAN_POINT('Origin',(59.9,36.2,-1.));
#7062=CARTESIAN_POINT('Origin',(-59.9,36.2,-1.));
#7063=CARTESIAN_POINT('Origin',(-59.9,-38.8,-1.));
#7064=CARTESIAN_POINT('Origin',(59.9,-38.8,-3.8));
#7065=CARTESIAN_POINT('Origin',(59.9,36.2,-3.8));
#7066=CARTESIAN_POINT('Origin',(-59.9,-38.8,-3.8));
#7067=CARTESIAN_POINT('Origin',(-59.9,36.2,-3.8));
#7068=CARTESIAN_POINT('Origin',(-33.5,36.2,-5.3));
#7069=CARTESIAN_POINT('',(-33.5,21.2,-3.8));
#7070=CARTESIAN_POINT('',(-33.5,36.2,-3.8));
#7071=CARTESIAN_POINT('',(-33.5,21.2,-3.8));
#7072=CARTESIAN_POINT('',(-33.5,36.2,-5.3));
#7073=CARTESIAN_POINT('',(-33.5,36.2,-5.3));
#7074=CARTESIAN_POINT('',(-33.5,21.2,-5.3));
#7075=CARTESIAN_POINT('',(-33.5,21.2,-5.3));
#7076=CARTESIAN_POINT('',(-33.5,21.2,-5.3));
#7077=CARTESIAN_POINT('Origin',(33.5,36.2,-5.3));
#7078=CARTESIAN_POINT('',(33.5,36.2,-3.8));
#7079=CARTESIAN_POINT('',(-33.5,36.2,-3.8));
#7080=CARTESIAN_POINT('',(33.5,36.2,-5.3));
#7081=CARTESIAN_POINT('',(33.5,36.2,-5.3));
#7082=CARTESIAN_POINT('',(-33.5,36.2,-5.3));
#7083=CARTESIAN_POINT('Origin',(33.5,36.2,-5.3));
#7084=CARTESIAN_POINT('',(33.5,21.2,-3.8));
#7085=CARTESIAN_POINT('',(33.5,36.2,-3.8));
#7086=CARTESIAN_POINT('',(33.5,21.2,-5.3));
#7087=CARTESIAN_POINT('',(33.5,21.2,-5.3));
#7088=CARTESIAN_POINT('',(33.5,36.2,-5.3));
#7089=CARTESIAN_POINT('Origin',(33.5,21.2,-5.3));
#7090=CARTESIAN_POINT('',(33.5,21.2,-3.8));
#7091=CARTESIAN_POINT('',(33.5,21.2,-5.3));
#7092=CARTESIAN_POINT('Origin',(0.,0.,-5.3));
#7093=CARTESIAN_POINT('Origin',(0.,0.,-3.8));
#7094=CARTESIAN_POINT('Origin',(33.5,-38.8,-5.3));
#7095=CARTESIAN_POINT('',(33.5,-23.8,-3.8));
#7096=CARTESIAN_POINT('',(33.5,-38.8,-3.8));
#7097=CARTESIAN_POINT('',(33.5,-23.8,-3.8));
#7098=CARTESIAN_POINT('',(33.5,-38.8,-5.3));
#7099=CARTESIAN_POINT('',(33.5,-38.8,-5.3));
#7100=CARTESIAN_POINT('',(33.5,-23.8,-5.3));
#7101=CARTESIAN_POINT('',(33.5,-23.8,-5.3));
#7102=CARTESIAN_POINT('',(33.5,-23.8,-5.3));
#7103=CARTESIAN_POINT('Origin',(33.5,-38.8,-5.3));
#7104=CARTESIAN_POINT('',(-33.5,-38.8,-3.8));
#7105=CARTESIAN_POINT('',(33.5,-38.8,-3.8));
#7106=CARTESIAN_POINT('',(-33.5,-38.8,-5.3));
#7107=CARTESIAN_POINT('',(-33.5,-38.8,-5.3));
#7108=CARTESIAN_POINT('',(33.5,-38.8,-5.3));
#7109=CARTESIAN_POINT('Origin',(-33.5,-38.8,-5.3));
#7110=CARTESIAN_POINT('',(-33.5,-23.8,-3.8));
#7111=CARTESIAN_POINT('',(-33.5,-38.8,-3.8));
#7112=CARTESIAN_POINT('',(-33.5,-23.8,-5.3));
#7113=CARTESIAN_POINT('',(-33.5,-23.8,-5.3));
#7114=CARTESIAN_POINT('',(-33.5,-38.8,-5.3));
#7115=CARTESIAN_POINT('Origin',(33.5,-23.8,-5.3));
#7116=CARTESIAN_POINT('',(-33.5,-23.8,-3.8));
#7117=CARTESIAN_POINT('',(-33.5,-23.8,-5.3));
#7118=CARTESIAN_POINT('Origin',(0.,0.,-5.3));
#7119=CARTESIAN_POINT('Origin',(0.,0.,-3.8));
#7120=CARTESIAN_POINT('Origin',(44.9,36.2,-5.3));
#7121=CARTESIAN_POINT('',(44.9,-38.8,-3.8));
#7122=CARTESIAN_POINT('',(44.9,36.2,-3.8));
#7123=CARTESIAN_POINT('',(44.9,-38.8,-3.8));
#7124=CARTESIAN_POINT('',(44.9,36.2,-5.3));
#7125=CARTESIAN_POINT('',(44.9,36.2,-5.3));
#7126=CARTESIAN_POINT('',(44.9,-38.8,-5.3));
#7127=CARTESIAN_POINT('',(44.9,-38.8,-5.3));
#7128=CARTESIAN_POINT('',(44.9,-38.8,-5.3));
#7129=CARTESIAN_POINT('Origin',(59.9,36.2,-5.3));
#7130=CARTESIAN_POINT('',(59.9,36.2,-3.8));
#7131=CARTESIAN_POINT('',(44.9,36.2,-3.8));
#7132=CARTESIAN_POINT('',(59.9,36.2,-5.3));
#7133=CARTESIAN_POINT('',(59.9,36.2,-5.3));
#7134=CARTESIAN_POINT('',(44.9,36.2,-5.3));
#7135=CARTESIAN_POINT('Origin',(59.9,36.2,-5.3));
#7136=CARTESIAN_POINT('',(59.9,-38.8,-3.8));
#7137=CARTESIAN_POINT('',(59.9,36.2,-3.8));
#7138=CARTESIAN_POINT('',(59.9,-38.8,-5.3));
#7139=CARTESIAN_POINT('',(59.9,-38.8,-5.3));
#7140=CARTESIAN_POINT('',(59.9,36.2,-5.3));
#7141=CARTESIAN_POINT('Origin',(59.9,-38.8,-5.3));
#7142=CARTESIAN_POINT('',(59.9,-38.8,-3.8));
#7143=CARTESIAN_POINT('',(59.9,-38.8,-5.3));
#7144=CARTESIAN_POINT('Origin',(0.,0.,-5.3));
#7145=CARTESIAN_POINT('Origin',(0.,0.,-3.8));
#7146=CARTESIAN_POINT('Origin',(-59.9,36.2,-5.3));
#7147=CARTESIAN_POINT('',(-59.9,-38.8,-3.8));
#7148=CARTESIAN_POINT('',(-59.9,36.2,-3.8));
#7149=CARTESIAN_POINT('',(-59.9,-38.8,-3.8));
#7150=CARTESIAN_POINT('',(-59.9,36.2,-5.3));
#7151=CARTESIAN_POINT('',(-59.9,36.2,-5.3));
#7152=CARTESIAN_POINT('',(-59.9,-38.8,-5.3));
#7153=CARTESIAN_POINT('',(-59.9,-38.8,-5.3));
#7154=CARTESIAN_POINT('',(-59.9,-38.8,-5.3));
#7155=CARTESIAN_POINT('Origin',(-59.9,36.2,-5.3));
#7156=CARTESIAN_POINT('',(-44.9,36.2,-3.8));
#7157=CARTESIAN_POINT('',(-59.9,36.2,-3.8));
#7158=CARTESIAN_POINT('',(-44.9,36.2,-5.3));
#7159=CARTESIAN_POINT('',(-44.9,36.2,-5.3));
#7160=CARTESIAN_POINT('',(-59.9,36.2,-5.3));
#7161=CARTESIAN_POINT('Origin',(-44.9,36.2,-5.3));
#7162=CARTESIAN_POINT('',(-44.9,-38.8,-3.8));
#7163=CARTESIAN_POINT('',(-44.9,36.2,-3.8));
#7164=CARTESIAN_POINT('',(-44.9,-38.8,-5.3));
#7165=CARTESIAN_POINT('',(-44.9,-38.8,-5.3));
#7166=CARTESIAN_POINT('',(-44.9,36.2,-5.3));
#7167=CARTESIAN_POINT('Origin',(-59.9,-38.8,-5.3));
#7168=CARTESIAN_POINT('',(-44.9,-38.8,-3.8));
#7169=CARTESIAN_POINT('',(-44.9,-38.8,-5.3));
#7170=CARTESIAN_POINT('Origin',(0.,0.,-5.3));
#7171=CARTESIAN_POINT('Origin',(0.,0.,-3.8));
#7172=CARTESIAN_POINT('Origin',(61.1396586744785,37.7479691870229,-5.3));
#7173=CARTESIAN_POINT('',(-60.5,37.7479691870229,-7.1));
#7174=CARTESIAN_POINT('',(-54.4999999999998,37.7479691870229,-7.1));
#7175=CARTESIAN_POINT('',(30.5698293372392,37.7479691870229,-7.1));
#7176=CARTESIAN_POINT('',(-60.5,37.7479691870229,-5.3));
#7177=CARTESIAN_POINT('',(-60.5,37.7479691870229,-6.2));
#7178=CARTESIAN_POINT('',(-54.4999999999998,37.7479691870229,-5.3));
#7179=CARTESIAN_POINT('',(30.5698293372392,37.7479691870229,-5.3));
#7180=CARTESIAN_POINT('',(-54.4999999999998,37.7479691870229,-6.2));
#7181=CARTESIAN_POINT('Origin',(61.1396586744785,37.7479691870229,-5.3));
#7182=CARTESIAN_POINT('',(54.4999999999999,37.7479691870229,-5.3));
#7183=CARTESIAN_POINT('',(54.4999999999999,37.7479691870229,-7.1));
#7184=CARTESIAN_POINT('',(54.4999999999999,37.7479691870229,-6.2));
#7185=CARTESIAN_POINT('',(60.5,37.7479691870229,-5.3));
#7186=CARTESIAN_POINT('',(30.5698293372392,37.7479691870229,-5.3));
#7187=CARTESIAN_POINT('',(60.5,37.7479691870229,-7.1));
#7188=CARTESIAN_POINT('',(60.5,37.7479691870229,-6.2));
#7189=CARTESIAN_POINT('',(30.5698293372392,37.7479691870229,-7.1));
#7190=CARTESIAN_POINT('Origin',(60.5,-1.07641815688817E-14,-7.1));
#7191=CARTESIAN_POINT('',(60.5,-39.3999199304844,-5.3));
#7192=CARTESIAN_POINT('',(60.5,41.7,-5.3));
#7193=CARTESIAN_POINT('',(60.5,-39.3999199304844,-7.1));
#7194=CARTESIAN_POINT('',(60.5,-39.3999199304844,-6.2));
#7195=CARTESIAN_POINT('',(60.5,41.7,-7.1));
#7196=CARTESIAN_POINT('Origin',(0.,0.,-7.1));
#7197=CARTESIAN_POINT('',(-60.5,-39.3999199304844,-7.1));
#7198=CARTESIAN_POINT('',(-30.25,-39.3999199304844,-7.1));
#7199=CARTESIAN_POINT('',(-60.5,41.7,-7.1));
#7200=CARTESIAN_POINT('',(-54.5,37.7,-7.1));
#7201=CARTESIAN_POINT('',(-54.4999999999998,41.7,-7.1));
#7202=CARTESIAN_POINT('',(-30.0044649847502,37.7,-7.09999999999999));
#7203=CARTESIAN_POINT('',(-54.5,37.7,-7.1));
#7204=CARTESIAN_POINT('',(-30.0044649847502,31.7730452447732,-7.09999999999999));
#7205=CARTESIAN_POINT('',(-30.0044649847502,15.8865226223866,-7.1));
#7206=CARTESIAN_POINT('',(-10.,31.7730452447732,-7.1));
#7207=CARTESIAN_POINT('',(-5.,31.7730452447732,-7.1));
#7208=CARTESIAN_POINT('',(-10.,37.7,-7.09999999999999));
#7209=CARTESIAN_POINT('',(-10.,18.85,-7.1));
#7210=CARTESIAN_POINT('',(9.37639531440009,37.7,-7.1));
#7211=CARTESIAN_POINT('',(-54.5,37.7,-7.1));
#7212=CARTESIAN_POINT('',(9.37639531440008,31.7730452447732,-7.09999999999999));
#7213=CARTESIAN_POINT('',(9.37639531440008,15.8865226223866,-7.1));
#7214=CARTESIAN_POINT('',(20.,31.7730452447732,-7.1));
#7215=CARTESIAN_POINT('',(10.,31.7730452447732,-7.1));
#7216=CARTESIAN_POINT('',(20.,37.7,-7.1));
#7217=CARTESIAN_POINT('',(20.,18.85,-7.1));
#7218=CARTESIAN_POINT('',(54.5,37.7,-7.1));
#7219=CARTESIAN_POINT('',(-54.5,37.7,-7.1));
#7220=CARTESIAN_POINT('',(54.4999999999999,41.7,-7.1));
#7221=CARTESIAN_POINT('Origin',(-54.5,2.83627288322209E-13,-7.1));
#7222=CARTESIAN_POINT('',(-54.5,37.7,-5.3));
#7223=CARTESIAN_POINT('',(-54.4999999999998,41.7,-5.3));
#7224=CARTESIAN_POINT('',(-54.5,37.7,-7.1));
#7225=CARTESIAN_POINT('Origin',(-60.5,-39.3999199304844,-5.3));
#7226=CARTESIAN_POINT('',(-60.5,-39.3999199304844,-5.3));
#7227=CARTESIAN_POINT('',(-30.25,-39.3999199304844,-5.3));
#7228=CARTESIAN_POINT('',(-60.5,-39.3999199304844,-6.2));
#7229=CARTESIAN_POINT('Origin',(-60.5,1.07641815688817E-14,-7.1));
#7230=CARTESIAN_POINT('',(-60.5,41.7,-5.3));
#7231=CARTESIAN_POINT('Origin',(0.,0.,-5.3));
#7232=CARTESIAN_POINT('',(54.5,37.7,-5.3));
#7233=CARTESIAN_POINT('',(54.4999999999999,41.7,-5.3));
#7234=CARTESIAN_POINT('',(-54.5,37.7,-5.3));
#7235=CARTESIAN_POINT('Origin',(9.37639531440008,31.7730452447732,-7.09999999999999));
#7236=CARTESIAN_POINT('',(9.37639531440008,37.7,-11.1));
#7237=CARTESIAN_POINT('',(9.37639531440009,37.7,-7.1));
#7238=CARTESIAN_POINT('',(9.37639531440008,31.7730452447732,-11.1));
#7239=CARTESIAN_POINT('',(9.37639531440008,31.7730452447732,-11.1));
#7240=CARTESIAN_POINT('',(9.37639531440008,31.7730452447732,-7.09999999999999));
#7241=CARTESIAN_POINT('Origin',(20.,31.7730452447732,-7.1));
#7242=CARTESIAN_POINT('',(20.,31.7730452447732,-11.1));
#7243=CARTESIAN_POINT('',(20.,31.7730452447732,-11.1));
#7244=CARTESIAN_POINT('',(20.,31.7730452447732,-7.1));
#7245=CARTESIAN_POINT('Origin',(20.,37.7,-7.1));
#7246=CARTESIAN_POINT('',(20.,37.7,-11.1));
#7247=CARTESIAN_POINT('',(20.,37.7,-11.1));
#7248=CARTESIAN_POINT('',(20.,37.7,-7.1));
#7249=CARTESIAN_POINT('Origin',(14.6881976572,34.7365226223866,-11.1));
#7250=CARTESIAN_POINT('',(9.37639531440008,37.7,-11.1));
#7251=CARTESIAN_POINT('Origin',(-30.0044649847502,31.7730452447732,-7.09999999999999));
#7252=CARTESIAN_POINT('',(-30.0044649847502,37.7,-11.1));
#7253=CARTESIAN_POINT('',(-30.0044649847502,37.7,-7.09999999999999));
#7254=CARTESIAN_POINT('',(-30.0044649847502,31.7730452447732,-11.1));
#7255=CARTESIAN_POINT('',(-30.0044649847502,31.7730452447732,-11.1));
#7256=CARTESIAN_POINT('',(-30.0044649847502,31.7730452447732,-7.09999999999999));
#7257=CARTESIAN_POINT('Origin',(-10.,31.7730452447732,-7.1));
#7258=CARTESIAN_POINT('',(-10.,31.7730452447732,-11.1));
#7259=CARTESIAN_POINT('',(-10.,31.7730452447732,-11.1));
#7260=CARTESIAN_POINT('',(-10.,31.7730452447732,-7.1));
#7261=CARTESIAN_POINT('Origin',(-10.,37.7,-7.09999999999999));
#7262=CARTESIAN_POINT('',(-10.,37.7,-11.1));
#7263=CARTESIAN_POINT('',(-10.,37.7,-11.1));
#7264=CARTESIAN_POINT('',(-10.,37.7,-7.09999999999999));
#7265=CARTESIAN_POINT('Origin',(-20.0022324923751,34.7365226223866,-11.1));
#7266=CARTESIAN_POINT('',(-30.0044649847502,37.7,-11.1));
#7267=CARTESIAN_POINT('Origin',(4.32390578805459E-15,37.7,-7.1));
#7268=CARTESIAN_POINT('',(54.5,37.7,-7.1));
#7269=CARTESIAN_POINT('Origin',(54.5,9.4542429440736E-14,-7.1));
#7270=CARTESIAN_POINT('Origin',(-16.1,-12.8,-20.3));
#7271=CARTESIAN_POINT('',(-16.1,-12.8,-20.));
#7272=CARTESIAN_POINT('',(-16.1,-12.8,-7.1));
#7273=CARTESIAN_POINT('',(-16.1,-12.8,-20.));
#7274=CARTESIAN_POINT('',(-16.1,-17.7,-20.));
#7275=CARTESIAN_POINT('',(-16.1,-12.8,-20.));
#7276=CARTESIAN_POINT('',(-16.1,-17.7,-7.1));
#7277=CARTESIAN_POINT('',(-16.1,-17.7,-20.));
#7278=CARTESIAN_POINT('',(-16.1,-17.7,-7.1));
#7279=CARTESIAN_POINT('Origin',(17.3,-12.8,-20.3));
#7280=CARTESIAN_POINT('',(17.3,-12.8,-20.));
#7281=CARTESIAN_POINT('',(17.3,-12.8,-7.1));
#7282=CARTESIAN_POINT('',(17.3,-12.8,-20.));
#7283=CARTESIAN_POINT('',(17.3,-12.8,-20.));
#7284=CARTESIAN_POINT('',(-16.1,-12.8,-7.1));
#7285=CARTESIAN_POINT('Origin',(17.3,-12.8,-20.3));
#7286=CARTESIAN_POINT('',(17.3,-17.7,-20.));
#7287=CARTESIAN_POINT('',(17.3,-17.7,-7.1));
#7288=CARTESIAN_POINT('',(17.3,-17.7,-20.));
#7289=CARTESIAN_POINT('',(17.3,-17.7,-20.));
#7290=CARTESIAN_POINT('',(17.3,-12.8,-7.1));
#7291=CARTESIAN_POINT('Origin',(17.3,-17.7,-20.3));
#7292=CARTESIAN_POINT('',(-16.1,-17.7,-20.));
#7293=CARTESIAN_POINT('',(17.3,-17.7,-7.1));
#7294=CARTESIAN_POINT('Origin',(0.,0.,-20.3));
#7295=CARTESIAN_POINT('',(17.,-13.1,-20.3));
#7296=CARTESIAN_POINT('',(17.,-17.4,-20.3));
#7297=CARTESIAN_POINT('',(17.,-13.1,-20.3));
#7298=CARTESIAN_POINT('',(-15.8,-17.4,-20.3));
#7299=CARTESIAN_POINT('',(17.,-17.4,-20.3));
#7300=CARTESIAN_POINT('',(-15.8,-13.1,-20.3));
#7301=CARTESIAN_POINT('',(-15.8,-17.4,-20.3));
#7302=CARTESIAN_POINT('',(-15.8,-13.1,-20.3));
#7303=CARTESIAN_POINT('',(15.,-13.5,-20.3));
#7304=CARTESIAN_POINT('',(15.,-15.1,-20.3));
#7305=CARTESIAN_POINT('',(15.,-13.5,-20.3));
#7306=CARTESIAN_POINT('',(16.6,-15.1,-20.3));
#7307=CARTESIAN_POINT('',(15.,-15.1,-20.3));
#7308=CARTESIAN_POINT('',(16.6,-13.5,-20.3));
#7309=CARTESIAN_POINT('',(16.6,-15.1,-20.3));
#7310=CARTESIAN_POINT('',(16.6,-13.5,-20.3));
#7311=CARTESIAN_POINT('',(12.5,-13.5,-20.3));
#7312=CARTESIAN_POINT('',(12.5,-15.1,-20.3));
#7313=CARTESIAN_POINT('',(12.5,-13.5,-20.3));
#7314=CARTESIAN_POINT('',(14.1,-15.1,-20.3));
#7315=CARTESIAN_POINT('',(12.5,-15.1,-20.3));
#7316=CARTESIAN_POINT('',(14.1,-13.5,-20.3));
#7317=CARTESIAN_POINT('',(14.1,-15.1,-20.3));
#7318=CARTESIAN_POINT('',(14.1,-13.5,-20.3));
#7319=CARTESIAN_POINT('',(10.,-13.5,-20.3));
#7320=CARTESIAN_POINT('',(10.,-15.1,-20.3));
#7321=CARTESIAN_POINT('',(10.,-13.5,-20.3));
#7322=CARTESIAN_POINT('',(11.6,-15.1,-20.3));
#7323=CARTESIAN_POINT('',(10.,-15.1,-20.3));
#7324=CARTESIAN_POINT('',(11.6,-13.5,-20.3));
#7325=CARTESIAN_POINT('',(11.6,-15.1,-20.3));
#7326=CARTESIAN_POINT('',(11.6,-13.5,-20.3));
#7327=CARTESIAN_POINT('',(7.5,-13.5,-20.3));
#7328=CARTESIAN_POINT('',(7.5,-15.1,-20.3));
#7329=CARTESIAN_POINT('',(7.5,-13.5,-20.3));
#7330=CARTESIAN_POINT('',(9.1,-15.1,-20.3));
#7331=CARTESIAN_POINT('',(7.5,-15.1,-20.3));
#7332=CARTESIAN_POINT('',(9.1,-13.5,-20.3));
#7333=CARTESIAN_POINT('',(9.1,-15.1,-20.3));
#7334=CARTESIAN_POINT('',(9.1,-13.5,-20.3));
#7335=CARTESIAN_POINT('',(5.,-13.5,-20.3));
#7336=CARTESIAN_POINT('',(5.,-15.1,-20.3));
#7337=CARTESIAN_POINT('',(5.,-13.5,-20.3));
#7338=CARTESIAN_POINT('',(6.6,-15.1,-20.3));
#7339=CARTESIAN_POINT('',(5.,-15.1,-20.3));
#7340=CARTESIAN_POINT('',(6.6,-13.5,-20.3));
#7341=CARTESIAN_POINT('',(6.6,-15.1,-20.3));
#7342=CARTESIAN_POINT('',(6.6,-13.5,-20.3));
#7343=CARTESIAN_POINT('',(2.5,-13.5,-20.3));
#7344=CARTESIAN_POINT('',(2.5,-15.1,-20.3));
#7345=CARTESIAN_POINT('',(2.5,-13.5,-20.3));
#7346=CARTESIAN_POINT('',(4.1,-15.1,-20.3));
#7347=CARTESIAN_POINT('',(2.5,-15.1,-20.3));
#7348=CARTESIAN_POINT('',(4.1,-13.5,-20.3));
#7349=CARTESIAN_POINT('',(4.1,-15.1,-20.3));
#7350=CARTESIAN_POINT('',(4.1,-13.5,-20.3));
#7351=CARTESIAN_POINT('',(1.04083408558608E-14,-13.5,-20.3));
#7352=CARTESIAN_POINT('',(1.04083408558608E-14,-15.1,-20.3));
#7353=CARTESIAN_POINT('',(1.04083408558608E-14,-13.5,-20.3));
#7354=CARTESIAN_POINT('',(1.60000000000003,-15.1,-20.3));
#7355=CARTESIAN_POINT('',(1.04083408558608E-14,-15.1,-20.3));
#7356=CARTESIAN_POINT('',(1.60000000000003,-13.5,-20.3));
#7357=CARTESIAN_POINT('',(1.60000000000003,-15.1,-20.3));
#7358=CARTESIAN_POINT('',(1.60000000000003,-13.5,-20.3));
#7359=CARTESIAN_POINT('',(-2.5,-13.5,-20.3));
#7360=CARTESIAN_POINT('',(-2.5,-15.1,-20.3));
#7361=CARTESIAN_POINT('',(-2.5,-13.5,-20.3));
#7362=CARTESIAN_POINT('',(-0.899999999999974,-15.1,-20.3));
#7363=CARTESIAN_POINT('',(-2.5,-15.1,-20.3));
#7364=CARTESIAN_POINT('',(-0.899999999999974,-13.5,-20.3));
#7365=CARTESIAN_POINT('',(-0.899999999999974,-15.1,-20.3));
#7366=CARTESIAN_POINT('',(-0.899999999999974,-13.5,-20.3));
#7367=CARTESIAN_POINT('',(-5.,-13.5,-20.3));
#7368=CARTESIAN_POINT('',(-5.,-15.1,-20.3));
#7369=CARTESIAN_POINT('',(-5.,-13.5,-20.3));
#7370=CARTESIAN_POINT('',(-3.4,-15.1,-20.3));
#7371=CARTESIAN_POINT('',(-5.,-15.1,-20.3));
#7372=CARTESIAN_POINT('',(-3.4,-13.5,-20.3));
#7373=CARTESIAN_POINT('',(-3.4,-15.1,-20.3));
#7374=CARTESIAN_POINT('',(-3.4,-13.5,-20.3));
#7375=CARTESIAN_POINT('',(-7.5,-13.5,-20.3));
#7376=CARTESIAN_POINT('',(-7.5,-15.1,-20.3));
#7377=CARTESIAN_POINT('',(-7.5,-13.5,-20.3));
#7378=CARTESIAN_POINT('',(-5.9,-15.1,-20.3));
#7379=CARTESIAN_POINT('',(-7.5,-15.1,-20.3));
#7380=CARTESIAN_POINT('',(-5.9,-13.5,-20.3));
#7381=CARTESIAN_POINT('',(-5.9,-15.1,-20.3));
#7382=CARTESIAN_POINT('',(-5.9,-13.5,-20.3));
#7383=CARTESIAN_POINT('',(-10.,-13.5,-20.3));
#7384=CARTESIAN_POINT('',(-10.,-15.1,-20.3));
#7385=CARTESIAN_POINT('',(-10.,-13.5,-20.3));
#7386=CARTESIAN_POINT('',(-8.4,-15.1,-20.3));
#7387=CARTESIAN_POINT('',(-10.,-15.1,-20.3));
#7388=CARTESIAN_POINT('',(-8.4,-13.5,-20.3));
#7389=CARTESIAN_POINT('',(-8.4,-15.1,-20.3));
#7390=CARTESIAN_POINT('',(-8.4,-13.5,-20.3));
#7391=CARTESIAN_POINT('',(-12.5,-13.5,-20.3));
#7392=CARTESIAN_POINT('',(-12.5,-15.1,-20.3));
#7393=CARTESIAN_POINT('',(-12.5,-13.5,-20.3));
#7394=CARTESIAN_POINT('',(-10.9,-15.1,-20.3));
#7395=CARTESIAN_POINT('',(-12.5,-15.1,-20.3));
#7396=CARTESIAN_POINT('',(-10.9,-13.5,-20.3));
#7397=CARTESIAN_POINT('',(-10.9,-15.1,-20.3));
#7398=CARTESIAN_POINT('',(-10.9,-13.5,-20.3));
#7399=CARTESIAN_POINT('',(-15.,-13.5,-20.3));
#7400=CARTESIAN_POINT('',(-15.,-15.1,-20.3));
#7401=CARTESIAN_POINT('',(-15.,-13.5,-20.3));
#7402=CARTESIAN_POINT('',(-13.4,-15.1,-20.3));
#7403=CARTESIAN_POINT('',(-15.,-15.1,-20.3));
#7404=CARTESIAN_POINT('',(-13.4,-13.5,-20.3));
#7405=CARTESIAN_POINT('',(-13.4,-15.1,-20.3));
#7406=CARTESIAN_POINT('',(-13.4,-13.5,-20.3));
#7407=CARTESIAN_POINT('',(16.6,-15.4,-20.3));
#7408=CARTESIAN_POINT('',(15.,-15.4,-20.3));
#7409=CARTESIAN_POINT('',(16.6,-15.4,-20.3));
#7410=CARTESIAN_POINT('',(15.,-17.,-20.3));
#7411=CARTESIAN_POINT('',(15.,-15.4,-20.3));
#7412=CARTESIAN_POINT('',(16.6,-17.,-20.3));
#7413=CARTESIAN_POINT('',(15.,-17.,-20.3));
#7414=CARTESIAN_POINT('',(16.6,-17.,-20.3));
#7415=CARTESIAN_POINT('',(14.1,-15.4,-20.3));
#7416=CARTESIAN_POINT('',(12.5,-15.4,-20.3));
#7417=CARTESIAN_POINT('',(14.1,-15.4,-20.3));
#7418=CARTESIAN_POINT('',(12.5,-17.,-20.3));
#7419=CARTESIAN_POINT('',(12.5,-15.4,-20.3));
#7420=CARTESIAN_POINT('',(14.1,-17.,-20.3));
#7421=CARTESIAN_POINT('',(12.5,-17.,-20.3));
#7422=CARTESIAN_POINT('',(14.1,-17.,-20.3));
#7423=CARTESIAN_POINT('',(-13.4,-15.4,-20.3));
#7424=CARTESIAN_POINT('',(-15.,-15.4,-20.3));
#7425=CARTESIAN_POINT('',(-13.4,-15.4,-20.3));
#7426=CARTESIAN_POINT('',(-15.,-17.,-20.3));
#7427=CARTESIAN_POINT('',(-15.,-15.4,-20.3));
#7428=CARTESIAN_POINT('',(-13.4,-17.,-20.3));
#7429=CARTESIAN_POINT('',(-15.,-17.,-20.3));
#7430=CARTESIAN_POINT('',(-13.4,-17.,-20.3));
#7431=CARTESIAN_POINT('',(-10.9,-15.4,-20.3));
#7432=CARTESIAN_POINT('',(-12.5,-15.4,-20.3));
#7433=CARTESIAN_POINT('',(-10.9,-15.4,-20.3));
#7434=CARTESIAN_POINT('',(-12.5,-17.,-20.3));
#7435=CARTESIAN_POINT('',(-12.5,-15.4,-20.3));
#7436=CARTESIAN_POINT('',(-10.9,-17.,-20.3));
#7437=CARTESIAN_POINT('',(-12.5,-17.,-20.3));
#7438=CARTESIAN_POINT('',(-10.9,-17.,-20.3));
#7439=CARTESIAN_POINT('',(-8.4,-15.4,-20.3));
#7440=CARTESIAN_POINT('',(-10.,-15.4,-20.3));
#7441=CARTESIAN_POINT('',(-8.4,-15.4,-20.3));
#7442=CARTESIAN_POINT('',(-10.,-17.,-20.3));
#7443=CARTESIAN_POINT('',(-10.,-15.4,-20.3));
#7444=CARTESIAN_POINT('',(-8.4,-17.,-20.3));
#7445=CARTESIAN_POINT('',(-10.,-17.,-20.3));
#7446=CARTESIAN_POINT('',(-8.4,-17.,-20.3));
#7447=CARTESIAN_POINT('',(-5.9,-15.4,-20.3));
#7448=CARTESIAN_POINT('',(-7.5,-15.4,-20.3));
#7449=CARTESIAN_POINT('',(-5.9,-15.4,-20.3));
#7450=CARTESIAN_POINT('',(-7.5,-17.,-20.3));
#7451=CARTESIAN_POINT('',(-7.5,-15.4,-20.3));
#7452=CARTESIAN_POINT('',(-5.9,-17.,-20.3));
#7453=CARTESIAN_POINT('',(-7.5,-17.,-20.3));
#7454=CARTESIAN_POINT('',(-5.9,-17.,-20.3));
#7455=CARTESIAN_POINT('',(-3.4,-15.4,-20.3));
#7456=CARTESIAN_POINT('',(-5.,-15.4,-20.3));
#7457=CARTESIAN_POINT('',(-3.4,-15.4,-20.3));
#7458=CARTESIAN_POINT('',(-5.,-17.,-20.3));
#7459=CARTESIAN_POINT('',(-5.,-15.4,-20.3));
#7460=CARTESIAN_POINT('',(-3.4,-17.,-20.3));
#7461=CARTESIAN_POINT('',(-5.,-17.,-20.3));
#7462=CARTESIAN_POINT('',(-3.4,-17.,-20.3));
#7463=CARTESIAN_POINT('',(-0.899999999999981,-15.4,-20.3));
#7464=CARTESIAN_POINT('',(-2.5,-15.4,-20.3));
#7465=CARTESIAN_POINT('',(-0.899999999999981,-15.4,-20.3));
#7466=CARTESIAN_POINT('',(-2.5,-17.,-20.3));
#7467=CARTESIAN_POINT('',(-2.5,-15.4,-20.3));
#7468=CARTESIAN_POINT('',(-0.899999999999981,-17.,-20.3));
#7469=CARTESIAN_POINT('',(-2.5,-17.,-20.3));
#7470=CARTESIAN_POINT('',(-0.899999999999981,-17.,-20.3));
#7471=CARTESIAN_POINT('',(1.6,-15.4,-20.3));
#7472=CARTESIAN_POINT('',(1.7347234759768E-14,-15.4,-20.3));
#7473=CARTESIAN_POINT('',(1.6,-15.4,-20.3));
#7474=CARTESIAN_POINT('',(1.7347234759768E-14,-17.,-20.3));
#7475=CARTESIAN_POINT('',(1.7347234759768E-14,-15.4,-20.3));
#7476=CARTESIAN_POINT('',(1.6,-17.,-20.3));
#7477=CARTESIAN_POINT('',(1.73472347597681E-14,-17.,-20.3));
#7478=CARTESIAN_POINT('',(1.6,-17.,-20.3));
#7479=CARTESIAN_POINT('',(4.1,-15.4,-20.3));
#7480=CARTESIAN_POINT('',(2.5,-15.4,-20.3));
#7481=CARTESIAN_POINT('',(4.1,-15.4,-20.3));
#7482=CARTESIAN_POINT('',(2.5,-17.,-20.3));
#7483=CARTESIAN_POINT('',(2.5,-15.4,-20.3));
#7484=CARTESIAN_POINT('',(4.1,-17.,-20.3));
#7485=CARTESIAN_POINT('',(2.5,-17.,-20.3));
#7486=CARTESIAN_POINT('',(4.1,-17.,-20.3));
#7487=CARTESIAN_POINT('',(6.6,-15.4,-20.3));
#7488=CARTESIAN_POINT('',(5.,-15.4,-20.3));
#7489=CARTESIAN_POINT('',(6.6,-15.4,-20.3));
#7490=CARTESIAN_POINT('',(5.,-17.,-20.3));
#7491=CARTESIAN_POINT('',(5.,-15.4,-20.3));
#7492=CARTESIAN_POINT('',(6.6,-17.,-20.3));
#7493=CARTESIAN_POINT('',(5.,-17.,-20.3));
#7494=CARTESIAN_POINT('',(6.6,-17.,-20.3));
#7495=CARTESIAN_POINT('',(9.1,-15.4,-20.3));
#7496=CARTESIAN_POINT('',(7.5,-15.4,-20.3));
#7497=CARTESIAN_POINT('',(9.1,-15.4,-20.3));
#7498=CARTESIAN_POINT('',(7.5,-17.,-20.3));
#7499=CARTESIAN_POINT('',(7.5,-15.4,-20.3));
#7500=CARTESIAN_POINT('',(9.1,-17.,-20.3));
#7501=CARTESIAN_POINT('',(7.5,-17.,-20.3));
#7502=CARTESIAN_POINT('',(9.1,-17.,-20.3));
#7503=CARTESIAN_POINT('',(11.6,-15.4,-20.3));
#7504=CARTESIAN_POINT('',(10.,-15.4,-20.3));
#7505=CARTESIAN_POINT('',(11.6,-15.4,-20.3));
#7506=CARTESIAN_POINT('',(10.,-17.,-20.3));
#7507=CARTESIAN_POINT('',(10.,-15.4,-20.3));
#7508=CARTESIAN_POINT('',(11.6,-17.,-20.3));
#7509=CARTESIAN_POINT('',(10.,-17.,-20.3));
#7510=CARTESIAN_POINT('',(11.6,-17.,-20.3));
#7511=CARTESIAN_POINT('Origin',(0.,0.,-7.1));
#7512=CARTESIAN_POINT('',(11.3,-15.7,-7.1));
#7513=CARTESIAN_POINT('',(11.3,-16.7,-7.1));
#7514=CARTESIAN_POINT('',(11.3,-15.7,-7.1));
#7515=CARTESIAN_POINT('',(10.3,-16.7,-7.1));
#7516=CARTESIAN_POINT('',(11.3,-16.7,-7.1));
#7517=CARTESIAN_POINT('',(10.3,-15.7,-7.1));
#7518=CARTESIAN_POINT('',(10.3,-16.7,-7.1));
#7519=CARTESIAN_POINT('',(10.3,-15.7,-7.1));
#7520=CARTESIAN_POINT('',(8.8,-15.7,-7.1));
#7521=CARTESIAN_POINT('',(8.8,-16.7,-7.1));
#7522=CARTESIAN_POINT('',(8.8,-15.7,-7.1));
#7523=CARTESIAN_POINT('',(7.8,-16.7,-7.1));
#7524=CARTESIAN_POINT('',(8.8,-16.7,-7.1));
#7525=CARTESIAN_POINT('',(7.8,-15.7,-7.1));
#7526=CARTESIAN_POINT('',(7.8,-16.7,-7.1));
#7527=CARTESIAN_POINT('',(7.8,-15.7,-7.1));
#7528=CARTESIAN_POINT('',(6.3,-15.7,-7.1));
#7529=CARTESIAN_POINT('',(6.3,-16.7,-7.1));
#7530=CARTESIAN_POINT('',(6.3,-15.7,-7.1));
#7531=CARTESIAN_POINT('',(5.3,-16.7,-7.1));
#7532=CARTESIAN_POINT('',(6.3,-16.7,-7.1));
#7533=CARTESIAN_POINT('',(5.3,-15.7,-7.1));
#7534=CARTESIAN_POINT('',(5.3,-16.7,-7.1));
#7535=CARTESIAN_POINT('',(5.3,-15.7,-7.1));
#7536=CARTESIAN_POINT('',(3.8,-15.7,-7.1));
#7537=CARTESIAN_POINT('',(3.8,-16.7,-7.1));
#7538=CARTESIAN_POINT('',(3.8,-15.7,-7.1));
#7539=CARTESIAN_POINT('',(2.8,-16.7,-7.1));
#7540=CARTESIAN_POINT('',(3.8,-16.7,-7.1));
#7541=CARTESIAN_POINT('',(2.8,-15.7,-7.1));
#7542=CARTESIAN_POINT('',(2.8,-16.7,-7.1));
#7543=CARTESIAN_POINT('',(2.8,-15.7,-7.1));
#7544=CARTESIAN_POINT('',(1.30000000000002,-15.7,-7.1));
#7545=CARTESIAN_POINT('',(1.30000000000002,-16.7,-7.1));
#7546=CARTESIAN_POINT('',(1.30000000000002,-15.7,-7.1));
#7547=CARTESIAN_POINT('',(0.300000000000019,-16.7,-7.1));
#7548=CARTESIAN_POINT('',(1.30000000000002,-16.7,-7.1));
#7549=CARTESIAN_POINT('',(0.300000000000019,-15.7,-7.1));
#7550=CARTESIAN_POINT('',(0.300000000000019,-16.7,-7.1));
#7551=CARTESIAN_POINT('',(0.300000000000019,-15.7,-7.1));
#7552=CARTESIAN_POINT('',(-1.19999999999998,-15.7,-7.1));
#7553=CARTESIAN_POINT('',(-1.19999999999998,-16.7,-7.1));
#7554=CARTESIAN_POINT('',(-1.19999999999998,-15.7,-7.1));
#7555=CARTESIAN_POINT('',(-2.2,-16.7,-7.1));
#7556=CARTESIAN_POINT('',(-1.19999999999998,-16.7,-7.1));
#7557=CARTESIAN_POINT('',(-2.2,-15.7,-7.1));
#7558=CARTESIAN_POINT('',(-2.2,-16.7,-7.1));
#7559=CARTESIAN_POINT('',(-2.2,-15.7,-7.1));
#7560=CARTESIAN_POINT('',(-3.7,-15.7,-7.1));
#7561=CARTESIAN_POINT('',(-3.7,-16.7,-7.1));
#7562=CARTESIAN_POINT('',(-3.7,-15.7,-7.1));
#7563=CARTESIAN_POINT('',(-4.7,-16.7,-7.1));
#7564=CARTESIAN_POINT('',(-3.7,-16.7,-7.1));
#7565=CARTESIAN_POINT('',(-4.7,-15.7,-7.1));
#7566=CARTESIAN_POINT('',(-4.7,-16.7,-7.1));
#7567=CARTESIAN_POINT('',(-4.7,-15.7,-7.1));
#7568=CARTESIAN_POINT('',(-6.2,-15.7,-7.1));
#7569=CARTESIAN_POINT('',(-6.2,-16.7,-7.1));
#7570=CARTESIAN_POINT('',(-6.2,-15.7,-7.1));
#7571=CARTESIAN_POINT('',(-7.2,-16.7,-7.1));
#7572=CARTESIAN_POINT('',(-6.2,-16.7,-7.1));
#7573=CARTESIAN_POINT('',(-7.2,-15.7,-7.1));
#7574=CARTESIAN_POINT('',(-7.2,-16.7,-7.1));
#7575=CARTESIAN_POINT('',(-7.2,-15.7,-7.1));
#7576=CARTESIAN_POINT('',(-8.7,-15.7,-7.1));
#7577=CARTESIAN_POINT('',(-8.7,-16.7,-7.1));
#7578=CARTESIAN_POINT('',(-8.7,-15.7,-7.1));
#7579=CARTESIAN_POINT('',(-9.7,-16.7,-7.1));
#7580=CARTESIAN_POINT('',(-8.7,-16.7,-7.1));
#7581=CARTESIAN_POINT('',(-9.7,-15.7,-7.1));
#7582=CARTESIAN_POINT('',(-9.7,-16.7,-7.1));
#7583=CARTESIAN_POINT('',(-9.7,-15.7,-7.1));
#7584=CARTESIAN_POINT('',(-11.2,-15.7,-7.1));
#7585=CARTESIAN_POINT('',(-11.2,-16.7,-7.1));
#7586=CARTESIAN_POINT('',(-11.2,-15.7,-7.1));
#7587=CARTESIAN_POINT('',(-12.2,-16.7,-7.1));
#7588=CARTESIAN_POINT('',(-11.2,-16.7,-7.1));
#7589=CARTESIAN_POINT('',(-12.2,-15.7,-7.1));
#7590=CARTESIAN_POINT('',(-12.2,-16.7,-7.1));
#7591=CARTESIAN_POINT('',(-12.2,-15.7,-7.1));
#7592=CARTESIAN_POINT('',(-13.7,-15.7,-7.1));
#7593=CARTESIAN_POINT('',(-13.7,-16.7,-7.1));
#7594=CARTESIAN_POINT('',(-13.7,-15.7,-7.1));
#7595=CARTESIAN_POINT('',(-14.7,-16.7,-7.1));
#7596=CARTESIAN_POINT('',(-13.7,-16.7,-7.1));
#7597=CARTESIAN_POINT('',(-14.7,-15.7,-7.1));
#7598=CARTESIAN_POINT('',(-14.7,-16.7,-7.1));
#7599=CARTESIAN_POINT('',(-14.7,-15.7,-7.1));
#7600=CARTESIAN_POINT('',(13.8,-15.7,-7.1));
#7601=CARTESIAN_POINT('',(13.8,-16.7,-7.1));
#7602=CARTESIAN_POINT('',(13.8,-15.7,-7.1));
#7603=CARTESIAN_POINT('',(12.8,-16.7,-7.1));
#7604=CARTESIAN_POINT('',(13.8,-16.7,-7.1));
#7605=CARTESIAN_POINT('',(12.8,-15.7,-7.1));
#7606=CARTESIAN_POINT('',(12.8,-16.7,-7.1));
#7607=CARTESIAN_POINT('',(12.8,-15.7,-7.1));
#7608=CARTESIAN_POINT('',(16.3,-15.7,-7.1));
#7609=CARTESIAN_POINT('',(16.3,-16.7,-7.1));
#7610=CARTESIAN_POINT('',(16.3,-15.7,-7.1));
#7611=CARTESIAN_POINT('',(15.3,-16.7,-7.1));
#7612=CARTESIAN_POINT('',(16.3,-16.7,-7.1));
#7613=CARTESIAN_POINT('',(15.3,-15.7,-7.1));
#7614=CARTESIAN_POINT('',(15.3,-16.7,-7.1));
#7615=CARTESIAN_POINT('',(15.3,-15.7,-7.1));
#7616=CARTESIAN_POINT('',(-14.7,-13.8,-7.1));
#7617=CARTESIAN_POINT('',(-13.7,-13.8,-7.1));
#7618=CARTESIAN_POINT('',(-14.7,-13.8,-7.1));
#7619=CARTESIAN_POINT('',(-13.7,-14.8,-7.1));
#7620=CARTESIAN_POINT('',(-13.7,-13.8,-7.1));
#7621=CARTESIAN_POINT('',(-14.7,-14.8,-7.1));
#7622=CARTESIAN_POINT('',(-13.7,-14.8,-7.1));
#7623=CARTESIAN_POINT('',(-14.7,-14.8,-7.1));
#7624=CARTESIAN_POINT('',(-12.2,-13.8,-7.1));
#7625=CARTESIAN_POINT('',(-11.2,-13.8,-7.1));
#7626=CARTESIAN_POINT('',(-12.2,-13.8,-7.1));
#7627=CARTESIAN_POINT('',(-11.2,-14.8,-7.1));
#7628=CARTESIAN_POINT('',(-11.2,-13.8,-7.1));
#7629=CARTESIAN_POINT('',(-12.2,-14.8,-7.1));
#7630=CARTESIAN_POINT('',(-11.2,-14.8,-7.1));
#7631=CARTESIAN_POINT('',(-12.2,-14.8,-7.1));
#7632=CARTESIAN_POINT('',(-9.7,-13.8,-7.1));
#7633=CARTESIAN_POINT('',(-8.7,-13.8,-7.1));
#7634=CARTESIAN_POINT('',(-9.7,-13.8,-7.1));
#7635=CARTESIAN_POINT('',(-8.7,-14.8,-7.1));
#7636=CARTESIAN_POINT('',(-8.7,-13.8,-7.1));
#7637=CARTESIAN_POINT('',(-9.7,-14.8,-7.1));
#7638=CARTESIAN_POINT('',(-8.7,-14.8,-7.1));
#7639=CARTESIAN_POINT('',(-9.7,-14.8,-7.1));
#7640=CARTESIAN_POINT('',(-7.2,-13.8,-7.1));
#7641=CARTESIAN_POINT('',(-6.2,-13.8,-7.1));
#7642=CARTESIAN_POINT('',(-7.2,-13.8,-7.1));
#7643=CARTESIAN_POINT('',(-6.2,-14.8,-7.1));
#7644=CARTESIAN_POINT('',(-6.2,-13.8,-7.1));
#7645=CARTESIAN_POINT('',(-7.2,-14.8,-7.1));
#7646=CARTESIAN_POINT('',(-6.2,-14.8,-7.1));
#7647=CARTESIAN_POINT('',(-7.2,-14.8,-7.1));
#7648=CARTESIAN_POINT('',(-4.7,-13.8,-7.1));
#7649=CARTESIAN_POINT('',(-3.7,-13.8,-7.1));
#7650=CARTESIAN_POINT('',(-4.7,-13.8,-7.1));
#7651=CARTESIAN_POINT('',(-3.7,-14.8,-7.1));
#7652=CARTESIAN_POINT('',(-3.7,-13.8,-7.1));
#7653=CARTESIAN_POINT('',(-4.7,-14.8,-7.1));
#7654=CARTESIAN_POINT('',(-3.7,-14.8,-7.1));
#7655=CARTESIAN_POINT('',(-4.7,-14.8,-7.1));
#7656=CARTESIAN_POINT('',(-2.2,-13.8,-7.1));
#7657=CARTESIAN_POINT('',(-1.19999999999998,-13.8,-7.1));
#7658=CARTESIAN_POINT('',(-2.2,-13.8,-7.1));
#7659=CARTESIAN_POINT('',(-1.19999999999998,-14.8,-7.1));
#7660=CARTESIAN_POINT('',(-1.19999999999998,-13.8,-7.1));
#7661=CARTESIAN_POINT('',(-2.2,-14.8,-7.1));
#7662=CARTESIAN_POINT('',(-1.19999999999998,-14.8,-7.1));
#7663=CARTESIAN_POINT('',(-2.2,-14.8,-7.1));
#7664=CARTESIAN_POINT('',(0.300000000000019,-13.8,-7.1));
#7665=CARTESIAN_POINT('',(1.30000000000002,-13.8,-7.1));
#7666=CARTESIAN_POINT('',(0.300000000000019,-13.8,-7.1));
#7667=CARTESIAN_POINT('',(1.30000000000002,-14.8,-7.1));
#7668=CARTESIAN_POINT('',(1.30000000000002,-13.8,-7.1));
#7669=CARTESIAN_POINT('',(0.300000000000019,-14.8,-7.1));
#7670=CARTESIAN_POINT('',(1.30000000000002,-14.8,-7.1));
#7671=CARTESIAN_POINT('',(0.300000000000019,-14.8,-7.1));
#7672=CARTESIAN_POINT('',(2.8,-13.8,-7.1));
#7673=CARTESIAN_POINT('',(3.8,-13.8,-7.1));
#7674=CARTESIAN_POINT('',(2.8,-13.8,-7.1));
#7675=CARTESIAN_POINT('',(3.8,-14.8,-7.1));
#7676=CARTESIAN_POINT('',(3.8,-13.8,-7.1));
#7677=CARTESIAN_POINT('',(2.8,-14.8,-7.1));
#7678=CARTESIAN_POINT('',(3.8,-14.8,-7.1));
#7679=CARTESIAN_POINT('',(2.8,-14.8,-7.1));
#7680=CARTESIAN_POINT('',(5.3,-13.8,-7.1));
#7681=CARTESIAN_POINT('',(6.3,-13.8,-7.1));
#7682=CARTESIAN_POINT('',(5.3,-13.8,-7.1));
#7683=CARTESIAN_POINT('',(6.3,-14.8,-7.1));
#7684=CARTESIAN_POINT('',(6.3,-13.8,-7.1));
#7685=CARTESIAN_POINT('',(5.3,-14.8,-7.1));
#7686=CARTESIAN_POINT('',(6.3,-14.8,-7.1));
#7687=CARTESIAN_POINT('',(5.3,-14.8,-7.1));
#7688=CARTESIAN_POINT('',(7.8,-13.8,-7.1));
#7689=CARTESIAN_POINT('',(8.8,-13.8,-7.1));
#7690=CARTESIAN_POINT('',(7.8,-13.8,-7.1));
#7691=CARTESIAN_POINT('',(8.8,-14.8,-7.1));
#7692=CARTESIAN_POINT('',(8.8,-13.8,-7.1));
#7693=CARTESIAN_POINT('',(7.8,-14.8,-7.1));
#7694=CARTESIAN_POINT('',(8.8,-14.8,-7.1));
#7695=CARTESIAN_POINT('',(7.8,-14.8,-7.1));
#7696=CARTESIAN_POINT('',(10.3,-13.8,-7.1));
#7697=CARTESIAN_POINT('',(11.3,-13.8,-7.1));
#7698=CARTESIAN_POINT('',(10.3,-13.8,-7.1));
#7699=CARTESIAN_POINT('',(11.3,-14.8,-7.1));
#7700=CARTESIAN_POINT('',(11.3,-13.8,-7.1));
#7701=CARTESIAN_POINT('',(10.3,-14.8,-7.1));
#7702=CARTESIAN_POINT('',(11.3,-14.8,-7.1));
#7703=CARTESIAN_POINT('',(10.3,-14.8,-7.1));
#7704=CARTESIAN_POINT('',(12.8,-13.8,-7.1));
#7705=CARTESIAN_POINT('',(13.8,-13.8,-7.1));
#7706=CARTESIAN_POINT('',(12.8,-13.8,-7.1));
#7707=CARTESIAN_POINT('',(13.8,-14.8,-7.1));
#7708=CARTESIAN_POINT('',(13.8,-13.8,-7.1));
#7709=CARTESIAN_POINT('',(12.8,-14.8,-7.1));
#7710=CARTESIAN_POINT('',(13.8,-14.8,-7.1));
#7711=CARTESIAN_POINT('',(12.8,-14.8,-7.1));
#7712=CARTESIAN_POINT('',(15.3,-13.8,-7.1));
#7713=CARTESIAN_POINT('',(16.3,-13.8,-7.1));
#7714=CARTESIAN_POINT('',(15.3,-13.8,-7.1));
#7715=CARTESIAN_POINT('',(16.3,-14.8,-7.1));
#7716=CARTESIAN_POINT('',(16.3,-13.8,-7.1));
#7717=CARTESIAN_POINT('',(15.3,-14.8,-7.1));
#7718=CARTESIAN_POINT('',(16.3,-14.8,-7.1));
#7719=CARTESIAN_POINT('',(15.3,-14.8,-7.1));
#7720=CARTESIAN_POINT('Origin',(16.3,-13.8,-7.1));
#7721=CARTESIAN_POINT('',(16.3,-13.8,-20.));
#7722=CARTESIAN_POINT('',(16.3,-13.8,-7.1));
#7723=CARTESIAN_POINT('',(16.3,-14.8,-20.));
#7724=CARTESIAN_POINT('',(16.3,-13.8,-20.));
#7725=CARTESIAN_POINT('',(16.3,-14.8,-7.1));
#7726=CARTESIAN_POINT('Origin',(16.3,-13.8,-7.1));
#7727=CARTESIAN_POINT('',(15.3,-13.8,-20.));
#7728=CARTESIAN_POINT('',(15.3,-13.8,-7.1));
#7729=CARTESIAN_POINT('',(15.3,-13.8,-20.));
#7730=CARTESIAN_POINT('Origin',(15.3,-13.8,-7.1));
#7731=CARTESIAN_POINT('',(15.3,-14.8,-20.));
#7732=CARTESIAN_POINT('',(15.3,-14.8,-7.1));
#7733=CARTESIAN_POINT('',(15.3,-14.8,-20.));
#7734=CARTESIAN_POINT('Origin',(16.3,-14.8,-7.1));
#7735=CARTESIAN_POINT('',(16.3,-14.8,-20.));
#7736=CARTESIAN_POINT('Origin',(13.8,-13.8,-7.1));
#7737=CARTESIAN_POINT('',(13.8,-13.8,-20.));
#7738=CARTESIAN_POINT('',(13.8,-13.8,-7.1));
#7739=CARTESIAN_POINT('',(13.8,-14.8,-20.));
#7740=CARTESIAN_POINT('',(13.8,-13.8,-20.));
#7741=CARTESIAN_POINT('',(13.8,-14.8,-7.1));
#7742=CARTESIAN_POINT('Origin',(13.8,-13.8,-7.1));
#7743=CARTESIAN_POINT('',(12.8,-13.8,-20.));
#7744=CARTESIAN_POINT('',(12.8,-13.8,-7.1));
#7745=CARTESIAN_POINT('',(12.8,-13.8,-20.));
#7746=CARTESIAN_POINT('Origin',(12.8,-13.8,-7.1));
#7747=CARTESIAN_POINT('',(12.8,-14.8,-20.));
#7748=CARTESIAN_POINT('',(12.8,-14.8,-7.1));
#7749=CARTESIAN_POINT('',(12.8,-14.8,-20.));
#7750=CARTESIAN_POINT('Origin',(13.8,-14.8,-7.1));
#7751=CARTESIAN_POINT('',(13.8,-14.8,-20.));
#7752=CARTESIAN_POINT('Origin',(11.3,-13.8,-7.1));
#7753=CARTESIAN_POINT('',(11.3,-13.8,-20.));
#7754=CARTESIAN_POINT('',(11.3,-13.8,-7.1));
#7755=CARTESIAN_POINT('',(11.3,-14.8,-20.));
#7756=CARTESIAN_POINT('',(11.3,-13.8,-20.));
#7757=CARTESIAN_POINT('',(11.3,-14.8,-7.1));
#7758=CARTESIAN_POINT('Origin',(11.3,-13.8,-7.1));
#7759=CARTESIAN_POINT('',(10.3,-13.8,-20.));
#7760=CARTESIAN_POINT('',(10.3,-13.8,-7.1));
#7761=CARTESIAN_POINT('',(10.3,-13.8,-20.));
#7762=CARTESIAN_POINT('Origin',(10.3,-13.8,-7.1));
#7763=CARTESIAN_POINT('',(10.3,-14.8,-20.));
#7764=CARTESIAN_POINT('',(10.3,-14.8,-7.1));
#7765=CARTESIAN_POINT('',(10.3,-14.8,-20.));
#7766=CARTESIAN_POINT('Origin',(11.3,-14.8,-7.1));
#7767=CARTESIAN_POINT('',(11.3,-14.8,-20.));
#7768=CARTESIAN_POINT('Origin',(8.8,-13.8,-7.1));
#7769=CARTESIAN_POINT('',(8.8,-13.8,-20.));
#7770=CARTESIAN_POINT('',(8.8,-13.8,-7.1));
#7771=CARTESIAN_POINT('',(8.8,-14.8,-20.));
#7772=CARTESIAN_POINT('',(8.8,-13.8,-20.));
#7773=CARTESIAN_POINT('',(8.8,-14.8,-7.1));
#7774=CARTESIAN_POINT('Origin',(8.8,-13.8,-7.1));
#7775=CARTESIAN_POINT('',(7.8,-13.8,-20.));
#7776=CARTESIAN_POINT('',(7.8,-13.8,-7.1));
#7777=CARTESIAN_POINT('',(7.8,-13.8,-20.));
#7778=CARTESIAN_POINT('Origin',(7.8,-13.8,-7.1));
#7779=CARTESIAN_POINT('',(7.8,-14.8,-20.));
#7780=CARTESIAN_POINT('',(7.8,-14.8,-7.1));
#7781=CARTESIAN_POINT('',(7.8,-14.8,-20.));
#7782=CARTESIAN_POINT('Origin',(8.8,-14.8,-7.1));
#7783=CARTESIAN_POINT('',(8.8,-14.8,-20.));
#7784=CARTESIAN_POINT('Origin',(6.3,-13.8,-7.1));
#7785=CARTESIAN_POINT('',(6.3,-13.8,-20.));
#7786=CARTESIAN_POINT('',(6.3,-13.8,-7.1));
#7787=CARTESIAN_POINT('',(6.3,-14.8,-20.));
#7788=CARTESIAN_POINT('',(6.3,-13.8,-20.));
#7789=CARTESIAN_POINT('',(6.3,-14.8,-7.1));
#7790=CARTESIAN_POINT('Origin',(6.3,-13.8,-7.1));
#7791=CARTESIAN_POINT('',(5.3,-13.8,-20.));
#7792=CARTESIAN_POINT('',(5.3,-13.8,-7.1));
#7793=CARTESIAN_POINT('',(5.3,-13.8,-20.));
#7794=CARTESIAN_POINT('Origin',(5.3,-13.8,-7.1));
#7795=CARTESIAN_POINT('',(5.3,-14.8,-20.));
#7796=CARTESIAN_POINT('',(5.3,-14.8,-7.1));
#7797=CARTESIAN_POINT('',(5.3,-14.8,-20.));
#7798=CARTESIAN_POINT('Origin',(6.3,-14.8,-7.1));
#7799=CARTESIAN_POINT('',(6.3,-14.8,-20.));
#7800=CARTESIAN_POINT('Origin',(3.8,-13.8,-7.1));
#7801=CARTESIAN_POINT('',(3.8,-13.8,-20.));
#7802=CARTESIAN_POINT('',(3.8,-13.8,-7.1));
#7803=CARTESIAN_POINT('',(3.8,-14.8,-20.));
#7804=CARTESIAN_POINT('',(3.8,-13.8,-20.));
#7805=CARTESIAN_POINT('',(3.8,-14.8,-7.1));
#7806=CARTESIAN_POINT('Origin',(3.8,-13.8,-7.1));
#7807=CARTESIAN_POINT('',(2.8,-13.8,-20.));
#7808=CARTESIAN_POINT('',(2.8,-13.8,-7.1));
#7809=CARTESIAN_POINT('',(2.8,-13.8,-20.));
#7810=CARTESIAN_POINT('Origin',(2.8,-13.8,-7.1));
#7811=CARTESIAN_POINT('',(2.8,-14.8,-20.));
#7812=CARTESIAN_POINT('',(2.8,-14.8,-7.1));
#7813=CARTESIAN_POINT('',(2.8,-14.8,-20.));
#7814=CARTESIAN_POINT('Origin',(3.8,-14.8,-7.1));
#7815=CARTESIAN_POINT('',(3.8,-14.8,-20.));
#7816=CARTESIAN_POINT('Origin',(1.30000000000002,-13.8,-7.1));
#7817=CARTESIAN_POINT('',(1.30000000000002,-13.8,-20.));
#7818=CARTESIAN_POINT('',(1.30000000000002,-13.8,-7.1));
#7819=CARTESIAN_POINT('',(1.30000000000002,-14.8,-20.));
#7820=CARTESIAN_POINT('',(1.30000000000002,-13.8,-20.));
#7821=CARTESIAN_POINT('',(1.30000000000002,-14.8,-7.1));
#7822=CARTESIAN_POINT('Origin',(1.30000000000002,-13.8,-7.1));
#7823=CARTESIAN_POINT('',(0.300000000000019,-13.8,-20.));
#7824=CARTESIAN_POINT('',(0.300000000000019,-13.8,-7.1));
#7825=CARTESIAN_POINT('',(0.300000000000019,-13.8,-20.));
#7826=CARTESIAN_POINT('Origin',(0.300000000000019,-13.8,-7.1));
#7827=CARTESIAN_POINT('',(0.300000000000019,-14.8,-20.));
#7828=CARTESIAN_POINT('',(0.300000000000019,-14.8,-7.1));
#7829=CARTESIAN_POINT('',(0.300000000000019,-14.8,-20.));
#7830=CARTESIAN_POINT('Origin',(1.30000000000002,-14.8,-7.1));
#7831=CARTESIAN_POINT('',(1.30000000000002,-14.8,-20.));
#7832=CARTESIAN_POINT('Origin',(-1.19999999999998,-13.8,-7.1));
#7833=CARTESIAN_POINT('',(-1.19999999999998,-13.8,-20.));
#7834=CARTESIAN_POINT('',(-1.19999999999998,-13.8,-7.1));
#7835=CARTESIAN_POINT('',(-1.19999999999998,-14.8,-20.));
#7836=CARTESIAN_POINT('',(-1.19999999999998,-13.8,-20.));
#7837=CARTESIAN_POINT('',(-1.19999999999998,-14.8,-7.1));
#7838=CARTESIAN_POINT('Origin',(-1.19999999999998,-13.8,-7.1));
#7839=CARTESIAN_POINT('',(-2.2,-13.8,-20.));
#7840=CARTESIAN_POINT('',(-2.2,-13.8,-7.1));
#7841=CARTESIAN_POINT('',(-2.2,-13.8,-20.));
#7842=CARTESIAN_POINT('Origin',(-2.2,-13.8,-7.1));
#7843=CARTESIAN_POINT('',(-2.2,-14.8,-20.));
#7844=CARTESIAN_POINT('',(-2.2,-14.8,-7.1));
#7845=CARTESIAN_POINT('',(-2.2,-14.8,-20.));
#7846=CARTESIAN_POINT('Origin',(-1.19999999999998,-14.8,-7.1));
#7847=CARTESIAN_POINT('',(-1.19999999999998,-14.8,-20.));
#7848=CARTESIAN_POINT('Origin',(-3.7,-13.8,-7.1));
#7849=CARTESIAN_POINT('',(-3.7,-13.8,-20.));
#7850=CARTESIAN_POINT('',(-3.7,-13.8,-7.1));
#7851=CARTESIAN_POINT('',(-3.7,-14.8,-20.));
#7852=CARTESIAN_POINT('',(-3.7,-13.8,-20.));
#7853=CARTESIAN_POINT('',(-3.7,-14.8,-7.1));
#7854=CARTESIAN_POINT('Origin',(-3.7,-13.8,-7.1));
#7855=CARTESIAN_POINT('',(-4.7,-13.8,-20.));
#7856=CARTESIAN_POINT('',(-4.7,-13.8,-7.1));
#7857=CARTESIAN_POINT('',(-4.7,-13.8,-20.));
#7858=CARTESIAN_POINT('Origin',(-4.7,-13.8,-7.1));
#7859=CARTESIAN_POINT('',(-4.7,-14.8,-20.));
#7860=CARTESIAN_POINT('',(-4.7,-14.8,-7.1));
#7861=CARTESIAN_POINT('',(-4.7,-14.8,-20.));
#7862=CARTESIAN_POINT('Origin',(-3.7,-14.8,-7.1));
#7863=CARTESIAN_POINT('',(-3.7,-14.8,-20.));
#7864=CARTESIAN_POINT('Origin',(-6.2,-13.8,-7.1));
#7865=CARTESIAN_POINT('',(-6.2,-13.8,-20.));
#7866=CARTESIAN_POINT('',(-6.2,-13.8,-7.1));
#7867=CARTESIAN_POINT('',(-6.2,-14.8,-20.));
#7868=CARTESIAN_POINT('',(-6.2,-13.8,-20.));
#7869=CARTESIAN_POINT('',(-6.2,-14.8,-7.1));
#7870=CARTESIAN_POINT('Origin',(-6.2,-13.8,-7.1));
#7871=CARTESIAN_POINT('',(-7.2,-13.8,-20.));
#7872=CARTESIAN_POINT('',(-7.2,-13.8,-7.1));
#7873=CARTESIAN_POINT('',(-7.2,-13.8,-20.));
#7874=CARTESIAN_POINT('Origin',(-7.2,-13.8,-7.1));
#7875=CARTESIAN_POINT('',(-7.2,-14.8,-20.));
#7876=CARTESIAN_POINT('',(-7.2,-14.8,-7.1));
#7877=CARTESIAN_POINT('',(-7.2,-14.8,-20.));
#7878=CARTESIAN_POINT('Origin',(-6.2,-14.8,-7.1));
#7879=CARTESIAN_POINT('',(-6.2,-14.8,-20.));
#7880=CARTESIAN_POINT('Origin',(-8.7,-13.8,-7.1));
#7881=CARTESIAN_POINT('',(-8.7,-13.8,-20.));
#7882=CARTESIAN_POINT('',(-8.7,-13.8,-7.1));
#7883=CARTESIAN_POINT('',(-8.7,-14.8,-20.));
#7884=CARTESIAN_POINT('',(-8.7,-13.8,-20.));
#7885=CARTESIAN_POINT('',(-8.7,-14.8,-7.1));
#7886=CARTESIAN_POINT('Origin',(-8.7,-13.8,-7.1));
#7887=CARTESIAN_POINT('',(-9.7,-13.8,-20.));
#7888=CARTESIAN_POINT('',(-9.7,-13.8,-7.1));
#7889=CARTESIAN_POINT('',(-9.7,-13.8,-20.));
#7890=CARTESIAN_POINT('Origin',(-9.7,-13.8,-7.1));
#7891=CARTESIAN_POINT('',(-9.7,-14.8,-20.));
#7892=CARTESIAN_POINT('',(-9.7,-14.8,-7.1));
#7893=CARTESIAN_POINT('',(-9.7,-14.8,-20.));
#7894=CARTESIAN_POINT('Origin',(-8.7,-14.8,-7.1));
#7895=CARTESIAN_POINT('',(-8.7,-14.8,-20.));
#7896=CARTESIAN_POINT('Origin',(-11.2,-13.8,-7.1));
#7897=CARTESIAN_POINT('',(-11.2,-13.8,-20.));
#7898=CARTESIAN_POINT('',(-11.2,-13.8,-7.1));
#7899=CARTESIAN_POINT('',(-11.2,-14.8,-20.));
#7900=CARTESIAN_POINT('',(-11.2,-13.8,-20.));
#7901=CARTESIAN_POINT('',(-11.2,-14.8,-7.1));
#7902=CARTESIAN_POINT('Origin',(-11.2,-13.8,-7.1));
#7903=CARTESIAN_POINT('',(-12.2,-13.8,-20.));
#7904=CARTESIAN_POINT('',(-12.2,-13.8,-7.1));
#7905=CARTESIAN_POINT('',(-12.2,-13.8,-20.));
#7906=CARTESIAN_POINT('Origin',(-12.2,-13.8,-7.1));
#7907=CARTESIAN_POINT('',(-12.2,-14.8,-20.));
#7908=CARTESIAN_POINT('',(-12.2,-14.8,-7.1));
#7909=CARTESIAN_POINT('',(-12.2,-14.8,-20.));
#7910=CARTESIAN_POINT('Origin',(-11.2,-14.8,-7.1));
#7911=CARTESIAN_POINT('',(-11.2,-14.8,-20.));
#7912=CARTESIAN_POINT('Origin',(-13.7,-13.8,-7.1));
#7913=CARTESIAN_POINT('',(-13.7,-13.8,-20.));
#7914=CARTESIAN_POINT('',(-13.7,-13.8,-7.1));
#7915=CARTESIAN_POINT('',(-13.7,-14.8,-20.));
#7916=CARTESIAN_POINT('',(-13.7,-13.8,-20.));
#7917=CARTESIAN_POINT('',(-13.7,-14.8,-7.1));
#7918=CARTESIAN_POINT('Origin',(-13.7,-13.8,-7.1));
#7919=CARTESIAN_POINT('',(-14.7,-13.8,-20.));
#7920=CARTESIAN_POINT('',(-14.7,-13.8,-7.1));
#7921=CARTESIAN_POINT('',(-14.7,-13.8,-20.));
#7922=CARTESIAN_POINT('Origin',(-14.7,-13.8,-7.1));
#7923=CARTESIAN_POINT('',(-14.7,-14.8,-20.));
#7924=CARTESIAN_POINT('',(-14.7,-14.8,-7.1));
#7925=CARTESIAN_POINT('',(-14.7,-14.8,-20.));
#7926=CARTESIAN_POINT('Origin',(-13.7,-14.8,-7.1));
#7927=CARTESIAN_POINT('',(-13.7,-14.8,-20.));
#7928=CARTESIAN_POINT('Origin',(16.3,-16.7,-7.1));
#7929=CARTESIAN_POINT('',(16.3,-16.7,-20.));
#7930=CARTESIAN_POINT('',(16.3,-16.7,-7.1));
#7931=CARTESIAN_POINT('',(15.3,-16.7,-20.));
#7932=CARTESIAN_POINT('',(16.3,-16.7,-20.));
#7933=CARTESIAN_POINT('',(15.3,-16.7,-7.1));
#7934=CARTESIAN_POINT('Origin',(16.3,-16.7,-7.1));
#7935=CARTESIAN_POINT('',(16.3,-15.7,-20.));
#7936=CARTESIAN_POINT('',(16.3,-15.7,-7.1));
#7937=CARTESIAN_POINT('',(16.3,-15.7,-20.));
#7938=CARTESIAN_POINT('Origin',(16.3,-15.7,-7.1));
#7939=CARTESIAN_POINT('',(15.3,-15.7,-20.));
#7940=CARTESIAN_POINT('',(15.3,-15.7,-7.1));
#7941=CARTESIAN_POINT('',(15.3,-15.7,-20.));
#7942=CARTESIAN_POINT('Origin',(15.3,-16.7,-7.1));
#7943=CARTESIAN_POINT('',(15.3,-16.7,-20.));
#7944=CARTESIAN_POINT('Origin',(13.8,-16.7,-7.1));
#7945=CARTESIAN_POINT('',(13.8,-16.7,-20.));
#7946=CARTESIAN_POINT('',(13.8,-16.7,-7.1));
#7947=CARTESIAN_POINT('',(12.8,-16.7,-20.));
#7948=CARTESIAN_POINT('',(13.8,-16.7,-20.));
#7949=CARTESIAN_POINT('',(12.8,-16.7,-7.1));
#7950=CARTESIAN_POINT('Origin',(13.8,-16.7,-7.1));
#7951=CARTESIAN_POINT('',(13.8,-15.7,-20.));
#7952=CARTESIAN_POINT('',(13.8,-15.7,-7.1));
#7953=CARTESIAN_POINT('',(13.8,-15.7,-20.));
#7954=CARTESIAN_POINT('Origin',(13.8,-15.7,-7.1));
#7955=CARTESIAN_POINT('',(12.8,-15.7,-20.));
#7956=CARTESIAN_POINT('',(12.8,-15.7,-7.1));
#7957=CARTESIAN_POINT('',(12.8,-15.7,-20.));
#7958=CARTESIAN_POINT('Origin',(12.8,-16.7,-7.1));
#7959=CARTESIAN_POINT('',(12.8,-16.7,-20.));
#7960=CARTESIAN_POINT('Origin',(-13.7,-16.7,-7.1));
#7961=CARTESIAN_POINT('',(-13.7,-16.7,-20.));
#7962=CARTESIAN_POINT('',(-13.7,-16.7,-7.1));
#7963=CARTESIAN_POINT('',(-14.7,-16.7,-20.));
#7964=CARTESIAN_POINT('',(-13.7,-16.7,-20.));
#7965=CARTESIAN_POINT('',(-14.7,-16.7,-7.1));
#7966=CARTESIAN_POINT('Origin',(-13.7,-16.7,-7.1));
#7967=CARTESIAN_POINT('',(-13.7,-15.7,-20.));
#7968=CARTESIAN_POINT('',(-13.7,-15.7,-7.1));
#7969=CARTESIAN_POINT('',(-13.7,-15.7,-20.));
#7970=CARTESIAN_POINT('Origin',(-13.7,-15.7,-7.1));
#7971=CARTESIAN_POINT('',(-14.7,-15.7,-20.));
#7972=CARTESIAN_POINT('',(-14.7,-15.7,-7.1));
#7973=CARTESIAN_POINT('',(-14.7,-15.7,-20.));
#7974=CARTESIAN_POINT('Origin',(-14.7,-16.7,-7.1));
#7975=CARTESIAN_POINT('',(-14.7,-16.7,-20.));
#7976=CARTESIAN_POINT('Origin',(-11.2,-16.7,-7.1));
#7977=CARTESIAN_POINT('',(-11.2,-16.7,-20.));
#7978=CARTESIAN_POINT('',(-11.2,-16.7,-7.1));
#7979=CARTESIAN_POINT('',(-12.2,-16.7,-20.));
#7980=CARTESIAN_POINT('',(-11.2,-16.7,-20.));
#7981=CARTESIAN_POINT('',(-12.2,-16.7,-7.1));
#7982=CARTESIAN_POINT('Origin',(-11.2,-16.7,-7.1));
#7983=CARTESIAN_POINT('',(-11.2,-15.7,-20.));
#7984=CARTESIAN_POINT('',(-11.2,-15.7,-7.1));
#7985=CARTESIAN_POINT('',(-11.2,-15.7,-20.));
#7986=CARTESIAN_POINT('Origin',(-11.2,-15.7,-7.1));
#7987=CARTESIAN_POINT('',(-12.2,-15.7,-20.));
#7988=CARTESIAN_POINT('',(-12.2,-15.7,-7.1));
#7989=CARTESIAN_POINT('',(-12.2,-15.7,-20.));
#7990=CARTESIAN_POINT('Origin',(-12.2,-16.7,-7.1));
#7991=CARTESIAN_POINT('',(-12.2,-16.7,-20.));
#7992=CARTESIAN_POINT('Origin',(-8.7,-16.7,-7.1));
#7993=CARTESIAN_POINT('',(-8.7,-16.7,-20.));
#7994=CARTESIAN_POINT('',(-8.7,-16.7,-7.1));
#7995=CARTESIAN_POINT('',(-9.7,-16.7,-20.));
#7996=CARTESIAN_POINT('',(-8.7,-16.7,-20.));
#7997=CARTESIAN_POINT('',(-9.7,-16.7,-7.1));
#7998=CARTESIAN_POINT('Origin',(-8.7,-16.7,-7.1));
#7999=CARTESIAN_POINT('',(-8.7,-15.7,-20.));
#8000=CARTESIAN_POINT('',(-8.7,-15.7,-7.1));
#8001=CARTESIAN_POINT('',(-8.7,-15.7,-20.));
#8002=CARTESIAN_POINT('Origin',(-8.7,-15.7,-7.1));
#8003=CARTESIAN_POINT('',(-9.7,-15.7,-20.));
#8004=CARTESIAN_POINT('',(-9.7,-15.7,-7.1));
#8005=CARTESIAN_POINT('',(-9.7,-15.7,-20.));
#8006=CARTESIAN_POINT('Origin',(-9.7,-16.7,-7.1));
#8007=CARTESIAN_POINT('',(-9.7,-16.7,-20.));
#8008=CARTESIAN_POINT('Origin',(-6.2,-16.7,-7.1));
#8009=CARTESIAN_POINT('',(-6.2,-16.7,-20.));
#8010=CARTESIAN_POINT('',(-6.2,-16.7,-7.1));
#8011=CARTESIAN_POINT('',(-7.2,-16.7,-20.));
#8012=CARTESIAN_POINT('',(-6.2,-16.7,-20.));
#8013=CARTESIAN_POINT('',(-7.2,-16.7,-7.1));
#8014=CARTESIAN_POINT('Origin',(-6.2,-16.7,-7.1));
#8015=CARTESIAN_POINT('',(-6.2,-15.7,-20.));
#8016=CARTESIAN_POINT('',(-6.2,-15.7,-7.1));
#8017=CARTESIAN_POINT('',(-6.2,-15.7,-20.));
#8018=CARTESIAN_POINT('Origin',(-6.2,-15.7,-7.1));
#8019=CARTESIAN_POINT('',(-7.2,-15.7,-20.));
#8020=CARTESIAN_POINT('',(-7.2,-15.7,-7.1));
#8021=CARTESIAN_POINT('',(-7.2,-15.7,-20.));
#8022=CARTESIAN_POINT('Origin',(-7.2,-16.7,-7.1));
#8023=CARTESIAN_POINT('',(-7.2,-16.7,-20.));
#8024=CARTESIAN_POINT('Origin',(-3.7,-16.7,-7.1));
#8025=CARTESIAN_POINT('',(-3.7,-16.7,-20.));
#8026=CARTESIAN_POINT('',(-3.7,-16.7,-7.1));
#8027=CARTESIAN_POINT('',(-4.7,-16.7,-20.));
#8028=CARTESIAN_POINT('',(-3.7,-16.7,-20.));
#8029=CARTESIAN_POINT('',(-4.7,-16.7,-7.1));
#8030=CARTESIAN_POINT('Origin',(-3.7,-16.7,-7.1));
#8031=CARTESIAN_POINT('',(-3.7,-15.7,-20.));
#8032=CARTESIAN_POINT('',(-3.7,-15.7,-7.1));
#8033=CARTESIAN_POINT('',(-3.7,-15.7,-20.));
#8034=CARTESIAN_POINT('Origin',(-3.7,-15.7,-7.1));
#8035=CARTESIAN_POINT('',(-4.7,-15.7,-20.));
#8036=CARTESIAN_POINT('',(-4.7,-15.7,-7.1));
#8037=CARTESIAN_POINT('',(-4.7,-15.7,-20.));
#8038=CARTESIAN_POINT('Origin',(-4.7,-16.7,-7.1));
#8039=CARTESIAN_POINT('',(-4.7,-16.7,-20.));
#8040=CARTESIAN_POINT('Origin',(-1.19999999999998,-16.7,-7.1));
#8041=CARTESIAN_POINT('',(-1.19999999999998,-16.7,-20.));
#8042=CARTESIAN_POINT('',(-1.19999999999998,-16.7,-7.1));
#8043=CARTESIAN_POINT('',(-2.2,-16.7,-20.));
#8044=CARTESIAN_POINT('',(-1.19999999999998,-16.7,-20.));
#8045=CARTESIAN_POINT('',(-2.2,-16.7,-7.1));
#8046=CARTESIAN_POINT('Origin',(-1.19999999999998,-16.7,-7.1));
#8047=CARTESIAN_POINT('',(-1.19999999999998,-15.7,-20.));
#8048=CARTESIAN_POINT('',(-1.19999999999998,-15.7,-7.1));
#8049=CARTESIAN_POINT('',(-1.19999999999998,-15.7,-20.));
#8050=CARTESIAN_POINT('Origin',(-1.19999999999998,-15.7,-7.1));
#8051=CARTESIAN_POINT('',(-2.2,-15.7,-20.));
#8052=CARTESIAN_POINT('',(-2.2,-15.7,-7.1));
#8053=CARTESIAN_POINT('',(-2.2,-15.7,-20.));
#8054=CARTESIAN_POINT('Origin',(-2.2,-16.7,-7.1));
#8055=CARTESIAN_POINT('',(-2.2,-16.7,-20.));
#8056=CARTESIAN_POINT('Origin',(1.30000000000002,-16.7,-7.1));
#8057=CARTESIAN_POINT('',(1.30000000000002,-16.7,-20.));
#8058=CARTESIAN_POINT('',(1.30000000000002,-16.7,-7.1));
#8059=CARTESIAN_POINT('',(0.300000000000019,-16.7,-20.));
#8060=CARTESIAN_POINT('',(1.30000000000002,-16.7,-20.));
#8061=CARTESIAN_POINT('',(0.300000000000019,-16.7,-7.1));
#8062=CARTESIAN_POINT('Origin',(1.30000000000002,-16.7,-7.1));
#8063=CARTESIAN_POINT('',(1.30000000000002,-15.7,-20.));
#8064=CARTESIAN_POINT('',(1.30000000000002,-15.7,-7.1));
#8065=CARTESIAN_POINT('',(1.30000000000002,-15.7,-20.));
#8066=CARTESIAN_POINT('Origin',(1.30000000000002,-15.7,-7.1));
#8067=CARTESIAN_POINT('',(0.300000000000019,-15.7,-20.));
#8068=CARTESIAN_POINT('',(0.300000000000019,-15.7,-7.1));
#8069=CARTESIAN_POINT('',(0.300000000000019,-15.7,-20.));
#8070=CARTESIAN_POINT('Origin',(0.300000000000019,-16.7,-7.1));
#8071=CARTESIAN_POINT('',(0.300000000000019,-16.7,-20.));
#8072=CARTESIAN_POINT('Origin',(3.8,-16.7,-7.1));
#8073=CARTESIAN_POINT('',(3.8,-16.7,-20.));
#8074=CARTESIAN_POINT('',(3.8,-16.7,-7.1));
#8075=CARTESIAN_POINT('',(2.8,-16.7,-20.));
#8076=CARTESIAN_POINT('',(3.8,-16.7,-20.));
#8077=CARTESIAN_POINT('',(2.8,-16.7,-7.1));
#8078=CARTESIAN_POINT('Origin',(3.8,-16.7,-7.1));
#8079=CARTESIAN_POINT('',(3.8,-15.7,-20.));
#8080=CARTESIAN_POINT('',(3.8,-15.7,-7.1));
#8081=CARTESIAN_POINT('',(3.8,-15.7,-20.));
#8082=CARTESIAN_POINT('Origin',(3.8,-15.7,-7.1));
#8083=CARTESIAN_POINT('',(2.8,-15.7,-20.));
#8084=CARTESIAN_POINT('',(2.8,-15.7,-7.1));
#8085=CARTESIAN_POINT('',(2.8,-15.7,-20.));
#8086=CARTESIAN_POINT('Origin',(2.8,-16.7,-7.1));
#8087=CARTESIAN_POINT('',(2.8,-16.7,-20.));
#8088=CARTESIAN_POINT('Origin',(6.3,-16.7,-7.1));
#8089=CARTESIAN_POINT('',(6.3,-16.7,-20.));
#8090=CARTESIAN_POINT('',(6.3,-16.7,-7.1));
#8091=CARTESIAN_POINT('',(5.3,-16.7,-20.));
#8092=CARTESIAN_POINT('',(6.3,-16.7,-20.));
#8093=CARTESIAN_POINT('',(5.3,-16.7,-7.1));
#8094=CARTESIAN_POINT('Origin',(6.3,-16.7,-7.1));
#8095=CARTESIAN_POINT('',(6.3,-15.7,-20.));
#8096=CARTESIAN_POINT('',(6.3,-15.7,-7.1));
#8097=CARTESIAN_POINT('',(6.3,-15.7,-20.));
#8098=CARTESIAN_POINT('Origin',(6.3,-15.7,-7.1));
#8099=CARTESIAN_POINT('',(5.3,-15.7,-20.));
#8100=CARTESIAN_POINT('',(5.3,-15.7,-7.1));
#8101=CARTESIAN_POINT('',(5.3,-15.7,-20.));
#8102=CARTESIAN_POINT('Origin',(5.3,-16.7,-7.1));
#8103=CARTESIAN_POINT('',(5.3,-16.7,-20.));
#8104=CARTESIAN_POINT('Origin',(8.8,-16.7,-7.1));
#8105=CARTESIAN_POINT('',(8.8,-16.7,-20.));
#8106=CARTESIAN_POINT('',(8.8,-16.7,-7.1));
#8107=CARTESIAN_POINT('',(7.8,-16.7,-20.));
#8108=CARTESIAN_POINT('',(8.8,-16.7,-20.));
#8109=CARTESIAN_POINT('',(7.8,-16.7,-7.1));
#8110=CARTESIAN_POINT('Origin',(8.8,-16.7,-7.1));
#8111=CARTESIAN_POINT('',(8.8,-15.7,-20.));
#8112=CARTESIAN_POINT('',(8.8,-15.7,-7.1));
#8113=CARTESIAN_POINT('',(8.8,-15.7,-20.));
#8114=CARTESIAN_POINT('Origin',(8.8,-15.7,-7.1));
#8115=CARTESIAN_POINT('',(7.8,-15.7,-20.));
#8116=CARTESIAN_POINT('',(7.8,-15.7,-7.1));
#8117=CARTESIAN_POINT('',(7.8,-15.7,-20.));
#8118=CARTESIAN_POINT('Origin',(7.8,-16.7,-7.1));
#8119=CARTESIAN_POINT('',(7.8,-16.7,-20.));
#8120=CARTESIAN_POINT('Origin',(11.3,-16.7,-7.1));
#8121=CARTESIAN_POINT('',(11.3,-16.7,-20.));
#8122=CARTESIAN_POINT('',(11.3,-16.7,-7.1));
#8123=CARTESIAN_POINT('',(10.3,-16.7,-20.));
#8124=CARTESIAN_POINT('',(11.3,-16.7,-20.));
#8125=CARTESIAN_POINT('',(10.3,-16.7,-7.1));
#8126=CARTESIAN_POINT('Origin',(11.3,-16.7,-7.1));
#8127=CARTESIAN_POINT('',(11.3,-15.7,-20.));
#8128=CARTESIAN_POINT('',(11.3,-15.7,-7.1));
#8129=CARTESIAN_POINT('',(11.3,-15.7,-20.));
#8130=CARTESIAN_POINT('Origin',(11.3,-15.7,-7.1));
#8131=CARTESIAN_POINT('',(10.3,-15.7,-20.));
#8132=CARTESIAN_POINT('',(10.3,-15.7,-7.1));
#8133=CARTESIAN_POINT('',(10.3,-15.7,-20.));
#8134=CARTESIAN_POINT('Origin',(10.3,-16.7,-7.1));
#8135=CARTESIAN_POINT('',(10.3,-16.7,-20.));
#8136=CARTESIAN_POINT('Origin',(0.,-13.1,-20.3));
#8137=CARTESIAN_POINT('',(-16.1,-12.8,-20.));
#8138=CARTESIAN_POINT('',(17.3,-12.8,-20.));
#8139=CARTESIAN_POINT('Origin',(17.,0.,-20.3));
#8140=CARTESIAN_POINT('',(17.3,-17.7,-20.));
#8141=CARTESIAN_POINT('Origin',(-15.8,0.,-20.3));
#8142=CARTESIAN_POINT('',(-15.8,-17.4,-20.3));
#8143=CARTESIAN_POINT('Origin',(0.,-17.4,-20.3));
#8144=CARTESIAN_POINT('Origin',(16.3,-13.8,-20.));
#8145=CARTESIAN_POINT('',(15.3,-13.8,-20.));
#8146=CARTESIAN_POINT('',(16.3,-13.8,-20.));
#8147=CARTESIAN_POINT('Origin',(16.3,-13.8,-20.));
#8148=CARTESIAN_POINT('',(16.6,-15.1,-20.3));
#8149=CARTESIAN_POINT('Origin',(15.3,-13.8,-20.));
#8150=CARTESIAN_POINT('',(15.3,-14.8,-20.));
#8151=CARTESIAN_POINT('Origin',(16.3,-14.8,-20.));
#8152=CARTESIAN_POINT('Origin',(13.8,-13.8,-20.));
#8153=CARTESIAN_POINT('',(12.8,-13.8,-20.));
#8154=CARTESIAN_POINT('',(13.8,-13.8,-20.));
#8155=CARTESIAN_POINT('Origin',(13.8,-13.8,-20.));
#8156=CARTESIAN_POINT('',(14.1,-15.1,-20.3));
#8157=CARTESIAN_POINT('Origin',(12.8,-13.8,-20.));
#8158=CARTESIAN_POINT('',(12.8,-14.8,-20.));
#8159=CARTESIAN_POINT('Origin',(13.8,-14.8,-20.));
#8160=CARTESIAN_POINT('Origin',(11.3,-13.8,-20.));
#8161=CARTESIAN_POINT('',(10.3,-13.8,-20.));
#8162=CARTESIAN_POINT('',(11.3,-13.8,-20.));
#8163=CARTESIAN_POINT('Origin',(11.3,-13.8,-20.));
#8164=CARTESIAN_POINT('',(11.6,-15.1,-20.3));
#8165=CARTESIAN_POINT('Origin',(10.3,-13.8,-20.));
#8166=CARTESIAN_POINT('',(10.3,-14.8,-20.));
#8167=CARTESIAN_POINT('Origin',(11.3,-14.8,-20.));
#8168=CARTESIAN_POINT('Origin',(8.8,-13.8,-20.));
#8169=CARTESIAN_POINT('',(7.8,-13.8,-20.));
#8170=CARTESIAN_POINT('',(8.8,-13.8,-20.));
#8171=CARTESIAN_POINT('Origin',(8.8,-13.8,-20.));
#8172=CARTESIAN_POINT('',(9.1,-15.1,-20.3));
#8173=CARTESIAN_POINT('Origin',(7.8,-13.8,-20.));
#8174=CARTESIAN_POINT('',(7.8,-14.8,-20.));
#8175=CARTESIAN_POINT('Origin',(8.8,-14.8,-20.));
#8176=CARTESIAN_POINT('Origin',(6.3,-13.8,-20.));
#8177=CARTESIAN_POINT('',(5.3,-13.8,-20.));
#8178=CARTESIAN_POINT('',(6.3,-13.8,-20.));
#8179=CARTESIAN_POINT('Origin',(6.3,-13.8,-20.));
#8180=CARTESIAN_POINT('',(6.6,-15.1,-20.3));
#8181=CARTESIAN_POINT('Origin',(5.3,-13.8,-20.));
#8182=CARTESIAN_POINT('',(5.3,-14.8,-20.));
#8183=CARTESIAN_POINT('Origin',(6.3,-14.8,-20.));
#8184=CARTESIAN_POINT('Origin',(3.8,-13.8,-20.));
#8185=CARTESIAN_POINT('',(2.8,-13.8,-20.));
#8186=CARTESIAN_POINT('',(3.8,-13.8,-20.));
#8187=CARTESIAN_POINT('Origin',(3.8,-13.8,-20.));
#8188=CARTESIAN_POINT('',(4.1,-15.1,-20.3));
#8189=CARTESIAN_POINT('Origin',(2.8,-13.8,-20.));
#8190=CARTESIAN_POINT('',(2.8,-14.8,-20.));
#8191=CARTESIAN_POINT('Origin',(3.8,-14.8,-20.));
#8192=CARTESIAN_POINT('Origin',(1.30000000000002,-13.8,-20.));
#8193=CARTESIAN_POINT('',(0.300000000000019,-13.8,-20.));
#8194=CARTESIAN_POINT('',(1.30000000000002,-13.8,-20.));
#8195=CARTESIAN_POINT('Origin',(1.30000000000002,-13.8,-20.));
#8196=CARTESIAN_POINT('',(1.60000000000002,-15.1,-20.3));
#8197=CARTESIAN_POINT('Origin',(0.300000000000019,-13.8,-20.));
#8198=CARTESIAN_POINT('',(0.300000000000011,-14.8,-20.));
#8199=CARTESIAN_POINT('Origin',(1.30000000000002,-14.8,-20.));
#8200=CARTESIAN_POINT('Origin',(-1.19999999999998,-13.8,-20.));
#8201=CARTESIAN_POINT('',(-2.2,-13.8,-20.));
#8202=CARTESIAN_POINT('',(-1.19999999999998,-13.8,-20.));
#8203=CARTESIAN_POINT('Origin',(-1.19999999999998,-13.8,-20.));
#8204=CARTESIAN_POINT('',(-0.89999999999998,-15.1,-20.3));
#8205=CARTESIAN_POINT('Origin',(-2.2,-13.8,-20.));
#8206=CARTESIAN_POINT('',(-2.2,-14.8,-20.));
#8207=CARTESIAN_POINT('Origin',(-1.19999999999998,-14.8,-20.));
#8208=CARTESIAN_POINT('Origin',(-3.7,-13.8,-20.));
#8209=CARTESIAN_POINT('',(-4.7,-13.8,-20.));
#8210=CARTESIAN_POINT('',(-3.7,-13.8,-20.));
#8211=CARTESIAN_POINT('Origin',(-3.7,-13.8,-20.));
#8212=CARTESIAN_POINT('',(-3.4,-15.1,-20.3));
#8213=CARTESIAN_POINT('Origin',(-4.7,-13.8,-20.));
#8214=CARTESIAN_POINT('',(-4.7,-14.8,-20.));
#8215=CARTESIAN_POINT('Origin',(-3.7,-14.8,-20.));
#8216=CARTESIAN_POINT('Origin',(-6.2,-13.8,-20.));
#8217=CARTESIAN_POINT('',(-7.2,-13.8,-20.));
#8218=CARTESIAN_POINT('',(-6.2,-13.8,-20.));
#8219=CARTESIAN_POINT('Origin',(-6.2,-13.8,-20.));
#8220=CARTESIAN_POINT('',(-5.9,-15.1,-20.3));
#8221=CARTESIAN_POINT('Origin',(-7.2,-13.8,-20.));
#8222=CARTESIAN_POINT('',(-7.2,-14.8,-20.));
#8223=CARTESIAN_POINT('Origin',(-6.2,-14.8,-20.));
#8224=CARTESIAN_POINT('Origin',(-8.7,-13.8,-20.));
#8225=CARTESIAN_POINT('',(-9.7,-13.8,-20.));
#8226=CARTESIAN_POINT('',(-8.7,-13.8,-20.));
#8227=CARTESIAN_POINT('Origin',(-8.7,-13.8,-20.));
#8228=CARTESIAN_POINT('',(-8.4,-15.1,-20.3));
#8229=CARTESIAN_POINT('Origin',(-9.7,-13.8,-20.));
#8230=CARTESIAN_POINT('',(-9.7,-14.8,-20.));
#8231=CARTESIAN_POINT('Origin',(-8.7,-14.8,-20.));
#8232=CARTESIAN_POINT('Origin',(-11.2,-13.8,-20.));
#8233=CARTESIAN_POINT('',(-12.2,-13.8,-20.));
#8234=CARTESIAN_POINT('',(-11.2,-13.8,-20.));
#8235=CARTESIAN_POINT('Origin',(-11.2,-13.8,-20.));
#8236=CARTESIAN_POINT('',(-10.9,-15.1,-20.3));
#8237=CARTESIAN_POINT('Origin',(-12.2,-13.8,-20.));
#8238=CARTESIAN_POINT('',(-12.2,-14.8,-20.));
#8239=CARTESIAN_POINT('Origin',(-11.2,-14.8,-20.));
#8240=CARTESIAN_POINT('Origin',(-13.7,-13.8,-20.));
#8241=CARTESIAN_POINT('',(-14.7,-13.8,-20.));
#8242=CARTESIAN_POINT('',(-13.7,-13.8,-20.));
#8243=CARTESIAN_POINT('Origin',(-13.7,-13.8,-20.));
#8244=CARTESIAN_POINT('',(-13.4,-15.1,-20.3));
#8245=CARTESIAN_POINT('Origin',(-14.7,-13.8,-20.));
#8246=CARTESIAN_POINT('',(-14.7,-14.8,-20.));
#8247=CARTESIAN_POINT('Origin',(-13.7,-14.8,-20.));
#8248=CARTESIAN_POINT('Origin',(16.3,-16.7,-20.));
#8249=CARTESIAN_POINT('',(16.3,-15.7,-20.));
#8250=CARTESIAN_POINT('',(16.3,-16.7,-20.));
#8251=CARTESIAN_POINT('Origin',(16.3,-16.7,-20.));
#8252=CARTESIAN_POINT('',(15.,-17.,-20.3));
#8253=CARTESIAN_POINT('Origin',(16.3,-15.7,-20.));
#8254=CARTESIAN_POINT('',(15.3,-15.7,-20.));
#8255=CARTESIAN_POINT('Origin',(15.3,-16.7,-20.));
#8256=CARTESIAN_POINT('Origin',(13.8,-16.7,-20.));
#8257=CARTESIAN_POINT('',(13.8,-15.7,-20.));
#8258=CARTESIAN_POINT('',(13.8,-16.7,-20.));
#8259=CARTESIAN_POINT('Origin',(13.8,-16.7,-20.));
#8260=CARTESIAN_POINT('',(12.5,-17.,-20.3));
#8261=CARTESIAN_POINT('Origin',(13.8,-15.7,-20.));
#8262=CARTESIAN_POINT('',(12.8,-15.7,-20.));
#8263=CARTESIAN_POINT('Origin',(12.8,-16.7,-20.));
#8264=CARTESIAN_POINT('Origin',(-13.7,-16.7,-20.));
#8265=CARTESIAN_POINT('',(-13.7,-15.7,-20.));
#8266=CARTESIAN_POINT('',(-13.7,-16.7,-20.));
#8267=CARTESIAN_POINT('Origin',(-13.7,-16.7,-20.));
#8268=CARTESIAN_POINT('',(-15.,-17.,-20.3));
#8269=CARTESIAN_POINT('Origin',(-13.7,-15.7,-20.));
#8270=CARTESIAN_POINT('',(-14.7,-15.7,-20.));
#8271=CARTESIAN_POINT('Origin',(-14.7,-16.7,-20.));
#8272=CARTESIAN_POINT('Origin',(-11.2,-16.7,-20.));
#8273=CARTESIAN_POINT('',(-11.2,-15.7,-20.));
#8274=CARTESIAN_POINT('',(-11.2,-16.7,-20.));
#8275=CARTESIAN_POINT('Origin',(-11.2,-16.7,-20.));
#8276=CARTESIAN_POINT('',(-12.5,-17.,-20.3));
#8277=CARTESIAN_POINT('Origin',(-11.2,-15.7,-20.));
#8278=CARTESIAN_POINT('',(-12.2,-15.7,-20.));
#8279=CARTESIAN_POINT('Origin',(-12.2,-16.7,-20.));
#8280=CARTESIAN_POINT('Origin',(-8.7,-16.7,-20.));
#8281=CARTESIAN_POINT('',(-8.7,-15.7,-20.));
#8282=CARTESIAN_POINT('',(-8.7,-16.7,-20.));
#8283=CARTESIAN_POINT('Origin',(-8.7,-16.7,-20.));
#8284=CARTESIAN_POINT('',(-10.,-17.,-20.3));
#8285=CARTESIAN_POINT('Origin',(-8.7,-15.7,-20.));
#8286=CARTESIAN_POINT('',(-9.69999999999998,-15.7,-20.));
#8287=CARTESIAN_POINT('Origin',(-9.7,-16.7,-20.));
#8288=CARTESIAN_POINT('Origin',(-6.2,-16.7,-20.));
#8289=CARTESIAN_POINT('',(-6.2,-15.7,-20.));
#8290=CARTESIAN_POINT('',(-6.2,-16.7,-20.));
#8291=CARTESIAN_POINT('Origin',(-6.2,-16.7,-20.));
#8292=CARTESIAN_POINT('',(-7.5,-17.,-20.3));
#8293=CARTESIAN_POINT('Origin',(-6.2,-15.7,-20.));
#8294=CARTESIAN_POINT('',(-7.19999999999998,-15.7,-20.));
#8295=CARTESIAN_POINT('Origin',(-7.2,-16.7,-20.));
#8296=CARTESIAN_POINT('Origin',(-3.7,-16.7,-20.));
#8297=CARTESIAN_POINT('',(-3.7,-15.7,-20.));
#8298=CARTESIAN_POINT('',(-3.7,-16.7,-20.));
#8299=CARTESIAN_POINT('Origin',(-3.7,-16.7,-20.));
#8300=CARTESIAN_POINT('',(-5.,-17.,-20.3));
#8301=CARTESIAN_POINT('Origin',(-3.7,-15.7,-20.));
#8302=CARTESIAN_POINT('',(-4.69999999999998,-15.7,-20.));
#8303=CARTESIAN_POINT('Origin',(-4.7,-16.7,-20.));
#8304=CARTESIAN_POINT('Origin',(-1.19999999999998,-16.7,-20.));
#8305=CARTESIAN_POINT('',(-1.19999999999998,-15.7,-20.));
#8306=CARTESIAN_POINT('',(-1.19999999999998,-16.7,-20.));
#8307=CARTESIAN_POINT('Origin',(-1.19999999999998,-16.7,-20.));
#8308=CARTESIAN_POINT('',(-2.5,-17.,-20.3));
#8309=CARTESIAN_POINT('Origin',(-1.19999999999998,-15.7,-20.));
#8310=CARTESIAN_POINT('',(-2.19999999999998,-15.7,-20.));
#8311=CARTESIAN_POINT('Origin',(-2.2,-16.7,-20.));
#8312=CARTESIAN_POINT('Origin',(1.30000000000002,-16.7,-20.));
#8313=CARTESIAN_POINT('',(1.30000000000002,-15.7,-20.));
#8314=CARTESIAN_POINT('',(1.30000000000002,-16.7,-20.));
#8315=CARTESIAN_POINT('Origin',(1.30000000000002,-16.7,-20.));
#8316=CARTESIAN_POINT('',(1.9298798670242E-14,-17.,-20.3));
#8317=CARTESIAN_POINT('Origin',(1.30000000000002,-15.7,-20.));
#8318=CARTESIAN_POINT('',(0.300000000000023,-15.7,-20.));
#8319=CARTESIAN_POINT('Origin',(0.300000000000019,-16.7,-20.));
#8320=CARTESIAN_POINT('Origin',(3.8,-16.7,-20.));
#8321=CARTESIAN_POINT('',(3.8,-15.7,-20.));
#8322=CARTESIAN_POINT('',(3.8,-16.7,-20.));
#8323=CARTESIAN_POINT('Origin',(3.8,-16.7,-20.));
#8324=CARTESIAN_POINT('',(2.5,-17.,-20.3));
#8325=CARTESIAN_POINT('Origin',(3.8,-15.7,-20.));
#8326=CARTESIAN_POINT('',(2.80000000000002,-15.7,-20.));
#8327=CARTESIAN_POINT('Origin',(2.8,-16.7,-20.));
#8328=CARTESIAN_POINT('Origin',(6.3,-16.7,-20.));
#8329=CARTESIAN_POINT('',(6.3,-15.7,-20.));
#8330=CARTESIAN_POINT('',(6.3,-16.7,-20.));
#8331=CARTESIAN_POINT('Origin',(6.3,-16.7,-20.));
#8332=CARTESIAN_POINT('',(5.,-17.,-20.3));
#8333=CARTESIAN_POINT('Origin',(6.3,-15.7,-20.));
#8334=CARTESIAN_POINT('',(5.30000000000002,-15.7,-20.));
#8335=CARTESIAN_POINT('Origin',(5.3,-16.7,-20.));
#8336=CARTESIAN_POINT('Origin',(8.8,-16.7,-20.));
#8337=CARTESIAN_POINT('',(8.8,-15.7,-20.));
#8338=CARTESIAN_POINT('',(8.8,-16.7,-20.));
#8339=CARTESIAN_POINT('Origin',(8.8,-16.7,-20.));
#8340=CARTESIAN_POINT('',(7.5,-17.,-20.3));
#8341=CARTESIAN_POINT('Origin',(8.8,-15.7,-20.));
#8342=CARTESIAN_POINT('',(7.80000000000002,-15.7,-20.));
#8343=CARTESIAN_POINT('Origin',(7.8,-16.7,-20.));
#8344=CARTESIAN_POINT('Origin',(11.3,-16.7,-20.));
#8345=CARTESIAN_POINT('',(11.3,-15.7,-20.));
#8346=CARTESIAN_POINT('',(11.3,-16.7,-20.));
#8347=CARTESIAN_POINT('Origin',(11.3,-16.7,-20.));
#8348=CARTESIAN_POINT('',(10.,-17.,-20.3));
#8349=CARTESIAN_POINT('Origin',(11.3,-15.7,-20.));
#8350=CARTESIAN_POINT('',(10.3,-15.7,-20.));
#8351=CARTESIAN_POINT('Origin',(10.3,-16.7,-20.));
#8352=UNCERTAINTY_MEASURE_WITH_UNIT(LENGTH_MEASURE(0.01),#8356,
'DISTANCE_ACCURACY_VALUE',
'Maximum model space distance between geometric entities at asserted c
onnectivities');
#8353=UNCERTAINTY_MEASURE_WITH_UNIT(LENGTH_MEASURE(0.01),#8356,
'DISTANCE_ACCURACY_VALUE',
'Maximum model space distance between geometric entities at asserted c
onnectivities');
#8354=(
GEOMETRIC_REPRESENTATION_CONTEXT(3)
GLOBAL_UNCERTAINTY_ASSIGNED_CONTEXT((#8352))
GLOBAL_UNIT_ASSIGNED_CONTEXT((#8356,#8358,#8359))
REPRESENTATION_CONTEXT('','3D')
);
#8355=(
GEOMETRIC_REPRESENTATION_CONTEXT(3)
GLOBAL_UNCERTAINTY_ASSIGNED_CONTEXT((#8353))
GLOBAL_UNIT_ASSIGNED_CONTEXT((#8356,#8358,#8359))
REPRESENTATION_CONTEXT('','3D')
);
#8356=(
LENGTH_UNIT()
NAMED_UNIT(*)
SI_UNIT(.MILLI.,.METRE.)
);
#8357=(
LENGTH_UNIT()
NAMED_UNIT(*)
SI_UNIT($,.METRE.)
);
#8358=(
NAMED_UNIT(*)
PLANE_ANGLE_UNIT()
SI_UNIT($,.RADIAN.)
);
#8359=(
NAMED_UNIT(*)
SI_UNIT($,.STERADIAN.)
SOLID_ANGLE_UNIT()
);
#8360=SHAPE_DEFINITION_REPRESENTATION(#8361,#8362);
#8361=PRODUCT_DEFINITION_SHAPE('',$,#8364);
#8362=SHAPE_REPRESENTATION('',(#5308),#8354);
#8363=PRODUCT_DEFINITION_CONTEXT('part definition',#8368,'design');
#8364=PRODUCT_DEFINITION('2025-08-16-21-48-57-630',
'XPT2046 5inch HDMI 800x480px',#8365,#8363);
#8365=PRODUCT_DEFINITION_FORMATION('',$,#8370);
#8366=PRODUCT_RELATED_PRODUCT_CATEGORY('XPT2046 5inch HDMI 800x480px',
'XPT2046 5inch HDMI 800x480px',(#8370));
#8367=APPLICATION_PROTOCOL_DEFINITION('international standard',
'automotive_design',2009,#8368);
#8368=APPLICATION_CONTEXT(
'Core Data for Automotive Mechanical Design Process');
#8369=PRODUCT_CONTEXT('part definition',#8368,'mechanical');
#8370=PRODUCT('2025-08-16-21-48-57-630','XPT2046 5inch HDMI 800x480px',
$,(#8369));
#8371=PRESENTATION_STYLE_ASSIGNMENT((#8375));
#8372=PRESENTATION_STYLE_ASSIGNMENT((#8376));
#8373=PRESENTATION_STYLE_ASSIGNMENT((#8377));
#8374=PRESENTATION_STYLE_ASSIGNMENT((#8378));
#8375=SURFACE_STYLE_USAGE(.BOTH.,#8379);
#8376=SURFACE_STYLE_USAGE(.BOTH.,#8380);
#8377=SURFACE_STYLE_USAGE(.BOTH.,#8381);
#8378=SURFACE_STYLE_USAGE(.BOTH.,#8382);
#8379=SURFACE_SIDE_STYLE('',(#8383));
#8380=SURFACE_SIDE_STYLE('',(#8384));
#8381=SURFACE_SIDE_STYLE('',(#8385));
#8382=SURFACE_SIDE_STYLE('',(#8386));
#8383=SURFACE_STYLE_FILL_AREA(#8387);
#8384=SURFACE_STYLE_FILL_AREA(#8388);
#8385=SURFACE_STYLE_FILL_AREA(#8389);
#8386=SURFACE_STYLE_FILL_AREA(#8390);
#8387=FILL_AREA_STYLE('Steel - Satin',(#8391));
#8388=FILL_AREA_STYLE('Opaque(63,63,63)',(#8392));
#8389=FILL_AREA_STYLE('Opaque(0,255,0)',(#8393));
#8390=FILL_AREA_STYLE('Opaque(202,209,237)',(#8394));
#8391=FILL_AREA_STYLE_COLOUR('Steel - Satin',#8395);
#8392=FILL_AREA_STYLE_COLOUR('Opaque(63,63,63)',#8396);
#8393=FILL_AREA_STYLE_COLOUR('Opaque(0,255,0)',#8397);
#8394=FILL_AREA_STYLE_COLOUR('Opaque(202,209,237)',#8398);
#8395=COLOUR_RGB('Steel - Satin',0.627450980392157,0.627450980392157,0.627450980392157);
#8396=COLOUR_RGB('Opaque(63,63,63)',0.250980392156863,0.250980392156863,
0.250980392156863);
#8397=COLOUR_RGB('Opaque(0,255,0)',0.,1.,0.);
#8398=COLOUR_RGB('Opaque(202,209,237)',0.792156862745098,0.819607843137255,
0.929411764705882);
ENDSEC;
END-ISO-10303-21;
