ISO-10303-21;
HEADER;
/* Generated by software containing ST-Developer
 * from STEP Tools, Inc. (www.steptools.com) 
 */

FILE_DESCRIPTION(
/* description */ (''),
/* implementation_level */ '2;1');

FILE_NAME(
/* name */ 'back_lid.step',
/* time_stamp */ '2025-08-16T21:43:37+05:30',
/* author */ (''),
/* organization */ (''),
/* preprocessor_version */ 'ST-DEVELOPER v20.1',
/* originating_system */ 'Autodesk Translation Framework v14.10.0.0',
/* authorisation */ '');

FILE_SCHEMA (('AUTOMOTIVE_DESIGN { 1 0 10303 214 3 1 1 }'));
ENDSEC;

DATA;
#10=MECHANICAL_DESIGN_GEOMETRIC_PRESENTATION_REPRESENTATION('',(#13),#3465);
#11=SHAPE_REPRESENTATION_RELATIONSHIP('SRR','None',#3472,#12);
#12=ADVANCED_BREP_SHAPE_REPRESENTATION('',(#14),#3464);
#13=STYLED_ITEM('',(#3482),#14);
#14=MANIFOLD_SOLID_BREP('Body1',#2041);
#15=FACE_BOUND('',#288,.T.);
#16=FACE_BOUND('',#289,.T.);
#17=FACE_BOUND('',#290,.T.);
#18=FACE_BOUND('',#291,.T.);
#19=FACE_BOUND('',#292,.T.);
#20=FACE_BOUND('',#293,.T.);
#21=FACE_BOUND('',#294,.T.);
#22=FACE_BOUND('',#295,.T.);
#23=FACE_BOUND('',#296,.T.);
#24=FACE_BOUND('',#297,.T.);
#25=FACE_BOUND('',#298,.T.);
#26=FACE_BOUND('',#299,.T.);
#27=FACE_BOUND('',#300,.T.);
#28=FACE_BOUND('',#301,.T.);
#29=FACE_BOUND('',#302,.T.);
#30=FACE_BOUND('',#303,.T.);
#31=FACE_BOUND('',#304,.T.);
#32=FACE_BOUND('',#305,.T.);
#33=FACE_BOUND('',#306,.T.);
#34=FACE_BOUND('',#307,.T.);
#35=FACE_BOUND('',#308,.T.);
#36=FACE_BOUND('',#309,.T.);
#37=FACE_BOUND('',#310,.T.);
#38=FACE_BOUND('',#311,.T.);
#39=FACE_BOUND('',#312,.T.);
#40=FACE_BOUND('',#313,.T.);
#41=FACE_BOUND('',#314,.T.);
#42=FACE_BOUND('',#315,.T.);
#43=FACE_BOUND('',#316,.T.);
#44=FACE_BOUND('',#317,.T.);
#45=FACE_BOUND('',#318,.T.);
#46=FACE_BOUND('',#319,.T.);
#47=FACE_BOUND('',#320,.T.);
#48=FACE_BOUND('',#321,.T.);
#49=FACE_BOUND('',#322,.T.);
#50=FACE_BOUND('',#323,.T.);
#51=FACE_BOUND('',#324,.T.);
#52=FACE_BOUND('',#325,.T.);
#53=FACE_BOUND('',#326,.T.);
#54=FACE_BOUND('',#327,.T.);
#55=FACE_BOUND('',#328,.T.);
#56=FACE_BOUND('',#329,.T.);
#57=FACE_BOUND('',#330,.T.);
#58=FACE_BOUND('',#331,.T.);
#59=FACE_BOUND('',#332,.T.);
#60=FACE_BOUND('',#333,.T.);
#61=FACE_BOUND('',#334,.T.);
#62=FACE_BOUND('',#335,.T.);
#63=FACE_BOUND('',#336,.T.);
#64=FACE_BOUND('',#337,.T.);
#65=FACE_BOUND('',#338,.T.);
#66=FACE_BOUND('',#339,.T.);
#67=FACE_BOUND('',#340,.T.);
#68=FACE_BOUND('',#341,.T.);
#69=FACE_BOUND('',#342,.T.);
#70=FACE_BOUND('',#343,.T.);
#71=FACE_BOUND('',#344,.T.);
#72=FACE_BOUND('',#345,.T.);
#73=FACE_BOUND('',#346,.T.);
#74=FACE_BOUND('',#347,.T.);
#75=FACE_BOUND('',#348,.T.);
#76=FACE_BOUND('',#349,.T.);
#77=FACE_BOUND('',#350,.T.);
#78=FACE_BOUND('',#351,.T.);
#79=FACE_BOUND('',#352,.T.);
#80=FACE_BOUND('',#353,.T.);
#81=FACE_BOUND('',#354,.T.);
#82=FACE_BOUND('',#355,.T.);
#83=FACE_BOUND('',#356,.T.);
#84=FACE_BOUND('',#357,.T.);
#85=FACE_BOUND('',#358,.T.);
#86=FACE_BOUND('',#359,.T.);
#87=FACE_BOUND('',#360,.T.);
#88=FACE_BOUND('',#361,.T.);
#89=FACE_BOUND('',#362,.T.);
#90=FACE_BOUND('',#363,.T.);
#91=FACE_BOUND('',#364,.T.);
#92=FACE_BOUND('',#365,.T.);
#93=FACE_BOUND('',#366,.T.);
#94=FACE_BOUND('',#448,.T.);
#95=FACE_BOUND('',#449,.T.);
#96=FACE_BOUND('',#450,.T.);
#97=FACE_BOUND('',#451,.T.);
#98=FACE_BOUND('',#452,.T.);
#99=FACE_BOUND('',#453,.T.);
#100=FACE_BOUND('',#454,.T.);
#101=FACE_BOUND('',#455,.T.);
#102=FACE_BOUND('',#456,.T.);
#103=FACE_BOUND('',#457,.T.);
#104=FACE_BOUND('',#458,.T.);
#105=FACE_BOUND('',#459,.T.);
#106=FACE_BOUND('',#460,.T.);
#107=FACE_BOUND('',#461,.T.);
#108=FACE_BOUND('',#462,.T.);
#109=FACE_BOUND('',#463,.T.);
#110=FACE_BOUND('',#464,.T.);
#111=FACE_BOUND('',#465,.T.);
#112=FACE_BOUND('',#466,.T.);
#113=FACE_BOUND('',#467,.T.);
#114=FACE_BOUND('',#468,.T.);
#115=FACE_BOUND('',#469,.T.);
#116=FACE_BOUND('',#470,.T.);
#117=FACE_BOUND('',#471,.T.);
#118=FACE_BOUND('',#472,.T.);
#119=FACE_BOUND('',#473,.T.);
#120=FACE_BOUND('',#474,.T.);
#121=FACE_BOUND('',#475,.T.);
#122=FACE_BOUND('',#476,.T.);
#123=FACE_BOUND('',#477,.T.);
#124=FACE_BOUND('',#478,.T.);
#125=FACE_BOUND('',#479,.T.);
#126=FACE_BOUND('',#480,.T.);
#127=FACE_BOUND('',#481,.T.);
#128=FACE_BOUND('',#482,.T.);
#129=FACE_BOUND('',#483,.T.);
#130=FACE_BOUND('',#484,.T.);
#131=FACE_BOUND('',#485,.T.);
#132=FACE_BOUND('',#486,.T.);
#133=FACE_BOUND('',#487,.T.);
#134=FACE_BOUND('',#488,.T.);
#135=FACE_BOUND('',#489,.T.);
#136=FACE_BOUND('',#490,.T.);
#137=FACE_BOUND('',#491,.T.);
#138=FACE_BOUND('',#492,.T.);
#139=FACE_BOUND('',#493,.T.);
#140=FACE_BOUND('',#494,.T.);
#141=FACE_BOUND('',#495,.T.);
#142=FACE_BOUND('',#496,.T.);
#143=FACE_BOUND('',#497,.T.);
#144=FACE_BOUND('',#498,.T.);
#145=FACE_BOUND('',#499,.T.);
#146=FACE_BOUND('',#500,.T.);
#147=FACE_BOUND('',#501,.T.);
#148=FACE_BOUND('',#502,.T.);
#149=FACE_BOUND('',#503,.T.);
#150=FACE_BOUND('',#504,.T.);
#151=FACE_BOUND('',#505,.T.);
#152=FACE_BOUND('',#506,.T.);
#153=FACE_BOUND('',#507,.T.);
#154=FACE_BOUND('',#508,.T.);
#155=FACE_BOUND('',#509,.T.);
#156=FACE_BOUND('',#510,.T.);
#157=FACE_BOUND('',#511,.T.);
#158=FACE_BOUND('',#512,.T.);
#159=FACE_BOUND('',#513,.T.);
#160=FACE_BOUND('',#514,.T.);
#161=FACE_BOUND('',#515,.T.);
#162=FACE_BOUND('',#516,.T.);
#163=FACE_BOUND('',#517,.T.);
#164=FACE_BOUND('',#518,.T.);
#165=FACE_BOUND('',#519,.T.);
#166=FACE_BOUND('',#520,.T.);
#167=FACE_BOUND('',#521,.T.);
#168=FACE_BOUND('',#522,.T.);
#169=FACE_BOUND('',#523,.T.);
#170=FACE_BOUND('',#524,.T.);
#171=FACE_BOUND('',#525,.T.);
#172=FACE_BOUND('',#526,.T.);
#173=PLANE('',#2075);
#174=PLANE('',#2076);
#175=PLANE('',#2077);
#176=PLANE('',#2152);
#177=PLANE('',#2153);
#178=PLANE('',#2157);
#179=PLANE('',#2161);
#180=PLANE('',#2310);
#181=ELLIPSE('',#2068,0.707106781186549,0.5);
#182=ELLIPSE('',#2069,0.707106781186548,0.5);
#183=ELLIPSE('',#2071,0.707106781186546,0.5);
#184=ELLIPSE('',#2073,0.707106781186549,0.5);
#185=FACE_OUTER_BOUND('',#277,.T.);
#186=FACE_OUTER_BOUND('',#278,.T.);
#187=FACE_OUTER_BOUND('',#279,.T.);
#188=FACE_OUTER_BOUND('',#280,.T.);
#189=FACE_OUTER_BOUND('',#281,.T.);
#190=FACE_OUTER_BOUND('',#282,.T.);
#191=FACE_OUTER_BOUND('',#283,.T.);
#192=FACE_OUTER_BOUND('',#284,.T.);
#193=FACE_OUTER_BOUND('',#285,.T.);
#194=FACE_OUTER_BOUND('',#286,.T.);
#195=FACE_OUTER_BOUND('',#287,.T.);
#196=FACE_OUTER_BOUND('',#367,.T.);
#197=FACE_OUTER_BOUND('',#368,.T.);
#198=FACE_OUTER_BOUND('',#369,.T.);
#199=FACE_OUTER_BOUND('',#370,.T.);
#200=FACE_OUTER_BOUND('',#371,.T.);
#201=FACE_OUTER_BOUND('',#372,.T.);
#202=FACE_OUTER_BOUND('',#373,.T.);
#203=FACE_OUTER_BOUND('',#374,.T.);
#204=FACE_OUTER_BOUND('',#375,.T.);
#205=FACE_OUTER_BOUND('',#376,.T.);
#206=FACE_OUTER_BOUND('',#377,.T.);
#207=FACE_OUTER_BOUND('',#378,.T.);
#208=FACE_OUTER_BOUND('',#379,.T.);
#209=FACE_OUTER_BOUND('',#380,.T.);
#210=FACE_OUTER_BOUND('',#381,.T.);
#211=FACE_OUTER_BOUND('',#382,.T.);
#212=FACE_OUTER_BOUND('',#383,.T.);
#213=FACE_OUTER_BOUND('',#384,.T.);
#214=FACE_OUTER_BOUND('',#385,.T.);
#215=FACE_OUTER_BOUND('',#386,.T.);
#216=FACE_OUTER_BOUND('',#387,.T.);
#217=FACE_OUTER_BOUND('',#388,.T.);
#218=FACE_OUTER_BOUND('',#389,.T.);
#219=FACE_OUTER_BOUND('',#390,.T.);
#220=FACE_OUTER_BOUND('',#391,.T.);
#221=FACE_OUTER_BOUND('',#392,.T.);
#222=FACE_OUTER_BOUND('',#393,.T.);
#223=FACE_OUTER_BOUND('',#394,.T.);
#224=FACE_OUTER_BOUND('',#395,.T.);
#225=FACE_OUTER_BOUND('',#396,.T.);
#226=FACE_OUTER_BOUND('',#397,.T.);
#227=FACE_OUTER_BOUND('',#398,.T.);
#228=FACE_OUTER_BOUND('',#399,.T.);
#229=FACE_OUTER_BOUND('',#400,.T.);
#230=FACE_OUTER_BOUND('',#401,.T.);
#231=FACE_OUTER_BOUND('',#402,.T.);
#232=FACE_OUTER_BOUND('',#403,.T.);
#233=FACE_OUTER_BOUND('',#404,.T.);
#234=FACE_OUTER_BOUND('',#405,.T.);
#235=FACE_OUTER_BOUND('',#406,.T.);
#236=FACE_OUTER_BOUND('',#407,.T.);
#237=FACE_OUTER_BOUND('',#408,.T.);
#238=FACE_OUTER_BOUND('',#409,.T.);
#239=FACE_OUTER_BOUND('',#410,.T.);
#240=FACE_OUTER_BOUND('',#411,.T.);
#241=FACE_OUTER_BOUND('',#412,.T.);
#242=FACE_OUTER_BOUND('',#413,.T.);
#243=FACE_OUTER_BOUND('',#414,.T.);
#244=FACE_OUTER_BOUND('',#415,.T.);
#245=FACE_OUTER_BOUND('',#416,.T.);
#246=FACE_OUTER_BOUND('',#417,.T.);
#247=FACE_OUTER_BOUND('',#418,.T.);
#248=FACE_OUTER_BOUND('',#419,.T.);
#249=FACE_OUTER_BOUND('',#420,.T.);
#250=FACE_OUTER_BOUND('',#421,.T.);
#251=FACE_OUTER_BOUND('',#422,.T.);
#252=FACE_OUTER_BOUND('',#423,.T.);
#253=FACE_OUTER_BOUND('',#424,.T.);
#254=FACE_OUTER_BOUND('',#425,.T.);
#255=FACE_OUTER_BOUND('',#426,.T.);
#256=FACE_OUTER_BOUND('',#427,.T.);
#257=FACE_OUTER_BOUND('',#428,.T.);
#258=FACE_OUTER_BOUND('',#429,.T.);
#259=FACE_OUTER_BOUND('',#430,.T.);
#260=FACE_OUTER_BOUND('',#431,.T.);
#261=FACE_OUTER_BOUND('',#432,.T.);
#262=FACE_OUTER_BOUND('',#433,.T.);
#263=FACE_OUTER_BOUND('',#434,.T.);
#264=FACE_OUTER_BOUND('',#435,.T.);
#265=FACE_OUTER_BOUND('',#436,.T.);
#266=FACE_OUTER_BOUND('',#437,.T.);
#267=FACE_OUTER_BOUND('',#438,.T.);
#268=FACE_OUTER_BOUND('',#439,.T.);
#269=FACE_OUTER_BOUND('',#440,.T.);
#270=FACE_OUTER_BOUND('',#441,.T.);
#271=FACE_OUTER_BOUND('',#442,.T.);
#272=FACE_OUTER_BOUND('',#443,.T.);
#273=FACE_OUTER_BOUND('',#444,.T.);
#274=FACE_OUTER_BOUND('',#445,.T.);
#275=FACE_OUTER_BOUND('',#446,.T.);
#276=FACE_OUTER_BOUND('',#447,.T.);
#277=EDGE_LOOP('',(#1333,#1334,#1335,#1336));
#278=EDGE_LOOP('',(#1337,#1338,#1339,#1340));
#279=EDGE_LOOP('',(#1341,#1342,#1343,#1344));
#280=EDGE_LOOP('',(#1345,#1346,#1347,#1348));
#281=EDGE_LOOP('',(#1349,#1350,#1351,#1352));
#282=EDGE_LOOP('',(#1353,#1354,#1355,#1356));
#283=EDGE_LOOP('',(#1357,#1358,#1359,#1360));
#284=EDGE_LOOP('',(#1361,#1362,#1363,#1364));
#285=EDGE_LOOP('',(#1365,#1366,#1367,#1368));
#286=EDGE_LOOP('',(#1369,#1370,#1371,#1372));
#287=EDGE_LOOP('',(#1373,#1374,#1375,#1376));
#288=EDGE_LOOP('',(#1377));
#289=EDGE_LOOP('',(#1378));
#290=EDGE_LOOP('',(#1379));
#291=EDGE_LOOP('',(#1380));
#292=EDGE_LOOP('',(#1381));
#293=EDGE_LOOP('',(#1382));
#294=EDGE_LOOP('',(#1383));
#295=EDGE_LOOP('',(#1384));
#296=EDGE_LOOP('',(#1385));
#297=EDGE_LOOP('',(#1386));
#298=EDGE_LOOP('',(#1387));
#299=EDGE_LOOP('',(#1388));
#300=EDGE_LOOP('',(#1389));
#301=EDGE_LOOP('',(#1390));
#302=EDGE_LOOP('',(#1391));
#303=EDGE_LOOP('',(#1392));
#304=EDGE_LOOP('',(#1393));
#305=EDGE_LOOP('',(#1394));
#306=EDGE_LOOP('',(#1395));
#307=EDGE_LOOP('',(#1396));
#308=EDGE_LOOP('',(#1397));
#309=EDGE_LOOP('',(#1398));
#310=EDGE_LOOP('',(#1399));
#311=EDGE_LOOP('',(#1400));
#312=EDGE_LOOP('',(#1401));
#313=EDGE_LOOP('',(#1402));
#314=EDGE_LOOP('',(#1403));
#315=EDGE_LOOP('',(#1404));
#316=EDGE_LOOP('',(#1405));
#317=EDGE_LOOP('',(#1406));
#318=EDGE_LOOP('',(#1407));
#319=EDGE_LOOP('',(#1408));
#320=EDGE_LOOP('',(#1409));
#321=EDGE_LOOP('',(#1410));
#322=EDGE_LOOP('',(#1411));
#323=EDGE_LOOP('',(#1412));
#324=EDGE_LOOP('',(#1413));
#325=EDGE_LOOP('',(#1414));
#326=EDGE_LOOP('',(#1415));
#327=EDGE_LOOP('',(#1416));
#328=EDGE_LOOP('',(#1417));
#329=EDGE_LOOP('',(#1418));
#330=EDGE_LOOP('',(#1419));
#331=EDGE_LOOP('',(#1420));
#332=EDGE_LOOP('',(#1421));
#333=EDGE_LOOP('',(#1422));
#334=EDGE_LOOP('',(#1423));
#335=EDGE_LOOP('',(#1424));
#336=EDGE_LOOP('',(#1425));
#337=EDGE_LOOP('',(#1426));
#338=EDGE_LOOP('',(#1427));
#339=EDGE_LOOP('',(#1428));
#340=EDGE_LOOP('',(#1429));
#341=EDGE_LOOP('',(#1430));
#342=EDGE_LOOP('',(#1431));
#343=EDGE_LOOP('',(#1432));
#344=EDGE_LOOP('',(#1433));
#345=EDGE_LOOP('',(#1434));
#346=EDGE_LOOP('',(#1435));
#347=EDGE_LOOP('',(#1436));
#348=EDGE_LOOP('',(#1437));
#349=EDGE_LOOP('',(#1438));
#350=EDGE_LOOP('',(#1439));
#351=EDGE_LOOP('',(#1440));
#352=EDGE_LOOP('',(#1441));
#353=EDGE_LOOP('',(#1442));
#354=EDGE_LOOP('',(#1443));
#355=EDGE_LOOP('',(#1444));
#356=EDGE_LOOP('',(#1445));
#357=EDGE_LOOP('',(#1446));
#358=EDGE_LOOP('',(#1447));
#359=EDGE_LOOP('',(#1448));
#360=EDGE_LOOP('',(#1449));
#361=EDGE_LOOP('',(#1450));
#362=EDGE_LOOP('',(#1451));
#363=EDGE_LOOP('',(#1452));
#364=EDGE_LOOP('',(#1453));
#365=EDGE_LOOP('',(#1454));
#366=EDGE_LOOP('',(#1455,#1456,#1457,#1458));
#367=EDGE_LOOP('',(#1459,#1460,#1461,#1462));
#368=EDGE_LOOP('',(#1463,#1464,#1465,#1466));
#369=EDGE_LOOP('',(#1467,#1468,#1469,#1470));
#370=EDGE_LOOP('',(#1471,#1472,#1473,#1474));
#371=EDGE_LOOP('',(#1475,#1476,#1477,#1478));
#372=EDGE_LOOP('',(#1479,#1480,#1481,#1482));
#373=EDGE_LOOP('',(#1483,#1484,#1485,#1486));
#374=EDGE_LOOP('',(#1487,#1488,#1489,#1490));
#375=EDGE_LOOP('',(#1491,#1492,#1493,#1494));
#376=EDGE_LOOP('',(#1495,#1496,#1497,#1498));
#377=EDGE_LOOP('',(#1499,#1500,#1501,#1502));
#378=EDGE_LOOP('',(#1503,#1504,#1505,#1506));
#379=EDGE_LOOP('',(#1507,#1508,#1509,#1510));
#380=EDGE_LOOP('',(#1511,#1512,#1513,#1514));
#381=EDGE_LOOP('',(#1515,#1516,#1517,#1518));
#382=EDGE_LOOP('',(#1519,#1520,#1521,#1522));
#383=EDGE_LOOP('',(#1523,#1524,#1525,#1526));
#384=EDGE_LOOP('',(#1527,#1528,#1529,#1530));
#385=EDGE_LOOP('',(#1531,#1532,#1533,#1534));
#386=EDGE_LOOP('',(#1535,#1536,#1537,#1538));
#387=EDGE_LOOP('',(#1539,#1540,#1541,#1542));
#388=EDGE_LOOP('',(#1543,#1544,#1545,#1546));
#389=EDGE_LOOP('',(#1547,#1548,#1549,#1550));
#390=EDGE_LOOP('',(#1551,#1552,#1553,#1554));
#391=EDGE_LOOP('',(#1555,#1556,#1557,#1558));
#392=EDGE_LOOP('',(#1559,#1560,#1561,#1562));
#393=EDGE_LOOP('',(#1563,#1564,#1565,#1566));
#394=EDGE_LOOP('',(#1567,#1568,#1569,#1570));
#395=EDGE_LOOP('',(#1571,#1572,#1573,#1574));
#396=EDGE_LOOP('',(#1575,#1576,#1577,#1578));
#397=EDGE_LOOP('',(#1579,#1580,#1581,#1582));
#398=EDGE_LOOP('',(#1583,#1584,#1585,#1586));
#399=EDGE_LOOP('',(#1587,#1588,#1589,#1590));
#400=EDGE_LOOP('',(#1591,#1592,#1593,#1594));
#401=EDGE_LOOP('',(#1595,#1596,#1597,#1598));
#402=EDGE_LOOP('',(#1599,#1600,#1601,#1602));
#403=EDGE_LOOP('',(#1603,#1604,#1605,#1606));
#404=EDGE_LOOP('',(#1607,#1608,#1609,#1610));
#405=EDGE_LOOP('',(#1611,#1612,#1613,#1614));
#406=EDGE_LOOP('',(#1615,#1616,#1617,#1618));
#407=EDGE_LOOP('',(#1619,#1620,#1621,#1622));
#408=EDGE_LOOP('',(#1623,#1624,#1625,#1626));
#409=EDGE_LOOP('',(#1627,#1628,#1629,#1630));
#410=EDGE_LOOP('',(#1631,#1632,#1633,#1634));
#411=EDGE_LOOP('',(#1635,#1636,#1637,#1638));
#412=EDGE_LOOP('',(#1639,#1640,#1641,#1642));
#413=EDGE_LOOP('',(#1643,#1644,#1645,#1646));
#414=EDGE_LOOP('',(#1647,#1648,#1649,#1650));
#415=EDGE_LOOP('',(#1651,#1652,#1653,#1654));
#416=EDGE_LOOP('',(#1655,#1656,#1657,#1658));
#417=EDGE_LOOP('',(#1659,#1660,#1661,#1662));
#418=EDGE_LOOP('',(#1663,#1664,#1665,#1666));
#419=EDGE_LOOP('',(#1667,#1668,#1669,#1670));
#420=EDGE_LOOP('',(#1671,#1672,#1673,#1674));
#421=EDGE_LOOP('',(#1675,#1676,#1677,#1678));
#422=EDGE_LOOP('',(#1679,#1680,#1681,#1682));
#423=EDGE_LOOP('',(#1683,#1684,#1685,#1686));
#424=EDGE_LOOP('',(#1687,#1688,#1689,#1690));
#425=EDGE_LOOP('',(#1691,#1692,#1693,#1694));
#426=EDGE_LOOP('',(#1695,#1696,#1697,#1698));
#427=EDGE_LOOP('',(#1699,#1700,#1701,#1702));
#428=EDGE_LOOP('',(#1703,#1704,#1705,#1706));
#429=EDGE_LOOP('',(#1707,#1708,#1709,#1710));
#430=EDGE_LOOP('',(#1711,#1712,#1713,#1714));
#431=EDGE_LOOP('',(#1715,#1716,#1717,#1718));
#432=EDGE_LOOP('',(#1719,#1720,#1721,#1722));
#433=EDGE_LOOP('',(#1723,#1724,#1725,#1726));
#434=EDGE_LOOP('',(#1727,#1728,#1729,#1730));
#435=EDGE_LOOP('',(#1731,#1732,#1733,#1734));
#436=EDGE_LOOP('',(#1735,#1736,#1737,#1738));
#437=EDGE_LOOP('',(#1739,#1740,#1741,#1742));
#438=EDGE_LOOP('',(#1743,#1744,#1745,#1746));
#439=EDGE_LOOP('',(#1747,#1748,#1749,#1750));
#440=EDGE_LOOP('',(#1751,#1752,#1753,#1754));
#441=EDGE_LOOP('',(#1755,#1756,#1757,#1758));
#442=EDGE_LOOP('',(#1759,#1760,#1761,#1762));
#443=EDGE_LOOP('',(#1763,#1764,#1765,#1766));
#444=EDGE_LOOP('',(#1767,#1768,#1769,#1770));
#445=EDGE_LOOP('',(#1771,#1772,#1773,#1774));
#446=EDGE_LOOP('',(#1775,#1776,#1777,#1778));
#447=EDGE_LOOP('',(#1779,#1780,#1781,#1782));
#448=EDGE_LOOP('',(#1783));
#449=EDGE_LOOP('',(#1784));
#450=EDGE_LOOP('',(#1785));
#451=EDGE_LOOP('',(#1786));
#452=EDGE_LOOP('',(#1787,#1788,#1789,#1790));
#453=EDGE_LOOP('',(#1791));
#454=EDGE_LOOP('',(#1792));
#455=EDGE_LOOP('',(#1793));
#456=EDGE_LOOP('',(#1794));
#457=EDGE_LOOP('',(#1795));
#458=EDGE_LOOP('',(#1796));
#459=EDGE_LOOP('',(#1797));
#460=EDGE_LOOP('',(#1798));
#461=EDGE_LOOP('',(#1799));
#462=EDGE_LOOP('',(#1800));
#463=EDGE_LOOP('',(#1801));
#464=EDGE_LOOP('',(#1802));
#465=EDGE_LOOP('',(#1803));
#466=EDGE_LOOP('',(#1804));
#467=EDGE_LOOP('',(#1805));
#468=EDGE_LOOP('',(#1806));
#469=EDGE_LOOP('',(#1807));
#470=EDGE_LOOP('',(#1808));
#471=EDGE_LOOP('',(#1809));
#472=EDGE_LOOP('',(#1810));
#473=EDGE_LOOP('',(#1811));
#474=EDGE_LOOP('',(#1812));
#475=EDGE_LOOP('',(#1813));
#476=EDGE_LOOP('',(#1814));
#477=EDGE_LOOP('',(#1815));
#478=EDGE_LOOP('',(#1816));
#479=EDGE_LOOP('',(#1817));
#480=EDGE_LOOP('',(#1818));
#481=EDGE_LOOP('',(#1819));
#482=EDGE_LOOP('',(#1820));
#483=EDGE_LOOP('',(#1821));
#484=EDGE_LOOP('',(#1822));
#485=EDGE_LOOP('',(#1823));
#486=EDGE_LOOP('',(#1824));
#487=EDGE_LOOP('',(#1825));
#488=EDGE_LOOP('',(#1826));
#489=EDGE_LOOP('',(#1827));
#490=EDGE_LOOP('',(#1828));
#491=EDGE_LOOP('',(#1829));
#492=EDGE_LOOP('',(#1830));
#493=EDGE_LOOP('',(#1831));
#494=EDGE_LOOP('',(#1832));
#495=EDGE_LOOP('',(#1833));
#496=EDGE_LOOP('',(#1834));
#497=EDGE_LOOP('',(#1835));
#498=EDGE_LOOP('',(#1836));
#499=EDGE_LOOP('',(#1837));
#500=EDGE_LOOP('',(#1838));
#501=EDGE_LOOP('',(#1839));
#502=EDGE_LOOP('',(#1840));
#503=EDGE_LOOP('',(#1841));
#504=EDGE_LOOP('',(#1842));
#505=EDGE_LOOP('',(#1843));
#506=EDGE_LOOP('',(#1844));
#507=EDGE_LOOP('',(#1845));
#508=EDGE_LOOP('',(#1846));
#509=EDGE_LOOP('',(#1847));
#510=EDGE_LOOP('',(#1848));
#511=EDGE_LOOP('',(#1849));
#512=EDGE_LOOP('',(#1850));
#513=EDGE_LOOP('',(#1851));
#514=EDGE_LOOP('',(#1852));
#515=EDGE_LOOP('',(#1853));
#516=EDGE_LOOP('',(#1854));
#517=EDGE_LOOP('',(#1855));
#518=EDGE_LOOP('',(#1856));
#519=EDGE_LOOP('',(#1857));
#520=EDGE_LOOP('',(#1858));
#521=EDGE_LOOP('',(#1859));
#522=EDGE_LOOP('',(#1860));
#523=EDGE_LOOP('',(#1861));
#524=EDGE_LOOP('',(#1862));
#525=EDGE_LOOP('',(#1863));
#526=EDGE_LOOP('',(#1864));
#527=LINE('',#2932,#629);
#528=LINE('',#2938,#630);
#529=LINE('',#2944,#631);
#530=LINE('',#2950,#632);
#531=LINE('',#2955,#633);
#532=LINE('',#2959,#634);
#533=LINE('',#2963,#635);
#534=LINE('',#2966,#636);
#535=LINE('',#2969,#637);
#536=LINE('',#2972,#638);
#537=LINE('',#2974,#639);
#538=LINE('',#2975,#640);
#539=LINE('',#2978,#641);
#540=LINE('',#2980,#642);
#541=LINE('',#2981,#643);
#542=LINE('',#2984,#644);
#543=LINE('',#2985,#645);
#544=LINE('',#2989,#646);
#545=LINE('',#2991,#647);
#546=LINE('',#2993,#648);
#547=LINE('',#2994,#649);
#548=LINE('',#3145,#650);
#549=LINE('',#3146,#651);
#550=LINE('',#3148,#652);
#551=LINE('',#3154,#653);
#552=LINE('',#3157,#654);
#553=LINE('',#3162,#655);
#554=LINE('',#3164,#656);
#555=LINE('',#3167,#657);
#556=LINE('',#3171,#658);
#557=LINE('',#3175,#659);
#558=LINE('',#3179,#660);
#559=LINE('',#3183,#661);
#560=LINE('',#3187,#662);
#561=LINE('',#3191,#663);
#562=LINE('',#3195,#664);
#563=LINE('',#3199,#665);
#564=LINE('',#3203,#666);
#565=LINE('',#3207,#667);
#566=LINE('',#3211,#668);
#567=LINE('',#3215,#669);
#568=LINE('',#3219,#670);
#569=LINE('',#3223,#671);
#570=LINE('',#3227,#672);
#571=LINE('',#3231,#673);
#572=LINE('',#3235,#674);
#573=LINE('',#3239,#675);
#574=LINE('',#3243,#676);
#575=LINE('',#3247,#677);
#576=LINE('',#3251,#678);
#577=LINE('',#3255,#679);
#578=LINE('',#3259,#680);
#579=LINE('',#3263,#681);
#580=LINE('',#3267,#682);
#581=LINE('',#3271,#683);
#582=LINE('',#3275,#684);
#583=LINE('',#3279,#685);
#584=LINE('',#3283,#686);
#585=LINE('',#3287,#687);
#586=LINE('',#3291,#688);
#587=LINE('',#3295,#689);
#588=LINE('',#3299,#690);
#589=LINE('',#3303,#691);
#590=LINE('',#3307,#692);
#591=LINE('',#3311,#693);
#592=LINE('',#3315,#694);
#593=LINE('',#3319,#695);
#594=LINE('',#3323,#696);
#595=LINE('',#3327,#697);
#596=LINE('',#3331,#698);
#597=LINE('',#3335,#699);
#598=LINE('',#3339,#700);
#599=LINE('',#3343,#701);
#600=LINE('',#3347,#702);
#601=LINE('',#3351,#703);
#602=LINE('',#3355,#704);
#603=LINE('',#3359,#705);
#604=LINE('',#3363,#706);
#605=LINE('',#3367,#707);
#606=LINE('',#3371,#708);
#607=LINE('',#3375,#709);
#608=LINE('',#3379,#710);
#609=LINE('',#3383,#711);
#610=LINE('',#3387,#712);
#611=LINE('',#3391,#713);
#612=LINE('',#3395,#714);
#613=LINE('',#3399,#715);
#614=LINE('',#3403,#716);
#615=LINE('',#3407,#717);
#616=LINE('',#3411,#718);
#617=LINE('',#3415,#719);
#618=LINE('',#3419,#720);
#619=LINE('',#3423,#721);
#620=LINE('',#3427,#722);
#621=LINE('',#3431,#723);
#622=LINE('',#3435,#724);
#623=LINE('',#3439,#725);
#624=LINE('',#3443,#726);
#625=LINE('',#3447,#727);
#626=LINE('',#3451,#728);
#627=LINE('',#3455,#729);
#628=LINE('',#3459,#730);
#629=VECTOR('',#2317,2.);
#630=VECTOR('',#2324,2.);
#631=VECTOR('',#2331,2.);
#632=VECTOR('',#2338,2.);
#633=VECTOR('',#2343,10.);
#634=VECTOR('',#2346,10.);
#635=VECTOR('',#2351,10.);
#636=VECTOR('',#2354,10.);
#637=VECTOR('',#2357,10.);
#638=VECTOR('',#2360,10.);
#639=VECTOR('',#2363,10.);
#640=VECTOR('',#2364,10.);
#641=VECTOR('',#2367,10.);
#642=VECTOR('',#2368,10.);
#643=VECTOR('',#2369,10.);
#644=VECTOR('',#2372,10.);
#645=VECTOR('',#2373,10.);
#646=VECTOR('',#2376,10.);
#647=VECTOR('',#2377,10.);
#648=VECTOR('',#2378,10.);
#649=VECTOR('',#2379,10.);
#650=VECTOR('',#2530,10.);
#651=VECTOR('',#2531,10.);
#652=VECTOR('',#2534,10.);
#653=VECTOR('',#2541,10.);
#654=VECTOR('',#2544,10.);
#655=VECTOR('',#2551,10.);
#656=VECTOR('',#2554,10.);
#657=VECTOR('',#2557,2.);
#658=VECTOR('',#2562,2.);
#659=VECTOR('',#2567,2.);
#660=VECTOR('',#2572,2.);
#661=VECTOR('',#2577,2.);
#662=VECTOR('',#2582,2.);
#663=VECTOR('',#2587,2.);
#664=VECTOR('',#2592,2.);
#665=VECTOR('',#2597,2.);
#666=VECTOR('',#2602,2.);
#667=VECTOR('',#2607,2.);
#668=VECTOR('',#2612,2.);
#669=VECTOR('',#2617,2.);
#670=VECTOR('',#2622,2.);
#671=VECTOR('',#2627,2.);
#672=VECTOR('',#2632,2.);
#673=VECTOR('',#2637,2.);
#674=VECTOR('',#2642,2.);
#675=VECTOR('',#2647,2.);
#676=VECTOR('',#2652,2.);
#677=VECTOR('',#2657,2.);
#678=VECTOR('',#2662,2.);
#679=VECTOR('',#2667,2.);
#680=VECTOR('',#2672,2.);
#681=VECTOR('',#2677,2.);
#682=VECTOR('',#2682,2.);
#683=VECTOR('',#2687,2.);
#684=VECTOR('',#2692,2.);
#685=VECTOR('',#2697,2.);
#686=VECTOR('',#2702,2.);
#687=VECTOR('',#2707,2.);
#688=VECTOR('',#2712,2.);
#689=VECTOR('',#2717,2.);
#690=VECTOR('',#2722,2.);
#691=VECTOR('',#2727,2.);
#692=VECTOR('',#2732,2.);
#693=VECTOR('',#2737,2.);
#694=VECTOR('',#2742,2.);
#695=VECTOR('',#2747,2.);
#696=VECTOR('',#2752,2.);
#697=VECTOR('',#2757,2.);
#698=VECTOR('',#2762,2.);
#699=VECTOR('',#2767,2.);
#700=VECTOR('',#2772,2.);
#701=VECTOR('',#2777,2.);
#702=VECTOR('',#2782,2.);
#703=VECTOR('',#2787,2.);
#704=VECTOR('',#2792,2.);
#705=VECTOR('',#2797,2.);
#706=VECTOR('',#2802,2.);
#707=VECTOR('',#2807,2.);
#708=VECTOR('',#2812,2.);
#709=VECTOR('',#2817,2.);
#710=VECTOR('',#2822,2.);
#711=VECTOR('',#2827,2.);
#712=VECTOR('',#2832,2.);
#713=VECTOR('',#2837,2.);
#714=VECTOR('',#2842,2.);
#715=VECTOR('',#2847,2.);
#716=VECTOR('',#2852,2.);
#717=VECTOR('',#2857,2.);
#718=VECTOR('',#2862,2.);
#719=VECTOR('',#2867,2.);
#720=VECTOR('',#2872,2.);
#721=VECTOR('',#2877,2.);
#722=VECTOR('',#2882,2.);
#723=VECTOR('',#2887,2.);
#724=VECTOR('',#2892,2.);
#725=VECTOR('',#2897,2.);
#726=VECTOR('',#2902,2.);
#727=VECTOR('',#2907,2.);
#728=VECTOR('',#2912,2.);
#729=VECTOR('',#2917,2.);
#730=VECTOR('',#2922,2.);
#731=CIRCLE('',#2056,2.);
#732=CIRCLE('',#2057,2.);
#733=CIRCLE('',#2059,2.);
#734=CIRCLE('',#2060,2.);
#735=CIRCLE('',#2062,2.);
#736=CIRCLE('',#2063,2.);
#737=CIRCLE('',#2065,2.);
#738=CIRCLE('',#2066,2.);
#739=CIRCLE('',#2078,2.);
#740=CIRCLE('',#2079,2.);
#741=CIRCLE('',#2080,2.);
#742=CIRCLE('',#2081,2.);
#743=CIRCLE('',#2082,2.);
#744=CIRCLE('',#2083,2.);
#745=CIRCLE('',#2084,2.);
#746=CIRCLE('',#2085,2.);
#747=CIRCLE('',#2086,2.);
#748=CIRCLE('',#2087,2.);
#749=CIRCLE('',#2088,2.);
#750=CIRCLE('',#2089,2.);
#751=CIRCLE('',#2090,2.);
#752=CIRCLE('',#2091,2.);
#753=CIRCLE('',#2092,2.);
#754=CIRCLE('',#2093,2.);
#755=CIRCLE('',#2094,2.);
#756=CIRCLE('',#2095,2.);
#757=CIRCLE('',#2096,2.);
#758=CIRCLE('',#2097,2.);
#759=CIRCLE('',#2098,2.);
#760=CIRCLE('',#2099,2.);
#761=CIRCLE('',#2100,2.);
#762=CIRCLE('',#2101,2.);
#763=CIRCLE('',#2102,2.);
#764=CIRCLE('',#2103,2.);
#765=CIRCLE('',#2104,2.);
#766=CIRCLE('',#2105,2.);
#767=CIRCLE('',#2106,2.);
#768=CIRCLE('',#2107,2.);
#769=CIRCLE('',#2108,2.);
#770=CIRCLE('',#2109,2.);
#771=CIRCLE('',#2110,2.);
#772=CIRCLE('',#2111,2.);
#773=CIRCLE('',#2112,2.);
#774=CIRCLE('',#2113,2.);
#775=CIRCLE('',#2114,2.);
#776=CIRCLE('',#2115,2.);
#777=CIRCLE('',#2116,2.);
#778=CIRCLE('',#2117,2.);
#779=CIRCLE('',#2118,2.);
#780=CIRCLE('',#2119,2.);
#781=CIRCLE('',#2120,2.);
#782=CIRCLE('',#2121,2.);
#783=CIRCLE('',#2122,2.);
#784=CIRCLE('',#2123,2.);
#785=CIRCLE('',#2124,2.);
#786=CIRCLE('',#2125,2.);
#787=CIRCLE('',#2126,2.);
#788=CIRCLE('',#2127,2.);
#789=CIRCLE('',#2128,2.);
#790=CIRCLE('',#2129,2.);
#791=CIRCLE('',#2130,2.);
#792=CIRCLE('',#2131,2.);
#793=CIRCLE('',#2132,2.);
#794=CIRCLE('',#2133,2.);
#795=CIRCLE('',#2134,2.);
#796=CIRCLE('',#2135,2.);
#797=CIRCLE('',#2136,2.);
#798=CIRCLE('',#2137,2.);
#799=CIRCLE('',#2138,2.);
#800=CIRCLE('',#2139,2.);
#801=CIRCLE('',#2140,2.);
#802=CIRCLE('',#2141,2.);
#803=CIRCLE('',#2142,2.);
#804=CIRCLE('',#2143,2.);
#805=CIRCLE('',#2144,2.);
#806=CIRCLE('',#2145,2.);
#807=CIRCLE('',#2146,2.);
#808=CIRCLE('',#2147,2.);
#809=CIRCLE('',#2148,2.);
#810=CIRCLE('',#2149,2.);
#811=CIRCLE('',#2150,2.);
#812=CIRCLE('',#2151,2.);
#813=CIRCLE('',#2155,5.);
#814=CIRCLE('',#2156,5.);
#815=CIRCLE('',#2158,5.);
#816=CIRCLE('',#2160,5.);
#817=CIRCLE('',#2163,2.);
#818=CIRCLE('',#2165,2.);
#819=CIRCLE('',#2167,2.);
#820=CIRCLE('',#2169,2.);
#821=CIRCLE('',#2171,2.);
#822=CIRCLE('',#2173,2.);
#823=CIRCLE('',#2175,2.);
#824=CIRCLE('',#2177,2.);
#825=CIRCLE('',#2179,2.);
#826=CIRCLE('',#2181,2.);
#827=CIRCLE('',#2183,2.);
#828=CIRCLE('',#2185,2.);
#829=CIRCLE('',#2187,2.);
#830=CIRCLE('',#2189,2.);
#831=CIRCLE('',#2191,2.);
#832=CIRCLE('',#2193,2.);
#833=CIRCLE('',#2195,2.);
#834=CIRCLE('',#2197,2.);
#835=CIRCLE('',#2199,2.);
#836=CIRCLE('',#2201,2.);
#837=CIRCLE('',#2203,2.);
#838=CIRCLE('',#2205,2.);
#839=CIRCLE('',#2207,2.);
#840=CIRCLE('',#2209,2.);
#841=CIRCLE('',#2211,2.);
#842=CIRCLE('',#2213,2.);
#843=CIRCLE('',#2215,2.);
#844=CIRCLE('',#2217,2.);
#845=CIRCLE('',#2219,2.);
#846=CIRCLE('',#2221,2.);
#847=CIRCLE('',#2223,2.);
#848=CIRCLE('',#2225,2.);
#849=CIRCLE('',#2227,2.);
#850=CIRCLE('',#2229,2.);
#851=CIRCLE('',#2231,2.);
#852=CIRCLE('',#2233,2.);
#853=CIRCLE('',#2235,2.);
#854=CIRCLE('',#2237,2.);
#855=CIRCLE('',#2239,2.);
#856=CIRCLE('',#2241,2.);
#857=CIRCLE('',#2243,2.);
#858=CIRCLE('',#2245,2.);
#859=CIRCLE('',#2247,2.);
#860=CIRCLE('',#2249,2.);
#861=CIRCLE('',#2251,2.);
#862=CIRCLE('',#2253,2.);
#863=CIRCLE('',#2255,2.);
#864=CIRCLE('',#2257,2.);
#865=CIRCLE('',#2259,2.);
#866=CIRCLE('',#2261,2.);
#867=CIRCLE('',#2263,2.);
#868=CIRCLE('',#2265,2.);
#869=CIRCLE('',#2267,2.);
#870=CIRCLE('',#2269,2.);
#871=CIRCLE('',#2271,2.);
#872=CIRCLE('',#2273,2.);
#873=CIRCLE('',#2275,2.);
#874=CIRCLE('',#2277,2.);
#875=CIRCLE('',#2279,2.);
#876=CIRCLE('',#2281,2.);
#877=CIRCLE('',#2283,2.);
#878=CIRCLE('',#2285,2.);
#879=CIRCLE('',#2287,2.);
#880=CIRCLE('',#2289,2.);
#881=CIRCLE('',#2291,2.);
#882=CIRCLE('',#2293,2.);
#883=CIRCLE('',#2295,2.);
#884=CIRCLE('',#2297,2.);
#885=CIRCLE('',#2299,2.);
#886=CIRCLE('',#2301,2.);
#887=CIRCLE('',#2303,2.);
#888=CIRCLE('',#2305,2.);
#889=CIRCLE('',#2307,2.);
#890=CIRCLE('',#2309,2.);
#891=VERTEX_POINT('',#2929);
#892=VERTEX_POINT('',#2931);
#893=VERTEX_POINT('',#2935);
#894=VERTEX_POINT('',#2937);
#895=VERTEX_POINT('',#2941);
#896=VERTEX_POINT('',#2943);
#897=VERTEX_POINT('',#2947);
#898=VERTEX_POINT('',#2949);
#899=VERTEX_POINT('',#2953);
#900=VERTEX_POINT('',#2954);
#901=VERTEX_POINT('',#2956);
#902=VERTEX_POINT('',#2958);
#903=VERTEX_POINT('',#2962);
#904=VERTEX_POINT('',#2964);
#905=VERTEX_POINT('',#2968);
#906=VERTEX_POINT('',#2970);
#907=VERTEX_POINT('',#2977);
#908=VERTEX_POINT('',#2979);
#909=VERTEX_POINT('',#2983);
#910=VERTEX_POINT('',#2987);
#911=VERTEX_POINT('',#2988);
#912=VERTEX_POINT('',#2990);
#913=VERTEX_POINT('',#2992);
#914=VERTEX_POINT('',#2995);
#915=VERTEX_POINT('',#2997);
#916=VERTEX_POINT('',#2999);
#917=VERTEX_POINT('',#3001);
#918=VERTEX_POINT('',#3003);
#919=VERTEX_POINT('',#3005);
#920=VERTEX_POINT('',#3007);
#921=VERTEX_POINT('',#3009);
#922=VERTEX_POINT('',#3011);
#923=VERTEX_POINT('',#3013);
#924=VERTEX_POINT('',#3015);
#925=VERTEX_POINT('',#3017);
#926=VERTEX_POINT('',#3019);
#927=VERTEX_POINT('',#3021);
#928=VERTEX_POINT('',#3023);
#929=VERTEX_POINT('',#3025);
#930=VERTEX_POINT('',#3027);
#931=VERTEX_POINT('',#3029);
#932=VERTEX_POINT('',#3031);
#933=VERTEX_POINT('',#3033);
#934=VERTEX_POINT('',#3035);
#935=VERTEX_POINT('',#3037);
#936=VERTEX_POINT('',#3039);
#937=VERTEX_POINT('',#3041);
#938=VERTEX_POINT('',#3043);
#939=VERTEX_POINT('',#3045);
#940=VERTEX_POINT('',#3047);
#941=VERTEX_POINT('',#3049);
#942=VERTEX_POINT('',#3051);
#943=VERTEX_POINT('',#3053);
#944=VERTEX_POINT('',#3055);
#945=VERTEX_POINT('',#3057);
#946=VERTEX_POINT('',#3059);
#947=VERTEX_POINT('',#3061);
#948=VERTEX_POINT('',#3063);
#949=VERTEX_POINT('',#3065);
#950=VERTEX_POINT('',#3067);
#951=VERTEX_POINT('',#3069);
#952=VERTEX_POINT('',#3071);
#953=VERTEX_POINT('',#3073);
#954=VERTEX_POINT('',#3075);
#955=VERTEX_POINT('',#3077);
#956=VERTEX_POINT('',#3079);
#957=VERTEX_POINT('',#3081);
#958=VERTEX_POINT('',#3083);
#959=VERTEX_POINT('',#3085);
#960=VERTEX_POINT('',#3087);
#961=VERTEX_POINT('',#3089);
#962=VERTEX_POINT('',#3091);
#963=VERTEX_POINT('',#3093);
#964=VERTEX_POINT('',#3095);
#965=VERTEX_POINT('',#3097);
#966=VERTEX_POINT('',#3099);
#967=VERTEX_POINT('',#3101);
#968=VERTEX_POINT('',#3103);
#969=VERTEX_POINT('',#3105);
#970=VERTEX_POINT('',#3107);
#971=VERTEX_POINT('',#3109);
#972=VERTEX_POINT('',#3111);
#973=VERTEX_POINT('',#3113);
#974=VERTEX_POINT('',#3115);
#975=VERTEX_POINT('',#3117);
#976=VERTEX_POINT('',#3119);
#977=VERTEX_POINT('',#3121);
#978=VERTEX_POINT('',#3123);
#979=VERTEX_POINT('',#3125);
#980=VERTEX_POINT('',#3127);
#981=VERTEX_POINT('',#3129);
#982=VERTEX_POINT('',#3131);
#983=VERTEX_POINT('',#3133);
#984=VERTEX_POINT('',#3135);
#985=VERTEX_POINT('',#3137);
#986=VERTEX_POINT('',#3139);
#987=VERTEX_POINT('',#3141);
#988=VERTEX_POINT('',#3144);
#989=VERTEX_POINT('',#3150);
#990=VERTEX_POINT('',#3152);
#991=VERTEX_POINT('',#3156);
#992=VERTEX_POINT('',#3160);
#993=VERTEX_POINT('',#3166);
#994=VERTEX_POINT('',#3170);
#995=VERTEX_POINT('',#3174);
#996=VERTEX_POINT('',#3178);
#997=VERTEX_POINT('',#3182);
#998=VERTEX_POINT('',#3186);
#999=VERTEX_POINT('',#3190);
#1000=VERTEX_POINT('',#3194);
#1001=VERTEX_POINT('',#3198);
#1002=VERTEX_POINT('',#3202);
#1003=VERTEX_POINT('',#3206);
#1004=VERTEX_POINT('',#3210);
#1005=VERTEX_POINT('',#3214);
#1006=VERTEX_POINT('',#3218);
#1007=VERTEX_POINT('',#3222);
#1008=VERTEX_POINT('',#3226);
#1009=VERTEX_POINT('',#3230);
#1010=VERTEX_POINT('',#3234);
#1011=VERTEX_POINT('',#3238);
#1012=VERTEX_POINT('',#3242);
#1013=VERTEX_POINT('',#3246);
#1014=VERTEX_POINT('',#3250);
#1015=VERTEX_POINT('',#3254);
#1016=VERTEX_POINT('',#3258);
#1017=VERTEX_POINT('',#3262);
#1018=VERTEX_POINT('',#3266);
#1019=VERTEX_POINT('',#3270);
#1020=VERTEX_POINT('',#3274);
#1021=VERTEX_POINT('',#3278);
#1022=VERTEX_POINT('',#3282);
#1023=VERTEX_POINT('',#3286);
#1024=VERTEX_POINT('',#3290);
#1025=VERTEX_POINT('',#3294);
#1026=VERTEX_POINT('',#3298);
#1027=VERTEX_POINT('',#3302);
#1028=VERTEX_POINT('',#3306);
#1029=VERTEX_POINT('',#3310);
#1030=VERTEX_POINT('',#3314);
#1031=VERTEX_POINT('',#3318);
#1032=VERTEX_POINT('',#3322);
#1033=VERTEX_POINT('',#3326);
#1034=VERTEX_POINT('',#3330);
#1035=VERTEX_POINT('',#3334);
#1036=VERTEX_POINT('',#3338);
#1037=VERTEX_POINT('',#3342);
#1038=VERTEX_POINT('',#3346);
#1039=VERTEX_POINT('',#3350);
#1040=VERTEX_POINT('',#3354);
#1041=VERTEX_POINT('',#3358);
#1042=VERTEX_POINT('',#3362);
#1043=VERTEX_POINT('',#3366);
#1044=VERTEX_POINT('',#3370);
#1045=VERTEX_POINT('',#3374);
#1046=VERTEX_POINT('',#3378);
#1047=VERTEX_POINT('',#3382);
#1048=VERTEX_POINT('',#3386);
#1049=VERTEX_POINT('',#3390);
#1050=VERTEX_POINT('',#3394);
#1051=VERTEX_POINT('',#3398);
#1052=VERTEX_POINT('',#3402);
#1053=VERTEX_POINT('',#3406);
#1054=VERTEX_POINT('',#3410);
#1055=VERTEX_POINT('',#3414);
#1056=VERTEX_POINT('',#3418);
#1057=VERTEX_POINT('',#3422);
#1058=VERTEX_POINT('',#3426);
#1059=VERTEX_POINT('',#3430);
#1060=VERTEX_POINT('',#3434);
#1061=VERTEX_POINT('',#3438);
#1062=VERTEX_POINT('',#3442);
#1063=VERTEX_POINT('',#3446);
#1064=VERTEX_POINT('',#3450);
#1065=VERTEX_POINT('',#3454);
#1066=VERTEX_POINT('',#3458);
#1067=EDGE_CURVE('',#891,#891,#731,.T.);
#1068=EDGE_CURVE('',#891,#892,#527,.T.);
#1069=EDGE_CURVE('',#892,#892,#732,.T.);
#1070=EDGE_CURVE('',#893,#893,#733,.T.);
#1071=EDGE_CURVE('',#893,#894,#528,.T.);
#1072=EDGE_CURVE('',#894,#894,#734,.T.);
#1073=EDGE_CURVE('',#895,#895,#735,.T.);
#1074=EDGE_CURVE('',#895,#896,#529,.T.);
#1075=EDGE_CURVE('',#896,#896,#736,.T.);
#1076=EDGE_CURVE('',#897,#897,#737,.T.);
#1077=EDGE_CURVE('',#897,#898,#530,.T.);
#1078=EDGE_CURVE('',#898,#898,#738,.T.);
#1079=EDGE_CURVE('',#899,#900,#531,.T.);
#1080=EDGE_CURVE('',#900,#901,#181,.T.);
#1081=EDGE_CURVE('',#901,#902,#532,.T.);
#1082=EDGE_CURVE('',#902,#899,#182,.T.);
#1083=EDGE_CURVE('',#900,#903,#533,.T.);
#1084=EDGE_CURVE('',#903,#904,#183,.T.);
#1085=EDGE_CURVE('',#904,#901,#534,.T.);
#1086=EDGE_CURVE('',#903,#905,#535,.T.);
#1087=EDGE_CURVE('',#905,#906,#184,.T.);
#1088=EDGE_CURVE('',#906,#904,#536,.T.);
#1089=EDGE_CURVE('',#902,#906,#537,.T.);
#1090=EDGE_CURVE('',#905,#899,#538,.T.);
#1091=EDGE_CURVE('',#902,#907,#539,.T.);
#1092=EDGE_CURVE('',#908,#907,#540,.T.);
#1093=EDGE_CURVE('',#906,#908,#541,.T.);
#1094=EDGE_CURVE('',#901,#909,#542,.T.);
#1095=EDGE_CURVE('',#907,#909,#543,.T.);
#1096=EDGE_CURVE('',#910,#911,#544,.T.);
#1097=EDGE_CURVE('',#910,#912,#545,.T.);
#1098=EDGE_CURVE('',#913,#912,#546,.T.);
#1099=EDGE_CURVE('',#913,#911,#547,.T.);
#1100=EDGE_CURVE('',#914,#914,#739,.T.);
#1101=EDGE_CURVE('',#915,#915,#740,.T.);
#1102=EDGE_CURVE('',#916,#916,#741,.T.);
#1103=EDGE_CURVE('',#917,#917,#742,.T.);
#1104=EDGE_CURVE('',#918,#918,#743,.T.);
#1105=EDGE_CURVE('',#919,#919,#744,.T.);
#1106=EDGE_CURVE('',#920,#920,#745,.T.);
#1107=EDGE_CURVE('',#921,#921,#746,.T.);
#1108=EDGE_CURVE('',#922,#922,#747,.T.);
#1109=EDGE_CURVE('',#923,#923,#748,.T.);
#1110=EDGE_CURVE('',#924,#924,#749,.T.);
#1111=EDGE_CURVE('',#925,#925,#750,.T.);
#1112=EDGE_CURVE('',#926,#926,#751,.T.);
#1113=EDGE_CURVE('',#927,#927,#752,.T.);
#1114=EDGE_CURVE('',#928,#928,#753,.T.);
#1115=EDGE_CURVE('',#929,#929,#754,.T.);
#1116=EDGE_CURVE('',#930,#930,#755,.T.);
#1117=EDGE_CURVE('',#931,#931,#756,.T.);
#1118=EDGE_CURVE('',#932,#932,#757,.T.);
#1119=EDGE_CURVE('',#933,#933,#758,.T.);
#1120=EDGE_CURVE('',#934,#934,#759,.T.);
#1121=EDGE_CURVE('',#935,#935,#760,.T.);
#1122=EDGE_CURVE('',#936,#936,#761,.T.);
#1123=EDGE_CURVE('',#937,#937,#762,.T.);
#1124=EDGE_CURVE('',#938,#938,#763,.T.);
#1125=EDGE_CURVE('',#939,#939,#764,.T.);
#1126=EDGE_CURVE('',#940,#940,#765,.T.);
#1127=EDGE_CURVE('',#941,#941,#766,.T.);
#1128=EDGE_CURVE('',#942,#942,#767,.T.);
#1129=EDGE_CURVE('',#943,#943,#768,.T.);
#1130=EDGE_CURVE('',#944,#944,#769,.T.);
#1131=EDGE_CURVE('',#945,#945,#770,.T.);
#1132=EDGE_CURVE('',#946,#946,#771,.T.);
#1133=EDGE_CURVE('',#947,#947,#772,.T.);
#1134=EDGE_CURVE('',#948,#948,#773,.T.);
#1135=EDGE_CURVE('',#949,#949,#774,.T.);
#1136=EDGE_CURVE('',#950,#950,#775,.T.);
#1137=EDGE_CURVE('',#951,#951,#776,.T.);
#1138=EDGE_CURVE('',#952,#952,#777,.T.);
#1139=EDGE_CURVE('',#953,#953,#778,.T.);
#1140=EDGE_CURVE('',#954,#954,#779,.T.);
#1141=EDGE_CURVE('',#955,#955,#780,.T.);
#1142=EDGE_CURVE('',#956,#956,#781,.T.);
#1143=EDGE_CURVE('',#957,#957,#782,.T.);
#1144=EDGE_CURVE('',#958,#958,#783,.T.);
#1145=EDGE_CURVE('',#959,#959,#784,.T.);
#1146=EDGE_CURVE('',#960,#960,#785,.T.);
#1147=EDGE_CURVE('',#961,#961,#786,.T.);
#1148=EDGE_CURVE('',#962,#962,#787,.T.);
#1149=EDGE_CURVE('',#963,#963,#788,.T.);
#1150=EDGE_CURVE('',#964,#964,#789,.T.);
#1151=EDGE_CURVE('',#965,#965,#790,.T.);
#1152=EDGE_CURVE('',#966,#966,#791,.T.);
#1153=EDGE_CURVE('',#967,#967,#792,.T.);
#1154=EDGE_CURVE('',#968,#968,#793,.T.);
#1155=EDGE_CURVE('',#969,#969,#794,.T.);
#1156=EDGE_CURVE('',#970,#970,#795,.T.);
#1157=EDGE_CURVE('',#971,#971,#796,.T.);
#1158=EDGE_CURVE('',#972,#972,#797,.T.);
#1159=EDGE_CURVE('',#973,#973,#798,.T.);
#1160=EDGE_CURVE('',#974,#974,#799,.T.);
#1161=EDGE_CURVE('',#975,#975,#800,.T.);
#1162=EDGE_CURVE('',#976,#976,#801,.T.);
#1163=EDGE_CURVE('',#977,#977,#802,.T.);
#1164=EDGE_CURVE('',#978,#978,#803,.T.);
#1165=EDGE_CURVE('',#979,#979,#804,.T.);
#1166=EDGE_CURVE('',#980,#980,#805,.T.);
#1167=EDGE_CURVE('',#981,#981,#806,.T.);
#1168=EDGE_CURVE('',#982,#982,#807,.T.);
#1169=EDGE_CURVE('',#983,#983,#808,.T.);
#1170=EDGE_CURVE('',#984,#984,#809,.T.);
#1171=EDGE_CURVE('',#985,#985,#810,.T.);
#1172=EDGE_CURVE('',#986,#986,#811,.T.);
#1173=EDGE_CURVE('',#987,#987,#812,.T.);
#1174=EDGE_CURVE('',#988,#908,#548,.T.);
#1175=EDGE_CURVE('',#904,#988,#549,.T.);
#1176=EDGE_CURVE('',#909,#988,#550,.T.);
#1177=EDGE_CURVE('',#989,#910,#813,.T.);
#1178=EDGE_CURVE('',#911,#990,#814,.T.);
#1179=EDGE_CURVE('',#989,#990,#551,.T.);
#1180=EDGE_CURVE('',#991,#989,#552,.T.);
#1181=EDGE_CURVE('',#912,#991,#815,.T.);
#1182=EDGE_CURVE('',#992,#913,#816,.T.);
#1183=EDGE_CURVE('',#992,#991,#553,.T.);
#1184=EDGE_CURVE('',#990,#992,#554,.T.);
#1185=EDGE_CURVE('',#987,#993,#555,.T.);
#1186=EDGE_CURVE('',#993,#993,#817,.T.);
#1187=EDGE_CURVE('',#986,#994,#556,.T.);
#1188=EDGE_CURVE('',#994,#994,#818,.T.);
#1189=EDGE_CURVE('',#985,#995,#557,.T.);
#1190=EDGE_CURVE('',#995,#995,#819,.T.);
#1191=EDGE_CURVE('',#984,#996,#558,.T.);
#1192=EDGE_CURVE('',#996,#996,#820,.T.);
#1193=EDGE_CURVE('',#983,#997,#559,.T.);
#1194=EDGE_CURVE('',#997,#997,#821,.T.);
#1195=EDGE_CURVE('',#982,#998,#560,.T.);
#1196=EDGE_CURVE('',#998,#998,#822,.T.);
#1197=EDGE_CURVE('',#981,#999,#561,.T.);
#1198=EDGE_CURVE('',#999,#999,#823,.T.);
#1199=EDGE_CURVE('',#980,#1000,#562,.T.);
#1200=EDGE_CURVE('',#1000,#1000,#824,.T.);
#1201=EDGE_CURVE('',#979,#1001,#563,.T.);
#1202=EDGE_CURVE('',#1001,#1001,#825,.T.);
#1203=EDGE_CURVE('',#978,#1002,#564,.T.);
#1204=EDGE_CURVE('',#1002,#1002,#826,.T.);
#1205=EDGE_CURVE('',#977,#1003,#565,.T.);
#1206=EDGE_CURVE('',#1003,#1003,#827,.T.);
#1207=EDGE_CURVE('',#976,#1004,#566,.T.);
#1208=EDGE_CURVE('',#1004,#1004,#828,.T.);
#1209=EDGE_CURVE('',#975,#1005,#567,.T.);
#1210=EDGE_CURVE('',#1005,#1005,#829,.T.);
#1211=EDGE_CURVE('',#974,#1006,#568,.T.);
#1212=EDGE_CURVE('',#1006,#1006,#830,.T.);
#1213=EDGE_CURVE('',#973,#1007,#569,.T.);
#1214=EDGE_CURVE('',#1007,#1007,#831,.T.);
#1215=EDGE_CURVE('',#972,#1008,#570,.T.);
#1216=EDGE_CURVE('',#1008,#1008,#832,.T.);
#1217=EDGE_CURVE('',#971,#1009,#571,.T.);
#1218=EDGE_CURVE('',#1009,#1009,#833,.T.);
#1219=EDGE_CURVE('',#970,#1010,#572,.T.);
#1220=EDGE_CURVE('',#1010,#1010,#834,.T.);
#1221=EDGE_CURVE('',#969,#1011,#573,.T.);
#1222=EDGE_CURVE('',#1011,#1011,#835,.T.);
#1223=EDGE_CURVE('',#968,#1012,#574,.T.);
#1224=EDGE_CURVE('',#1012,#1012,#836,.T.);
#1225=EDGE_CURVE('',#967,#1013,#575,.T.);
#1226=EDGE_CURVE('',#1013,#1013,#837,.T.);
#1227=EDGE_CURVE('',#966,#1014,#576,.T.);
#1228=EDGE_CURVE('',#1014,#1014,#838,.T.);
#1229=EDGE_CURVE('',#965,#1015,#577,.T.);
#1230=EDGE_CURVE('',#1015,#1015,#839,.T.);
#1231=EDGE_CURVE('',#964,#1016,#578,.T.);
#1232=EDGE_CURVE('',#1016,#1016,#840,.T.);
#1233=EDGE_CURVE('',#963,#1017,#579,.T.);
#1234=EDGE_CURVE('',#1017,#1017,#841,.T.);
#1235=EDGE_CURVE('',#962,#1018,#580,.T.);
#1236=EDGE_CURVE('',#1018,#1018,#842,.T.);
#1237=EDGE_CURVE('',#961,#1019,#581,.T.);
#1238=EDGE_CURVE('',#1019,#1019,#843,.T.);
#1239=EDGE_CURVE('',#960,#1020,#582,.T.);
#1240=EDGE_CURVE('',#1020,#1020,#844,.T.);
#1241=EDGE_CURVE('',#959,#1021,#583,.T.);
#1242=EDGE_CURVE('',#1021,#1021,#845,.T.);
#1243=EDGE_CURVE('',#958,#1022,#584,.T.);
#1244=EDGE_CURVE('',#1022,#1022,#846,.T.);
#1245=EDGE_CURVE('',#957,#1023,#585,.T.);
#1246=EDGE_CURVE('',#1023,#1023,#847,.T.);
#1247=EDGE_CURVE('',#956,#1024,#586,.T.);
#1248=EDGE_CURVE('',#1024,#1024,#848,.T.);
#1249=EDGE_CURVE('',#955,#1025,#587,.T.);
#1250=EDGE_CURVE('',#1025,#1025,#849,.T.);
#1251=EDGE_CURVE('',#954,#1026,#588,.T.);
#1252=EDGE_CURVE('',#1026,#1026,#850,.T.);
#1253=EDGE_CURVE('',#953,#1027,#589,.T.);
#1254=EDGE_CURVE('',#1027,#1027,#851,.T.);
#1255=EDGE_CURVE('',#952,#1028,#590,.T.);
#1256=EDGE_CURVE('',#1028,#1028,#852,.T.);
#1257=EDGE_CURVE('',#951,#1029,#591,.T.);
#1258=EDGE_CURVE('',#1029,#1029,#853,.T.);
#1259=EDGE_CURVE('',#950,#1030,#592,.T.);
#1260=EDGE_CURVE('',#1030,#1030,#854,.T.);
#1261=EDGE_CURVE('',#949,#1031,#593,.T.);
#1262=EDGE_CURVE('',#1031,#1031,#855,.T.);
#1263=EDGE_CURVE('',#948,#1032,#594,.T.);
#1264=EDGE_CURVE('',#1032,#1032,#856,.T.);
#1265=EDGE_CURVE('',#947,#1033,#595,.T.);
#1266=EDGE_CURVE('',#1033,#1033,#857,.T.);
#1267=EDGE_CURVE('',#946,#1034,#596,.T.);
#1268=EDGE_CURVE('',#1034,#1034,#858,.T.);
#1269=EDGE_CURVE('',#945,#1035,#597,.T.);
#1270=EDGE_CURVE('',#1035,#1035,#859,.T.);
#1271=EDGE_CURVE('',#944,#1036,#598,.T.);
#1272=EDGE_CURVE('',#1036,#1036,#860,.T.);
#1273=EDGE_CURVE('',#943,#1037,#599,.T.);
#1274=EDGE_CURVE('',#1037,#1037,#861,.T.);
#1275=EDGE_CURVE('',#942,#1038,#600,.T.);
#1276=EDGE_CURVE('',#1038,#1038,#862,.T.);
#1277=EDGE_CURVE('',#941,#1039,#601,.T.);
#1278=EDGE_CURVE('',#1039,#1039,#863,.T.);
#1279=EDGE_CURVE('',#940,#1040,#602,.T.);
#1280=EDGE_CURVE('',#1040,#1040,#864,.T.);
#1281=EDGE_CURVE('',#939,#1041,#603,.T.);
#1282=EDGE_CURVE('',#1041,#1041,#865,.T.);
#1283=EDGE_CURVE('',#938,#1042,#604,.T.);
#1284=EDGE_CURVE('',#1042,#1042,#866,.T.);
#1285=EDGE_CURVE('',#937,#1043,#605,.T.);
#1286=EDGE_CURVE('',#1043,#1043,#867,.T.);
#1287=EDGE_CURVE('',#936,#1044,#606,.T.);
#1288=EDGE_CURVE('',#1044,#1044,#868,.T.);
#1289=EDGE_CURVE('',#935,#1045,#607,.T.);
#1290=EDGE_CURVE('',#1045,#1045,#869,.T.);
#1291=EDGE_CURVE('',#934,#1046,#608,.T.);
#1292=EDGE_CURVE('',#1046,#1046,#870,.T.);
#1293=EDGE_CURVE('',#933,#1047,#609,.T.);
#1294=EDGE_CURVE('',#1047,#1047,#871,.T.);
#1295=EDGE_CURVE('',#932,#1048,#610,.T.);
#1296=EDGE_CURVE('',#1048,#1048,#872,.T.);
#1297=EDGE_CURVE('',#931,#1049,#611,.T.);
#1298=EDGE_CURVE('',#1049,#1049,#873,.T.);
#1299=EDGE_CURVE('',#930,#1050,#612,.T.);
#1300=EDGE_CURVE('',#1050,#1050,#874,.T.);
#1301=EDGE_CURVE('',#929,#1051,#613,.T.);
#1302=EDGE_CURVE('',#1051,#1051,#875,.T.);
#1303=EDGE_CURVE('',#928,#1052,#614,.T.);
#1304=EDGE_CURVE('',#1052,#1052,#876,.T.);
#1305=EDGE_CURVE('',#927,#1053,#615,.T.);
#1306=EDGE_CURVE('',#1053,#1053,#877,.T.);
#1307=EDGE_CURVE('',#926,#1054,#616,.T.);
#1308=EDGE_CURVE('',#1054,#1054,#878,.T.);
#1309=EDGE_CURVE('',#925,#1055,#617,.T.);
#1310=EDGE_CURVE('',#1055,#1055,#879,.T.);
#1311=EDGE_CURVE('',#924,#1056,#618,.T.);
#1312=EDGE_CURVE('',#1056,#1056,#880,.T.);
#1313=EDGE_CURVE('',#923,#1057,#619,.T.);
#1314=EDGE_CURVE('',#1057,#1057,#881,.T.);
#1315=EDGE_CURVE('',#922,#1058,#620,.T.);
#1316=EDGE_CURVE('',#1058,#1058,#882,.T.);
#1317=EDGE_CURVE('',#921,#1059,#621,.T.);
#1318=EDGE_CURVE('',#1059,#1059,#883,.T.);
#1319=EDGE_CURVE('',#920,#1060,#622,.T.);
#1320=EDGE_CURVE('',#1060,#1060,#884,.T.);
#1321=EDGE_CURVE('',#919,#1061,#623,.T.);
#1322=EDGE_CURVE('',#1061,#1061,#885,.T.);
#1323=EDGE_CURVE('',#918,#1062,#624,.T.);
#1324=EDGE_CURVE('',#1062,#1062,#886,.T.);
#1325=EDGE_CURVE('',#917,#1063,#625,.T.);
#1326=EDGE_CURVE('',#1063,#1063,#887,.T.);
#1327=EDGE_CURVE('',#916,#1064,#626,.T.);
#1328=EDGE_CURVE('',#1064,#1064,#888,.T.);
#1329=EDGE_CURVE('',#915,#1065,#627,.T.);
#1330=EDGE_CURVE('',#1065,#1065,#889,.T.);
#1331=EDGE_CURVE('',#914,#1066,#628,.T.);
#1332=EDGE_CURVE('',#1066,#1066,#890,.T.);
#1333=ORIENTED_EDGE('',*,*,#1067,.F.);
#1334=ORIENTED_EDGE('',*,*,#1068,.T.);
#1335=ORIENTED_EDGE('',*,*,#1069,.F.);
#1336=ORIENTED_EDGE('',*,*,#1068,.F.);
#1337=ORIENTED_EDGE('',*,*,#1070,.F.);
#1338=ORIENTED_EDGE('',*,*,#1071,.T.);
#1339=ORIENTED_EDGE('',*,*,#1072,.F.);
#1340=ORIENTED_EDGE('',*,*,#1071,.F.);
#1341=ORIENTED_EDGE('',*,*,#1073,.F.);
#1342=ORIENTED_EDGE('',*,*,#1074,.T.);
#1343=ORIENTED_EDGE('',*,*,#1075,.F.);
#1344=ORIENTED_EDGE('',*,*,#1074,.F.);
#1345=ORIENTED_EDGE('',*,*,#1076,.F.);
#1346=ORIENTED_EDGE('',*,*,#1077,.T.);
#1347=ORIENTED_EDGE('',*,*,#1078,.F.);
#1348=ORIENTED_EDGE('',*,*,#1077,.F.);
#1349=ORIENTED_EDGE('',*,*,#1079,.T.);
#1350=ORIENTED_EDGE('',*,*,#1080,.T.);
#1351=ORIENTED_EDGE('',*,*,#1081,.T.);
#1352=ORIENTED_EDGE('',*,*,#1082,.T.);
#1353=ORIENTED_EDGE('',*,*,#1083,.T.);
#1354=ORIENTED_EDGE('',*,*,#1084,.T.);
#1355=ORIENTED_EDGE('',*,*,#1085,.T.);
#1356=ORIENTED_EDGE('',*,*,#1080,.F.);
#1357=ORIENTED_EDGE('',*,*,#1086,.T.);
#1358=ORIENTED_EDGE('',*,*,#1087,.T.);
#1359=ORIENTED_EDGE('',*,*,#1088,.T.);
#1360=ORIENTED_EDGE('',*,*,#1084,.F.);
#1361=ORIENTED_EDGE('',*,*,#1089,.T.);
#1362=ORIENTED_EDGE('',*,*,#1087,.F.);
#1363=ORIENTED_EDGE('',*,*,#1090,.T.);
#1364=ORIENTED_EDGE('',*,*,#1082,.F.);
#1365=ORIENTED_EDGE('',*,*,#1089,.F.);
#1366=ORIENTED_EDGE('',*,*,#1091,.T.);
#1367=ORIENTED_EDGE('',*,*,#1092,.F.);
#1368=ORIENTED_EDGE('',*,*,#1093,.F.);
#1369=ORIENTED_EDGE('',*,*,#1081,.F.);
#1370=ORIENTED_EDGE('',*,*,#1094,.T.);
#1371=ORIENTED_EDGE('',*,*,#1095,.F.);
#1372=ORIENTED_EDGE('',*,*,#1091,.F.);
#1373=ORIENTED_EDGE('',*,*,#1096,.F.);
#1374=ORIENTED_EDGE('',*,*,#1097,.T.);
#1375=ORIENTED_EDGE('',*,*,#1098,.F.);
#1376=ORIENTED_EDGE('',*,*,#1099,.T.);
#1377=ORIENTED_EDGE('',*,*,#1067,.T.);
#1378=ORIENTED_EDGE('',*,*,#1070,.T.);
#1379=ORIENTED_EDGE('',*,*,#1073,.T.);
#1380=ORIENTED_EDGE('',*,*,#1076,.T.);
#1381=ORIENTED_EDGE('',*,*,#1100,.T.);
#1382=ORIENTED_EDGE('',*,*,#1101,.T.);
#1383=ORIENTED_EDGE('',*,*,#1102,.T.);
#1384=ORIENTED_EDGE('',*,*,#1103,.T.);
#1385=ORIENTED_EDGE('',*,*,#1104,.T.);
#1386=ORIENTED_EDGE('',*,*,#1105,.T.);
#1387=ORIENTED_EDGE('',*,*,#1106,.T.);
#1388=ORIENTED_EDGE('',*,*,#1107,.T.);
#1389=ORIENTED_EDGE('',*,*,#1108,.T.);
#1390=ORIENTED_EDGE('',*,*,#1109,.T.);
#1391=ORIENTED_EDGE('',*,*,#1110,.T.);
#1392=ORIENTED_EDGE('',*,*,#1111,.T.);
#1393=ORIENTED_EDGE('',*,*,#1112,.T.);
#1394=ORIENTED_EDGE('',*,*,#1113,.T.);
#1395=ORIENTED_EDGE('',*,*,#1114,.T.);
#1396=ORIENTED_EDGE('',*,*,#1115,.T.);
#1397=ORIENTED_EDGE('',*,*,#1116,.T.);
#1398=ORIENTED_EDGE('',*,*,#1117,.T.);
#1399=ORIENTED_EDGE('',*,*,#1118,.T.);
#1400=ORIENTED_EDGE('',*,*,#1119,.T.);
#1401=ORIENTED_EDGE('',*,*,#1120,.T.);
#1402=ORIENTED_EDGE('',*,*,#1121,.T.);
#1403=ORIENTED_EDGE('',*,*,#1122,.T.);
#1404=ORIENTED_EDGE('',*,*,#1123,.T.);
#1405=ORIENTED_EDGE('',*,*,#1124,.T.);
#1406=ORIENTED_EDGE('',*,*,#1125,.T.);
#1407=ORIENTED_EDGE('',*,*,#1126,.T.);
#1408=ORIENTED_EDGE('',*,*,#1127,.T.);
#1409=ORIENTED_EDGE('',*,*,#1128,.T.);
#1410=ORIENTED_EDGE('',*,*,#1129,.T.);
#1411=ORIENTED_EDGE('',*,*,#1130,.T.);
#1412=ORIENTED_EDGE('',*,*,#1131,.T.);
#1413=ORIENTED_EDGE('',*,*,#1132,.T.);
#1414=ORIENTED_EDGE('',*,*,#1133,.T.);
#1415=ORIENTED_EDGE('',*,*,#1134,.T.);
#1416=ORIENTED_EDGE('',*,*,#1135,.T.);
#1417=ORIENTED_EDGE('',*,*,#1136,.T.);
#1418=ORIENTED_EDGE('',*,*,#1137,.T.);
#1419=ORIENTED_EDGE('',*,*,#1138,.T.);
#1420=ORIENTED_EDGE('',*,*,#1139,.T.);
#1421=ORIENTED_EDGE('',*,*,#1140,.T.);
#1422=ORIENTED_EDGE('',*,*,#1141,.T.);
#1423=ORIENTED_EDGE('',*,*,#1142,.T.);
#1424=ORIENTED_EDGE('',*,*,#1143,.T.);
#1425=ORIENTED_EDGE('',*,*,#1144,.T.);
#1426=ORIENTED_EDGE('',*,*,#1145,.T.);
#1427=ORIENTED_EDGE('',*,*,#1146,.T.);
#1428=ORIENTED_EDGE('',*,*,#1147,.T.);
#1429=ORIENTED_EDGE('',*,*,#1148,.T.);
#1430=ORIENTED_EDGE('',*,*,#1149,.T.);
#1431=ORIENTED_EDGE('',*,*,#1150,.T.);
#1432=ORIENTED_EDGE('',*,*,#1151,.T.);
#1433=ORIENTED_EDGE('',*,*,#1152,.T.);
#1434=ORIENTED_EDGE('',*,*,#1153,.T.);
#1435=ORIENTED_EDGE('',*,*,#1154,.T.);
#1436=ORIENTED_EDGE('',*,*,#1155,.T.);
#1437=ORIENTED_EDGE('',*,*,#1156,.T.);
#1438=ORIENTED_EDGE('',*,*,#1157,.T.);
#1439=ORIENTED_EDGE('',*,*,#1158,.T.);
#1440=ORIENTED_EDGE('',*,*,#1159,.T.);
#1441=ORIENTED_EDGE('',*,*,#1160,.T.);
#1442=ORIENTED_EDGE('',*,*,#1161,.T.);
#1443=ORIENTED_EDGE('',*,*,#1162,.T.);
#1444=ORIENTED_EDGE('',*,*,#1163,.T.);
#1445=ORIENTED_EDGE('',*,*,#1164,.T.);
#1446=ORIENTED_EDGE('',*,*,#1165,.T.);
#1447=ORIENTED_EDGE('',*,*,#1166,.T.);
#1448=ORIENTED_EDGE('',*,*,#1167,.T.);
#1449=ORIENTED_EDGE('',*,*,#1168,.T.);
#1450=ORIENTED_EDGE('',*,*,#1169,.T.);
#1451=ORIENTED_EDGE('',*,*,#1170,.T.);
#1452=ORIENTED_EDGE('',*,*,#1171,.T.);
#1453=ORIENTED_EDGE('',*,*,#1172,.T.);
#1454=ORIENTED_EDGE('',*,*,#1173,.T.);
#1455=ORIENTED_EDGE('',*,*,#1079,.F.);
#1456=ORIENTED_EDGE('',*,*,#1090,.F.);
#1457=ORIENTED_EDGE('',*,*,#1086,.F.);
#1458=ORIENTED_EDGE('',*,*,#1083,.F.);
#1459=ORIENTED_EDGE('',*,*,#1088,.F.);
#1460=ORIENTED_EDGE('',*,*,#1093,.T.);
#1461=ORIENTED_EDGE('',*,*,#1174,.F.);
#1462=ORIENTED_EDGE('',*,*,#1175,.F.);
#1463=ORIENTED_EDGE('',*,*,#1085,.F.);
#1464=ORIENTED_EDGE('',*,*,#1175,.T.);
#1465=ORIENTED_EDGE('',*,*,#1176,.F.);
#1466=ORIENTED_EDGE('',*,*,#1094,.F.);
#1467=ORIENTED_EDGE('',*,*,#1177,.T.);
#1468=ORIENTED_EDGE('',*,*,#1096,.T.);
#1469=ORIENTED_EDGE('',*,*,#1178,.T.);
#1470=ORIENTED_EDGE('',*,*,#1179,.F.);
#1471=ORIENTED_EDGE('',*,*,#1177,.F.);
#1472=ORIENTED_EDGE('',*,*,#1180,.F.);
#1473=ORIENTED_EDGE('',*,*,#1181,.F.);
#1474=ORIENTED_EDGE('',*,*,#1097,.F.);
#1475=ORIENTED_EDGE('',*,*,#1182,.T.);
#1476=ORIENTED_EDGE('',*,*,#1098,.T.);
#1477=ORIENTED_EDGE('',*,*,#1181,.T.);
#1478=ORIENTED_EDGE('',*,*,#1183,.F.);
#1479=ORIENTED_EDGE('',*,*,#1178,.F.);
#1480=ORIENTED_EDGE('',*,*,#1099,.F.);
#1481=ORIENTED_EDGE('',*,*,#1182,.F.);
#1482=ORIENTED_EDGE('',*,*,#1184,.F.);
#1483=ORIENTED_EDGE('',*,*,#1173,.F.);
#1484=ORIENTED_EDGE('',*,*,#1185,.T.);
#1485=ORIENTED_EDGE('',*,*,#1186,.T.);
#1486=ORIENTED_EDGE('',*,*,#1185,.F.);
#1487=ORIENTED_EDGE('',*,*,#1172,.F.);
#1488=ORIENTED_EDGE('',*,*,#1187,.T.);
#1489=ORIENTED_EDGE('',*,*,#1188,.T.);
#1490=ORIENTED_EDGE('',*,*,#1187,.F.);
#1491=ORIENTED_EDGE('',*,*,#1171,.F.);
#1492=ORIENTED_EDGE('',*,*,#1189,.T.);
#1493=ORIENTED_EDGE('',*,*,#1190,.T.);
#1494=ORIENTED_EDGE('',*,*,#1189,.F.);
#1495=ORIENTED_EDGE('',*,*,#1170,.F.);
#1496=ORIENTED_EDGE('',*,*,#1191,.T.);
#1497=ORIENTED_EDGE('',*,*,#1192,.T.);
#1498=ORIENTED_EDGE('',*,*,#1191,.F.);
#1499=ORIENTED_EDGE('',*,*,#1169,.F.);
#1500=ORIENTED_EDGE('',*,*,#1193,.T.);
#1501=ORIENTED_EDGE('',*,*,#1194,.T.);
#1502=ORIENTED_EDGE('',*,*,#1193,.F.);
#1503=ORIENTED_EDGE('',*,*,#1168,.F.);
#1504=ORIENTED_EDGE('',*,*,#1195,.T.);
#1505=ORIENTED_EDGE('',*,*,#1196,.T.);
#1506=ORIENTED_EDGE('',*,*,#1195,.F.);
#1507=ORIENTED_EDGE('',*,*,#1167,.F.);
#1508=ORIENTED_EDGE('',*,*,#1197,.T.);
#1509=ORIENTED_EDGE('',*,*,#1198,.T.);
#1510=ORIENTED_EDGE('',*,*,#1197,.F.);
#1511=ORIENTED_EDGE('',*,*,#1166,.F.);
#1512=ORIENTED_EDGE('',*,*,#1199,.T.);
#1513=ORIENTED_EDGE('',*,*,#1200,.T.);
#1514=ORIENTED_EDGE('',*,*,#1199,.F.);
#1515=ORIENTED_EDGE('',*,*,#1165,.F.);
#1516=ORIENTED_EDGE('',*,*,#1201,.T.);
#1517=ORIENTED_EDGE('',*,*,#1202,.T.);
#1518=ORIENTED_EDGE('',*,*,#1201,.F.);
#1519=ORIENTED_EDGE('',*,*,#1164,.F.);
#1520=ORIENTED_EDGE('',*,*,#1203,.T.);
#1521=ORIENTED_EDGE('',*,*,#1204,.T.);
#1522=ORIENTED_EDGE('',*,*,#1203,.F.);
#1523=ORIENTED_EDGE('',*,*,#1163,.F.);
#1524=ORIENTED_EDGE('',*,*,#1205,.T.);
#1525=ORIENTED_EDGE('',*,*,#1206,.T.);
#1526=ORIENTED_EDGE('',*,*,#1205,.F.);
#1527=ORIENTED_EDGE('',*,*,#1162,.F.);
#1528=ORIENTED_EDGE('',*,*,#1207,.T.);
#1529=ORIENTED_EDGE('',*,*,#1208,.T.);
#1530=ORIENTED_EDGE('',*,*,#1207,.F.);
#1531=ORIENTED_EDGE('',*,*,#1161,.F.);
#1532=ORIENTED_EDGE('',*,*,#1209,.T.);
#1533=ORIENTED_EDGE('',*,*,#1210,.T.);
#1534=ORIENTED_EDGE('',*,*,#1209,.F.);
#1535=ORIENTED_EDGE('',*,*,#1160,.F.);
#1536=ORIENTED_EDGE('',*,*,#1211,.T.);
#1537=ORIENTED_EDGE('',*,*,#1212,.T.);
#1538=ORIENTED_EDGE('',*,*,#1211,.F.);
#1539=ORIENTED_EDGE('',*,*,#1159,.F.);
#1540=ORIENTED_EDGE('',*,*,#1213,.T.);
#1541=ORIENTED_EDGE('',*,*,#1214,.T.);
#1542=ORIENTED_EDGE('',*,*,#1213,.F.);
#1543=ORIENTED_EDGE('',*,*,#1158,.F.);
#1544=ORIENTED_EDGE('',*,*,#1215,.T.);
#1545=ORIENTED_EDGE('',*,*,#1216,.T.);
#1546=ORIENTED_EDGE('',*,*,#1215,.F.);
#1547=ORIENTED_EDGE('',*,*,#1157,.F.);
#1548=ORIENTED_EDGE('',*,*,#1217,.T.);
#1549=ORIENTED_EDGE('',*,*,#1218,.T.);
#1550=ORIENTED_EDGE('',*,*,#1217,.F.);
#1551=ORIENTED_EDGE('',*,*,#1156,.F.);
#1552=ORIENTED_EDGE('',*,*,#1219,.T.);
#1553=ORIENTED_EDGE('',*,*,#1220,.T.);
#1554=ORIENTED_EDGE('',*,*,#1219,.F.);
#1555=ORIENTED_EDGE('',*,*,#1155,.F.);
#1556=ORIENTED_EDGE('',*,*,#1221,.T.);
#1557=ORIENTED_EDGE('',*,*,#1222,.T.);
#1558=ORIENTED_EDGE('',*,*,#1221,.F.);
#1559=ORIENTED_EDGE('',*,*,#1154,.F.);
#1560=ORIENTED_EDGE('',*,*,#1223,.T.);
#1561=ORIENTED_EDGE('',*,*,#1224,.T.);
#1562=ORIENTED_EDGE('',*,*,#1223,.F.);
#1563=ORIENTED_EDGE('',*,*,#1153,.F.);
#1564=ORIENTED_EDGE('',*,*,#1225,.T.);
#1565=ORIENTED_EDGE('',*,*,#1226,.T.);
#1566=ORIENTED_EDGE('',*,*,#1225,.F.);
#1567=ORIENTED_EDGE('',*,*,#1152,.F.);
#1568=ORIENTED_EDGE('',*,*,#1227,.T.);
#1569=ORIENTED_EDGE('',*,*,#1228,.T.);
#1570=ORIENTED_EDGE('',*,*,#1227,.F.);
#1571=ORIENTED_EDGE('',*,*,#1151,.F.);
#1572=ORIENTED_EDGE('',*,*,#1229,.T.);
#1573=ORIENTED_EDGE('',*,*,#1230,.T.);
#1574=ORIENTED_EDGE('',*,*,#1229,.F.);
#1575=ORIENTED_EDGE('',*,*,#1150,.F.);
#1576=ORIENTED_EDGE('',*,*,#1231,.T.);
#1577=ORIENTED_EDGE('',*,*,#1232,.T.);
#1578=ORIENTED_EDGE('',*,*,#1231,.F.);
#1579=ORIENTED_EDGE('',*,*,#1149,.F.);
#1580=ORIENTED_EDGE('',*,*,#1233,.T.);
#1581=ORIENTED_EDGE('',*,*,#1234,.T.);
#1582=ORIENTED_EDGE('',*,*,#1233,.F.);
#1583=ORIENTED_EDGE('',*,*,#1148,.F.);
#1584=ORIENTED_EDGE('',*,*,#1235,.T.);
#1585=ORIENTED_EDGE('',*,*,#1236,.T.);
#1586=ORIENTED_EDGE('',*,*,#1235,.F.);
#1587=ORIENTED_EDGE('',*,*,#1147,.F.);
#1588=ORIENTED_EDGE('',*,*,#1237,.T.);
#1589=ORIENTED_EDGE('',*,*,#1238,.T.);
#1590=ORIENTED_EDGE('',*,*,#1237,.F.);
#1591=ORIENTED_EDGE('',*,*,#1146,.F.);
#1592=ORIENTED_EDGE('',*,*,#1239,.T.);
#1593=ORIENTED_EDGE('',*,*,#1240,.T.);
#1594=ORIENTED_EDGE('',*,*,#1239,.F.);
#1595=ORIENTED_EDGE('',*,*,#1145,.F.);
#1596=ORIENTED_EDGE('',*,*,#1241,.T.);
#1597=ORIENTED_EDGE('',*,*,#1242,.T.);
#1598=ORIENTED_EDGE('',*,*,#1241,.F.);
#1599=ORIENTED_EDGE('',*,*,#1144,.F.);
#1600=ORIENTED_EDGE('',*,*,#1243,.T.);
#1601=ORIENTED_EDGE('',*,*,#1244,.T.);
#1602=ORIENTED_EDGE('',*,*,#1243,.F.);
#1603=ORIENTED_EDGE('',*,*,#1143,.F.);
#1604=ORIENTED_EDGE('',*,*,#1245,.T.);
#1605=ORIENTED_EDGE('',*,*,#1246,.T.);
#1606=ORIENTED_EDGE('',*,*,#1245,.F.);
#1607=ORIENTED_EDGE('',*,*,#1142,.F.);
#1608=ORIENTED_EDGE('',*,*,#1247,.T.);
#1609=ORIENTED_EDGE('',*,*,#1248,.T.);
#1610=ORIENTED_EDGE('',*,*,#1247,.F.);
#1611=ORIENTED_EDGE('',*,*,#1141,.F.);
#1612=ORIENTED_EDGE('',*,*,#1249,.T.);
#1613=ORIENTED_EDGE('',*,*,#1250,.T.);
#1614=ORIENTED_EDGE('',*,*,#1249,.F.);
#1615=ORIENTED_EDGE('',*,*,#1140,.F.);
#1616=ORIENTED_EDGE('',*,*,#1251,.T.);
#1617=ORIENTED_EDGE('',*,*,#1252,.T.);
#1618=ORIENTED_EDGE('',*,*,#1251,.F.);
#1619=ORIENTED_EDGE('',*,*,#1139,.F.);
#1620=ORIENTED_EDGE('',*,*,#1253,.T.);
#1621=ORIENTED_EDGE('',*,*,#1254,.T.);
#1622=ORIENTED_EDGE('',*,*,#1253,.F.);
#1623=ORIENTED_EDGE('',*,*,#1138,.F.);
#1624=ORIENTED_EDGE('',*,*,#1255,.T.);
#1625=ORIENTED_EDGE('',*,*,#1256,.T.);
#1626=ORIENTED_EDGE('',*,*,#1255,.F.);
#1627=ORIENTED_EDGE('',*,*,#1137,.F.);
#1628=ORIENTED_EDGE('',*,*,#1257,.T.);
#1629=ORIENTED_EDGE('',*,*,#1258,.T.);
#1630=ORIENTED_EDGE('',*,*,#1257,.F.);
#1631=ORIENTED_EDGE('',*,*,#1136,.F.);
#1632=ORIENTED_EDGE('',*,*,#1259,.T.);
#1633=ORIENTED_EDGE('',*,*,#1260,.T.);
#1634=ORIENTED_EDGE('',*,*,#1259,.F.);
#1635=ORIENTED_EDGE('',*,*,#1135,.F.);
#1636=ORIENTED_EDGE('',*,*,#1261,.T.);
#1637=ORIENTED_EDGE('',*,*,#1262,.T.);
#1638=ORIENTED_EDGE('',*,*,#1261,.F.);
#1639=ORIENTED_EDGE('',*,*,#1134,.F.);
#1640=ORIENTED_EDGE('',*,*,#1263,.T.);
#1641=ORIENTED_EDGE('',*,*,#1264,.T.);
#1642=ORIENTED_EDGE('',*,*,#1263,.F.);
#1643=ORIENTED_EDGE('',*,*,#1133,.F.);
#1644=ORIENTED_EDGE('',*,*,#1265,.T.);
#1645=ORIENTED_EDGE('',*,*,#1266,.T.);
#1646=ORIENTED_EDGE('',*,*,#1265,.F.);
#1647=ORIENTED_EDGE('',*,*,#1132,.F.);
#1648=ORIENTED_EDGE('',*,*,#1267,.T.);
#1649=ORIENTED_EDGE('',*,*,#1268,.T.);
#1650=ORIENTED_EDGE('',*,*,#1267,.F.);
#1651=ORIENTED_EDGE('',*,*,#1131,.F.);
#1652=ORIENTED_EDGE('',*,*,#1269,.T.);
#1653=ORIENTED_EDGE('',*,*,#1270,.T.);
#1654=ORIENTED_EDGE('',*,*,#1269,.F.);
#1655=ORIENTED_EDGE('',*,*,#1130,.F.);
#1656=ORIENTED_EDGE('',*,*,#1271,.T.);
#1657=ORIENTED_EDGE('',*,*,#1272,.T.);
#1658=ORIENTED_EDGE('',*,*,#1271,.F.);
#1659=ORIENTED_EDGE('',*,*,#1129,.F.);
#1660=ORIENTED_EDGE('',*,*,#1273,.T.);
#1661=ORIENTED_EDGE('',*,*,#1274,.T.);
#1662=ORIENTED_EDGE('',*,*,#1273,.F.);
#1663=ORIENTED_EDGE('',*,*,#1128,.F.);
#1664=ORIENTED_EDGE('',*,*,#1275,.T.);
#1665=ORIENTED_EDGE('',*,*,#1276,.T.);
#1666=ORIENTED_EDGE('',*,*,#1275,.F.);
#1667=ORIENTED_EDGE('',*,*,#1127,.F.);
#1668=ORIENTED_EDGE('',*,*,#1277,.T.);
#1669=ORIENTED_EDGE('',*,*,#1278,.T.);
#1670=ORIENTED_EDGE('',*,*,#1277,.F.);
#1671=ORIENTED_EDGE('',*,*,#1126,.F.);
#1672=ORIENTED_EDGE('',*,*,#1279,.T.);
#1673=ORIENTED_EDGE('',*,*,#1280,.T.);
#1674=ORIENTED_EDGE('',*,*,#1279,.F.);
#1675=ORIENTED_EDGE('',*,*,#1125,.F.);
#1676=ORIENTED_EDGE('',*,*,#1281,.T.);
#1677=ORIENTED_EDGE('',*,*,#1282,.T.);
#1678=ORIENTED_EDGE('',*,*,#1281,.F.);
#1679=ORIENTED_EDGE('',*,*,#1124,.F.);
#1680=ORIENTED_EDGE('',*,*,#1283,.T.);
#1681=ORIENTED_EDGE('',*,*,#1284,.T.);
#1682=ORIENTED_EDGE('',*,*,#1283,.F.);
#1683=ORIENTED_EDGE('',*,*,#1123,.F.);
#1684=ORIENTED_EDGE('',*,*,#1285,.T.);
#1685=ORIENTED_EDGE('',*,*,#1286,.T.);
#1686=ORIENTED_EDGE('',*,*,#1285,.F.);
#1687=ORIENTED_EDGE('',*,*,#1122,.F.);
#1688=ORIENTED_EDGE('',*,*,#1287,.T.);
#1689=ORIENTED_EDGE('',*,*,#1288,.T.);
#1690=ORIENTED_EDGE('',*,*,#1287,.F.);
#1691=ORIENTED_EDGE('',*,*,#1121,.F.);
#1692=ORIENTED_EDGE('',*,*,#1289,.T.);
#1693=ORIENTED_EDGE('',*,*,#1290,.T.);
#1694=ORIENTED_EDGE('',*,*,#1289,.F.);
#1695=ORIENTED_EDGE('',*,*,#1120,.F.);
#1696=ORIENTED_EDGE('',*,*,#1291,.T.);
#1697=ORIENTED_EDGE('',*,*,#1292,.T.);
#1698=ORIENTED_EDGE('',*,*,#1291,.F.);
#1699=ORIENTED_EDGE('',*,*,#1119,.F.);
#1700=ORIENTED_EDGE('',*,*,#1293,.T.);
#1701=ORIENTED_EDGE('',*,*,#1294,.T.);
#1702=ORIENTED_EDGE('',*,*,#1293,.F.);
#1703=ORIENTED_EDGE('',*,*,#1118,.F.);
#1704=ORIENTED_EDGE('',*,*,#1295,.T.);
#1705=ORIENTED_EDGE('',*,*,#1296,.T.);
#1706=ORIENTED_EDGE('',*,*,#1295,.F.);
#1707=ORIENTED_EDGE('',*,*,#1117,.F.);
#1708=ORIENTED_EDGE('',*,*,#1297,.T.);
#1709=ORIENTED_EDGE('',*,*,#1298,.T.);
#1710=ORIENTED_EDGE('',*,*,#1297,.F.);
#1711=ORIENTED_EDGE('',*,*,#1116,.F.);
#1712=ORIENTED_EDGE('',*,*,#1299,.T.);
#1713=ORIENTED_EDGE('',*,*,#1300,.T.);
#1714=ORIENTED_EDGE('',*,*,#1299,.F.);
#1715=ORIENTED_EDGE('',*,*,#1115,.F.);
#1716=ORIENTED_EDGE('',*,*,#1301,.T.);
#1717=ORIENTED_EDGE('',*,*,#1302,.T.);
#1718=ORIENTED_EDGE('',*,*,#1301,.F.);
#1719=ORIENTED_EDGE('',*,*,#1114,.F.);
#1720=ORIENTED_EDGE('',*,*,#1303,.T.);
#1721=ORIENTED_EDGE('',*,*,#1304,.T.);
#1722=ORIENTED_EDGE('',*,*,#1303,.F.);
#1723=ORIENTED_EDGE('',*,*,#1113,.F.);
#1724=ORIENTED_EDGE('',*,*,#1305,.T.);
#1725=ORIENTED_EDGE('',*,*,#1306,.T.);
#1726=ORIENTED_EDGE('',*,*,#1305,.F.);
#1727=ORIENTED_EDGE('',*,*,#1112,.F.);
#1728=ORIENTED_EDGE('',*,*,#1307,.T.);
#1729=ORIENTED_EDGE('',*,*,#1308,.T.);
#1730=ORIENTED_EDGE('',*,*,#1307,.F.);
#1731=ORIENTED_EDGE('',*,*,#1111,.F.);
#1732=ORIENTED_EDGE('',*,*,#1309,.T.);
#1733=ORIENTED_EDGE('',*,*,#1310,.T.);
#1734=ORIENTED_EDGE('',*,*,#1309,.F.);
#1735=ORIENTED_EDGE('',*,*,#1110,.F.);
#1736=ORIENTED_EDGE('',*,*,#1311,.T.);
#1737=ORIENTED_EDGE('',*,*,#1312,.T.);
#1738=ORIENTED_EDGE('',*,*,#1311,.F.);
#1739=ORIENTED_EDGE('',*,*,#1109,.F.);
#1740=ORIENTED_EDGE('',*,*,#1313,.T.);
#1741=ORIENTED_EDGE('',*,*,#1314,.T.);
#1742=ORIENTED_EDGE('',*,*,#1313,.F.);
#1743=ORIENTED_EDGE('',*,*,#1108,.F.);
#1744=ORIENTED_EDGE('',*,*,#1315,.T.);
#1745=ORIENTED_EDGE('',*,*,#1316,.T.);
#1746=ORIENTED_EDGE('',*,*,#1315,.F.);
#1747=ORIENTED_EDGE('',*,*,#1107,.F.);
#1748=ORIENTED_EDGE('',*,*,#1317,.T.);
#1749=ORIENTED_EDGE('',*,*,#1318,.T.);
#1750=ORIENTED_EDGE('',*,*,#1317,.F.);
#1751=ORIENTED_EDGE('',*,*,#1106,.F.);
#1752=ORIENTED_EDGE('',*,*,#1319,.T.);
#1753=ORIENTED_EDGE('',*,*,#1320,.T.);
#1754=ORIENTED_EDGE('',*,*,#1319,.F.);
#1755=ORIENTED_EDGE('',*,*,#1105,.F.);
#1756=ORIENTED_EDGE('',*,*,#1321,.T.);
#1757=ORIENTED_EDGE('',*,*,#1322,.T.);
#1758=ORIENTED_EDGE('',*,*,#1321,.F.);
#1759=ORIENTED_EDGE('',*,*,#1104,.F.);
#1760=ORIENTED_EDGE('',*,*,#1323,.T.);
#1761=ORIENTED_EDGE('',*,*,#1324,.T.);
#1762=ORIENTED_EDGE('',*,*,#1323,.F.);
#1763=ORIENTED_EDGE('',*,*,#1103,.F.);
#1764=ORIENTED_EDGE('',*,*,#1325,.T.);
#1765=ORIENTED_EDGE('',*,*,#1326,.T.);
#1766=ORIENTED_EDGE('',*,*,#1325,.F.);
#1767=ORIENTED_EDGE('',*,*,#1102,.F.);
#1768=ORIENTED_EDGE('',*,*,#1327,.T.);
#1769=ORIENTED_EDGE('',*,*,#1328,.T.);
#1770=ORIENTED_EDGE('',*,*,#1327,.F.);
#1771=ORIENTED_EDGE('',*,*,#1101,.F.);
#1772=ORIENTED_EDGE('',*,*,#1329,.T.);
#1773=ORIENTED_EDGE('',*,*,#1330,.T.);
#1774=ORIENTED_EDGE('',*,*,#1329,.F.);
#1775=ORIENTED_EDGE('',*,*,#1100,.F.);
#1776=ORIENTED_EDGE('',*,*,#1331,.T.);
#1777=ORIENTED_EDGE('',*,*,#1332,.T.);
#1778=ORIENTED_EDGE('',*,*,#1331,.F.);
#1779=ORIENTED_EDGE('',*,*,#1184,.T.);
#1780=ORIENTED_EDGE('',*,*,#1183,.T.);
#1781=ORIENTED_EDGE('',*,*,#1180,.T.);
#1782=ORIENTED_EDGE('',*,*,#1179,.T.);
#1783=ORIENTED_EDGE('',*,*,#1069,.T.);
#1784=ORIENTED_EDGE('',*,*,#1072,.T.);
#1785=ORIENTED_EDGE('',*,*,#1075,.T.);
#1786=ORIENTED_EDGE('',*,*,#1078,.T.);
#1787=ORIENTED_EDGE('',*,*,#1095,.T.);
#1788=ORIENTED_EDGE('',*,*,#1176,.T.);
#1789=ORIENTED_EDGE('',*,*,#1174,.T.);
#1790=ORIENTED_EDGE('',*,*,#1092,.T.);
#1791=ORIENTED_EDGE('',*,*,#1332,.F.);
#1792=ORIENTED_EDGE('',*,*,#1330,.F.);
#1793=ORIENTED_EDGE('',*,*,#1328,.F.);
#1794=ORIENTED_EDGE('',*,*,#1326,.F.);
#1795=ORIENTED_EDGE('',*,*,#1324,.F.);
#1796=ORIENTED_EDGE('',*,*,#1322,.F.);
#1797=ORIENTED_EDGE('',*,*,#1320,.F.);
#1798=ORIENTED_EDGE('',*,*,#1318,.F.);
#1799=ORIENTED_EDGE('',*,*,#1316,.F.);
#1800=ORIENTED_EDGE('',*,*,#1314,.F.);
#1801=ORIENTED_EDGE('',*,*,#1312,.F.);
#1802=ORIENTED_EDGE('',*,*,#1310,.F.);
#1803=ORIENTED_EDGE('',*,*,#1308,.F.);
#1804=ORIENTED_EDGE('',*,*,#1306,.F.);
#1805=ORIENTED_EDGE('',*,*,#1304,.F.);
#1806=ORIENTED_EDGE('',*,*,#1302,.F.);
#1807=ORIENTED_EDGE('',*,*,#1300,.F.);
#1808=ORIENTED_EDGE('',*,*,#1298,.F.);
#1809=ORIENTED_EDGE('',*,*,#1296,.F.);
#1810=ORIENTED_EDGE('',*,*,#1294,.F.);
#1811=ORIENTED_EDGE('',*,*,#1292,.F.);
#1812=ORIENTED_EDGE('',*,*,#1290,.F.);
#1813=ORIENTED_EDGE('',*,*,#1288,.F.);
#1814=ORIENTED_EDGE('',*,*,#1286,.F.);
#1815=ORIENTED_EDGE('',*,*,#1284,.F.);
#1816=ORIENTED_EDGE('',*,*,#1282,.F.);
#1817=ORIENTED_EDGE('',*,*,#1280,.F.);
#1818=ORIENTED_EDGE('',*,*,#1278,.F.);
#1819=ORIENTED_EDGE('',*,*,#1276,.F.);
#1820=ORIENTED_EDGE('',*,*,#1274,.F.);
#1821=ORIENTED_EDGE('',*,*,#1272,.F.);
#1822=ORIENTED_EDGE('',*,*,#1270,.F.);
#1823=ORIENTED_EDGE('',*,*,#1268,.F.);
#1824=ORIENTED_EDGE('',*,*,#1266,.F.);
#1825=ORIENTED_EDGE('',*,*,#1264,.F.);
#1826=ORIENTED_EDGE('',*,*,#1262,.F.);
#1827=ORIENTED_EDGE('',*,*,#1260,.F.);
#1828=ORIENTED_EDGE('',*,*,#1258,.F.);
#1829=ORIENTED_EDGE('',*,*,#1256,.F.);
#1830=ORIENTED_EDGE('',*,*,#1254,.F.);
#1831=ORIENTED_EDGE('',*,*,#1252,.F.);
#1832=ORIENTED_EDGE('',*,*,#1250,.F.);
#1833=ORIENTED_EDGE('',*,*,#1248,.F.);
#1834=ORIENTED_EDGE('',*,*,#1246,.F.);
#1835=ORIENTED_EDGE('',*,*,#1244,.F.);
#1836=ORIENTED_EDGE('',*,*,#1242,.F.);
#1837=ORIENTED_EDGE('',*,*,#1240,.F.);
#1838=ORIENTED_EDGE('',*,*,#1238,.F.);
#1839=ORIENTED_EDGE('',*,*,#1236,.F.);
#1840=ORIENTED_EDGE('',*,*,#1234,.F.);
#1841=ORIENTED_EDGE('',*,*,#1232,.F.);
#1842=ORIENTED_EDGE('',*,*,#1230,.F.);
#1843=ORIENTED_EDGE('',*,*,#1228,.F.);
#1844=ORIENTED_EDGE('',*,*,#1226,.F.);
#1845=ORIENTED_EDGE('',*,*,#1224,.F.);
#1846=ORIENTED_EDGE('',*,*,#1222,.F.);
#1847=ORIENTED_EDGE('',*,*,#1220,.F.);
#1848=ORIENTED_EDGE('',*,*,#1218,.F.);
#1849=ORIENTED_EDGE('',*,*,#1216,.F.);
#1850=ORIENTED_EDGE('',*,*,#1214,.F.);
#1851=ORIENTED_EDGE('',*,*,#1212,.F.);
#1852=ORIENTED_EDGE('',*,*,#1210,.F.);
#1853=ORIENTED_EDGE('',*,*,#1208,.F.);
#1854=ORIENTED_EDGE('',*,*,#1206,.F.);
#1855=ORIENTED_EDGE('',*,*,#1204,.F.);
#1856=ORIENTED_EDGE('',*,*,#1202,.F.);
#1857=ORIENTED_EDGE('',*,*,#1200,.F.);
#1858=ORIENTED_EDGE('',*,*,#1198,.F.);
#1859=ORIENTED_EDGE('',*,*,#1196,.F.);
#1860=ORIENTED_EDGE('',*,*,#1194,.F.);
#1861=ORIENTED_EDGE('',*,*,#1192,.F.);
#1862=ORIENTED_EDGE('',*,*,#1190,.F.);
#1863=ORIENTED_EDGE('',*,*,#1188,.F.);
#1864=ORIENTED_EDGE('',*,*,#1186,.F.);
#1865=CYLINDRICAL_SURFACE('',#2055,2.);
#1866=CYLINDRICAL_SURFACE('',#2058,2.);
#1867=CYLINDRICAL_SURFACE('',#2061,2.);
#1868=CYLINDRICAL_SURFACE('',#2064,2.);
#1869=CYLINDRICAL_SURFACE('',#2067,0.5);
#1870=CYLINDRICAL_SURFACE('',#2070,0.5);
#1871=CYLINDRICAL_SURFACE('',#2072,0.5);
#1872=CYLINDRICAL_SURFACE('',#2074,0.5);
#1873=CYLINDRICAL_SURFACE('',#2154,5.);
#1874=CYLINDRICAL_SURFACE('',#2159,5.);
#1875=CYLINDRICAL_SURFACE('',#2162,2.);
#1876=CYLINDRICAL_SURFACE('',#2164,2.);
#1877=CYLINDRICAL_SURFACE('',#2166,2.);
#1878=CYLINDRICAL_SURFACE('',#2168,2.);
#1879=CYLINDRICAL_SURFACE('',#2170,2.);
#1880=CYLINDRICAL_SURFACE('',#2172,2.);
#1881=CYLINDRICAL_SURFACE('',#2174,2.);
#1882=CYLINDRICAL_SURFACE('',#2176,2.);
#1883=CYLINDRICAL_SURFACE('',#2178,2.);
#1884=CYLINDRICAL_SURFACE('',#2180,2.);
#1885=CYLINDRICAL_SURFACE('',#2182,2.);
#1886=CYLINDRICAL_SURFACE('',#2184,2.);
#1887=CYLINDRICAL_SURFACE('',#2186,2.);
#1888=CYLINDRICAL_SURFACE('',#2188,2.);
#1889=CYLINDRICAL_SURFACE('',#2190,2.);
#1890=CYLINDRICAL_SURFACE('',#2192,2.);
#1891=CYLINDRICAL_SURFACE('',#2194,2.);
#1892=CYLINDRICAL_SURFACE('',#2196,2.);
#1893=CYLINDRICAL_SURFACE('',#2198,2.);
#1894=CYLINDRICAL_SURFACE('',#2200,2.);
#1895=CYLINDRICAL_SURFACE('',#2202,2.);
#1896=CYLINDRICAL_SURFACE('',#2204,2.);
#1897=CYLINDRICAL_SURFACE('',#2206,2.);
#1898=CYLINDRICAL_SURFACE('',#2208,2.);
#1899=CYLINDRICAL_SURFACE('',#2210,2.);
#1900=CYLINDRICAL_SURFACE('',#2212,2.);
#1901=CYLINDRICAL_SURFACE('',#2214,2.);
#1902=CYLINDRICAL_SURFACE('',#2216,2.);
#1903=CYLINDRICAL_SURFACE('',#2218,2.);
#1904=CYLINDRICAL_SURFACE('',#2220,2.);
#1905=CYLINDRICAL_SURFACE('',#2222,2.);
#1906=CYLINDRICAL_SURFACE('',#2224,2.);
#1907=CYLINDRICAL_SURFACE('',#2226,2.);
#1908=CYLINDRICAL_SURFACE('',#2228,2.);
#1909=CYLINDRICAL_SURFACE('',#2230,2.);
#1910=CYLINDRICAL_SURFACE('',#2232,2.);
#1911=CYLINDRICAL_SURFACE('',#2234,2.);
#1912=CYLINDRICAL_SURFACE('',#2236,2.);
#1913=CYLINDRICAL_SURFACE('',#2238,2.);
#1914=CYLINDRICAL_SURFACE('',#2240,2.);
#1915=CYLINDRICAL_SURFACE('',#2242,2.);
#1916=CYLINDRICAL_SURFACE('',#2244,2.);
#1917=CYLINDRICAL_SURFACE('',#2246,2.);
#1918=CYLINDRICAL_SURFACE('',#2248,2.);
#1919=CYLINDRICAL_SURFACE('',#2250,2.);
#1920=CYLINDRICAL_SURFACE('',#2252,2.);
#1921=CYLINDRICAL_SURFACE('',#2254,2.);
#1922=CYLINDRICAL_SURFACE('',#2256,2.);
#1923=CYLINDRICAL_SURFACE('',#2258,2.);
#1924=CYLINDRICAL_SURFACE('',#2260,2.);
#1925=CYLINDRICAL_SURFACE('',#2262,2.);
#1926=CYLINDRICAL_SURFACE('',#2264,2.);
#1927=CYLINDRICAL_SURFACE('',#2266,2.);
#1928=CYLINDRICAL_SURFACE('',#2268,2.);
#1929=CYLINDRICAL_SURFACE('',#2270,2.);
#1930=CYLINDRICAL_SURFACE('',#2272,2.);
#1931=CYLINDRICAL_SURFACE('',#2274,2.);
#1932=CYLINDRICAL_SURFACE('',#2276,2.);
#1933=CYLINDRICAL_SURFACE('',#2278,2.);
#1934=CYLINDRICAL_SURFACE('',#2280,2.);
#1935=CYLINDRICAL_SURFACE('',#2282,2.);
#1936=CYLINDRICAL_SURFACE('',#2284,2.);
#1937=CYLINDRICAL_SURFACE('',#2286,2.);
#1938=CYLINDRICAL_SURFACE('',#2288,2.);
#1939=CYLINDRICAL_SURFACE('',#2290,2.);
#1940=CYLINDRICAL_SURFACE('',#2292,2.);
#1941=CYLINDRICAL_SURFACE('',#2294,2.);
#1942=CYLINDRICAL_SURFACE('',#2296,2.);
#1943=CYLINDRICAL_SURFACE('',#2298,2.);
#1944=CYLINDRICAL_SURFACE('',#2300,2.);
#1945=CYLINDRICAL_SURFACE('',#2302,2.);
#1946=CYLINDRICAL_SURFACE('',#2304,2.);
#1947=CYLINDRICAL_SURFACE('',#2306,2.);
#1948=CYLINDRICAL_SURFACE('',#2308,2.);
#1949=ADVANCED_FACE('',(#185),#1865,.F.);
#1950=ADVANCED_FACE('',(#186),#1866,.F.);
#1951=ADVANCED_FACE('',(#187),#1867,.F.);
#1952=ADVANCED_FACE('',(#188),#1868,.F.);
#1953=ADVANCED_FACE('',(#189),#1869,.T.);
#1954=ADVANCED_FACE('',(#190),#1870,.T.);
#1955=ADVANCED_FACE('',(#191),#1871,.T.);
#1956=ADVANCED_FACE('',(#192),#1872,.T.);
#1957=ADVANCED_FACE('',(#193),#173,.F.);
#1958=ADVANCED_FACE('',(#194),#174,.F.);
#1959=ADVANCED_FACE('',(#195,#15,#16,#17,#18,#19,#20,#21,#22,#23,#24,#25,
#26,#27,#28,#29,#30,#31,#32,#33,#34,#35,#36,#37,#38,#39,#40,#41,#42,#43,
#44,#45,#46,#47,#48,#49,#50,#51,#52,#53,#54,#55,#56,#57,#58,#59,#60,#61,
#62,#63,#64,#65,#66,#67,#68,#69,#70,#71,#72,#73,#74,#75,#76,#77,#78,#79,
#80,#81,#82,#83,#84,#85,#86,#87,#88,#89,#90,#91,#92,#93),#175,.T.);
#1960=ADVANCED_FACE('',(#196),#176,.F.);
#1961=ADVANCED_FACE('',(#197),#177,.F.);
#1962=ADVANCED_FACE('',(#198),#1873,.T.);
#1963=ADVANCED_FACE('',(#199),#178,.T.);
#1964=ADVANCED_FACE('',(#200),#1874,.T.);
#1965=ADVANCED_FACE('',(#201),#179,.T.);
#1966=ADVANCED_FACE('',(#202),#1875,.F.);
#1967=ADVANCED_FACE('',(#203),#1876,.F.);
#1968=ADVANCED_FACE('',(#204),#1877,.F.);
#1969=ADVANCED_FACE('',(#205),#1878,.F.);
#1970=ADVANCED_FACE('',(#206),#1879,.F.);
#1971=ADVANCED_FACE('',(#207),#1880,.F.);
#1972=ADVANCED_FACE('',(#208),#1881,.F.);
#1973=ADVANCED_FACE('',(#209),#1882,.F.);
#1974=ADVANCED_FACE('',(#210),#1883,.F.);
#1975=ADVANCED_FACE('',(#211),#1884,.F.);
#1976=ADVANCED_FACE('',(#212),#1885,.F.);
#1977=ADVANCED_FACE('',(#213),#1886,.F.);
#1978=ADVANCED_FACE('',(#214),#1887,.F.);
#1979=ADVANCED_FACE('',(#215),#1888,.F.);
#1980=ADVANCED_FACE('',(#216),#1889,.F.);
#1981=ADVANCED_FACE('',(#217),#1890,.F.);
#1982=ADVANCED_FACE('',(#218),#1891,.F.);
#1983=ADVANCED_FACE('',(#219),#1892,.F.);
#1984=ADVANCED_FACE('',(#220),#1893,.F.);
#1985=ADVANCED_FACE('',(#221),#1894,.F.);
#1986=ADVANCED_FACE('',(#222),#1895,.F.);
#1987=ADVANCED_FACE('',(#223),#1896,.F.);
#1988=ADVANCED_FACE('',(#224),#1897,.F.);
#1989=ADVANCED_FACE('',(#225),#1898,.F.);
#1990=ADVANCED_FACE('',(#226),#1899,.F.);
#1991=ADVANCED_FACE('',(#227),#1900,.F.);
#1992=ADVANCED_FACE('',(#228),#1901,.F.);
#1993=ADVANCED_FACE('',(#229),#1902,.F.);
#1994=ADVANCED_FACE('',(#230),#1903,.F.);
#1995=ADVANCED_FACE('',(#231),#1904,.F.);
#1996=ADVANCED_FACE('',(#232),#1905,.F.);
#1997=ADVANCED_FACE('',(#233),#1906,.F.);
#1998=ADVANCED_FACE('',(#234),#1907,.F.);
#1999=ADVANCED_FACE('',(#235),#1908,.F.);
#2000=ADVANCED_FACE('',(#236),#1909,.F.);
#2001=ADVANCED_FACE('',(#237),#1910,.F.);
#2002=ADVANCED_FACE('',(#238),#1911,.F.);
#2003=ADVANCED_FACE('',(#239),#1912,.F.);
#2004=ADVANCED_FACE('',(#240),#1913,.F.);
#2005=ADVANCED_FACE('',(#241),#1914,.F.);
#2006=ADVANCED_FACE('',(#242),#1915,.F.);
#2007=ADVANCED_FACE('',(#243),#1916,.F.);
#2008=ADVANCED_FACE('',(#244),#1917,.F.);
#2009=ADVANCED_FACE('',(#245),#1918,.F.);
#2010=ADVANCED_FACE('',(#246),#1919,.F.);
#2011=ADVANCED_FACE('',(#247),#1920,.F.);
#2012=ADVANCED_FACE('',(#248),#1921,.F.);
#2013=ADVANCED_FACE('',(#249),#1922,.F.);
#2014=ADVANCED_FACE('',(#250),#1923,.F.);
#2015=ADVANCED_FACE('',(#251),#1924,.F.);
#2016=ADVANCED_FACE('',(#252),#1925,.F.);
#2017=ADVANCED_FACE('',(#253),#1926,.F.);
#2018=ADVANCED_FACE('',(#254),#1927,.F.);
#2019=ADVANCED_FACE('',(#255),#1928,.F.);
#2020=ADVANCED_FACE('',(#256),#1929,.F.);
#2021=ADVANCED_FACE('',(#257),#1930,.F.);
#2022=ADVANCED_FACE('',(#258),#1931,.F.);
#2023=ADVANCED_FACE('',(#259),#1932,.F.);
#2024=ADVANCED_FACE('',(#260),#1933,.F.);
#2025=ADVANCED_FACE('',(#261),#1934,.F.);
#2026=ADVANCED_FACE('',(#262),#1935,.F.);
#2027=ADVANCED_FACE('',(#263),#1936,.F.);
#2028=ADVANCED_FACE('',(#264),#1937,.F.);
#2029=ADVANCED_FACE('',(#265),#1938,.F.);
#2030=ADVANCED_FACE('',(#266),#1939,.F.);
#2031=ADVANCED_FACE('',(#267),#1940,.F.);
#2032=ADVANCED_FACE('',(#268),#1941,.F.);
#2033=ADVANCED_FACE('',(#269),#1942,.F.);
#2034=ADVANCED_FACE('',(#270),#1943,.F.);
#2035=ADVANCED_FACE('',(#271),#1944,.F.);
#2036=ADVANCED_FACE('',(#272),#1945,.F.);
#2037=ADVANCED_FACE('',(#273),#1946,.F.);
#2038=ADVANCED_FACE('',(#274),#1947,.F.);
#2039=ADVANCED_FACE('',(#275),#1948,.F.);
#2040=ADVANCED_FACE('',(#276,#94,#95,#96,#97,#98,#99,#100,#101,#102,#103,
#104,#105,#106,#107,#108,#109,#110,#111,#112,#113,#114,#115,#116,#117,#118,
#119,#120,#121,#122,#123,#124,#125,#126,#127,#128,#129,#130,#131,#132,#133,
#134,#135,#136,#137,#138,#139,#140,#141,#142,#143,#144,#145,#146,#147,#148,
#149,#150,#151,#152,#153,#154,#155,#156,#157,#158,#159,#160,#161,#162,#163,
#164,#165,#166,#167,#168,#169,#170,#171,#172),#180,.F.);
#2041=CLOSED_SHELL('',(#1949,#1950,#1951,#1952,#1953,#1954,#1955,#1956,
#1957,#1958,#1959,#1960,#1961,#1962,#1963,#1964,#1965,#1966,#1967,#1968,
#1969,#1970,#1971,#1972,#1973,#1974,#1975,#1976,#1977,#1978,#1979,#1980,
#1981,#1982,#1983,#1984,#1985,#1986,#1987,#1988,#1989,#1990,#1991,#1992,
#1993,#1994,#1995,#1996,#1997,#1998,#1999,#2000,#2001,#2002,#2003,#2004,
#2005,#2006,#2007,#2008,#2009,#2010,#2011,#2012,#2013,#2014,#2015,#2016,
#2017,#2018,#2019,#2020,#2021,#2022,#2023,#2024,#2025,#2026,#2027,#2028,
#2029,#2030,#2031,#2032,#2033,#2034,#2035,#2036,#2037,#2038,#2039,#2040));
#2042=DERIVED_UNIT_ELEMENT(#2044,1.);
#2043=DERIVED_UNIT_ELEMENT(#3467,-3.);
#2044=(
MASS_UNIT()
NAMED_UNIT(*)
SI_UNIT(.KILO.,.GRAM.)
);
#2045=DERIVED_UNIT((#2042,#2043));
#2046=MEASURE_REPRESENTATION_ITEM('density measure',
POSITIVE_RATIO_MEASURE(7850.),#2045);
#2047=PROPERTY_DEFINITION_REPRESENTATION(#2052,#2049);
#2048=PROPERTY_DEFINITION_REPRESENTATION(#2053,#2050);
#2049=REPRESENTATION('material name',(#2051),#3464);
#2050=REPRESENTATION('density',(#2046),#3464);
#2051=DESCRIPTIVE_REPRESENTATION_ITEM('Steel','Steel');
#2052=PROPERTY_DEFINITION('material property','material name',#3474);
#2053=PROPERTY_DEFINITION('material property','density of part',#3474);
#2054=AXIS2_PLACEMENT_3D('',#2927,#2311,#2312);
#2055=AXIS2_PLACEMENT_3D('',#2928,#2313,#2314);
#2056=AXIS2_PLACEMENT_3D('',#2930,#2315,#2316);
#2057=AXIS2_PLACEMENT_3D('',#2933,#2318,#2319);
#2058=AXIS2_PLACEMENT_3D('',#2934,#2320,#2321);
#2059=AXIS2_PLACEMENT_3D('',#2936,#2322,#2323);
#2060=AXIS2_PLACEMENT_3D('',#2939,#2325,#2326);
#2061=AXIS2_PLACEMENT_3D('',#2940,#2327,#2328);
#2062=AXIS2_PLACEMENT_3D('',#2942,#2329,#2330);
#2063=AXIS2_PLACEMENT_3D('',#2945,#2332,#2333);
#2064=AXIS2_PLACEMENT_3D('',#2946,#2334,#2335);
#2065=AXIS2_PLACEMENT_3D('',#2948,#2336,#2337);
#2066=AXIS2_PLACEMENT_3D('',#2951,#2339,#2340);
#2067=AXIS2_PLACEMENT_3D('',#2952,#2341,#2342);
#2068=AXIS2_PLACEMENT_3D('',#2957,#2344,#2345);
#2069=AXIS2_PLACEMENT_3D('',#2960,#2347,#2348);
#2070=AXIS2_PLACEMENT_3D('',#2961,#2349,#2350);
#2071=AXIS2_PLACEMENT_3D('',#2965,#2352,#2353);
#2072=AXIS2_PLACEMENT_3D('',#2967,#2355,#2356);
#2073=AXIS2_PLACEMENT_3D('',#2971,#2358,#2359);
#2074=AXIS2_PLACEMENT_3D('',#2973,#2361,#2362);
#2075=AXIS2_PLACEMENT_3D('',#2976,#2365,#2366);
#2076=AXIS2_PLACEMENT_3D('',#2982,#2370,#2371);
#2077=AXIS2_PLACEMENT_3D('',#2986,#2374,#2375);
#2078=AXIS2_PLACEMENT_3D('',#2996,#2380,#2381);
#2079=AXIS2_PLACEMENT_3D('',#2998,#2382,#2383);
#2080=AXIS2_PLACEMENT_3D('',#3000,#2384,#2385);
#2081=AXIS2_PLACEMENT_3D('',#3002,#2386,#2387);
#2082=AXIS2_PLACEMENT_3D('',#3004,#2388,#2389);
#2083=AXIS2_PLACEMENT_3D('',#3006,#2390,#2391);
#2084=AXIS2_PLACEMENT_3D('',#3008,#2392,#2393);
#2085=AXIS2_PLACEMENT_3D('',#3010,#2394,#2395);
#2086=AXIS2_PLACEMENT_3D('',#3012,#2396,#2397);
#2087=AXIS2_PLACEMENT_3D('',#3014,#2398,#2399);
#2088=AXIS2_PLACEMENT_3D('',#3016,#2400,#2401);
#2089=AXIS2_PLACEMENT_3D('',#3018,#2402,#2403);
#2090=AXIS2_PLACEMENT_3D('',#3020,#2404,#2405);
#2091=AXIS2_PLACEMENT_3D('',#3022,#2406,#2407);
#2092=AXIS2_PLACEMENT_3D('',#3024,#2408,#2409);
#2093=AXIS2_PLACEMENT_3D('',#3026,#2410,#2411);
#2094=AXIS2_PLACEMENT_3D('',#3028,#2412,#2413);
#2095=AXIS2_PLACEMENT_3D('',#3030,#2414,#2415);
#2096=AXIS2_PLACEMENT_3D('',#3032,#2416,#2417);
#2097=AXIS2_PLACEMENT_3D('',#3034,#2418,#2419);
#2098=AXIS2_PLACEMENT_3D('',#3036,#2420,#2421);
#2099=AXIS2_PLACEMENT_3D('',#3038,#2422,#2423);
#2100=AXIS2_PLACEMENT_3D('',#3040,#2424,#2425);
#2101=AXIS2_PLACEMENT_3D('',#3042,#2426,#2427);
#2102=AXIS2_PLACEMENT_3D('',#3044,#2428,#2429);
#2103=AXIS2_PLACEMENT_3D('',#3046,#2430,#2431);
#2104=AXIS2_PLACEMENT_3D('',#3048,#2432,#2433);
#2105=AXIS2_PLACEMENT_3D('',#3050,#2434,#2435);
#2106=AXIS2_PLACEMENT_3D('',#3052,#2436,#2437);
#2107=AXIS2_PLACEMENT_3D('',#3054,#2438,#2439);
#2108=AXIS2_PLACEMENT_3D('',#3056,#2440,#2441);
#2109=AXIS2_PLACEMENT_3D('',#3058,#2442,#2443);
#2110=AXIS2_PLACEMENT_3D('',#3060,#2444,#2445);
#2111=AXIS2_PLACEMENT_3D('',#3062,#2446,#2447);
#2112=AXIS2_PLACEMENT_3D('',#3064,#2448,#2449);
#2113=AXIS2_PLACEMENT_3D('',#3066,#2450,#2451);
#2114=AXIS2_PLACEMENT_3D('',#3068,#2452,#2453);
#2115=AXIS2_PLACEMENT_3D('',#3070,#2454,#2455);
#2116=AXIS2_PLACEMENT_3D('',#3072,#2456,#2457);
#2117=AXIS2_PLACEMENT_3D('',#3074,#2458,#2459);
#2118=AXIS2_PLACEMENT_3D('',#3076,#2460,#2461);
#2119=AXIS2_PLACEMENT_3D('',#3078,#2462,#2463);
#2120=AXIS2_PLACEMENT_3D('',#3080,#2464,#2465);
#2121=AXIS2_PLACEMENT_3D('',#3082,#2466,#2467);
#2122=AXIS2_PLACEMENT_3D('',#3084,#2468,#2469);
#2123=AXIS2_PLACEMENT_3D('',#3086,#2470,#2471);
#2124=AXIS2_PLACEMENT_3D('',#3088,#2472,#2473);
#2125=AXIS2_PLACEMENT_3D('',#3090,#2474,#2475);
#2126=AXIS2_PLACEMENT_3D('',#3092,#2476,#2477);
#2127=AXIS2_PLACEMENT_3D('',#3094,#2478,#2479);
#2128=AXIS2_PLACEMENT_3D('',#3096,#2480,#2481);
#2129=AXIS2_PLACEMENT_3D('',#3098,#2482,#2483);
#2130=AXIS2_PLACEMENT_3D('',#3100,#2484,#2485);
#2131=AXIS2_PLACEMENT_3D('',#3102,#2486,#2487);
#2132=AXIS2_PLACEMENT_3D('',#3104,#2488,#2489);
#2133=AXIS2_PLACEMENT_3D('',#3106,#2490,#2491);
#2134=AXIS2_PLACEMENT_3D('',#3108,#2492,#2493);
#2135=AXIS2_PLACEMENT_3D('',#3110,#2494,#2495);
#2136=AXIS2_PLACEMENT_3D('',#3112,#2496,#2497);
#2137=AXIS2_PLACEMENT_3D('',#3114,#2498,#2499);
#2138=AXIS2_PLACEMENT_3D('',#3116,#2500,#2501);
#2139=AXIS2_PLACEMENT_3D('',#3118,#2502,#2503);
#2140=AXIS2_PLACEMENT_3D('',#3120,#2504,#2505);
#2141=AXIS2_PLACEMENT_3D('',#3122,#2506,#2507);
#2142=AXIS2_PLACEMENT_3D('',#3124,#2508,#2509);
#2143=AXIS2_PLACEMENT_3D('',#3126,#2510,#2511);
#2144=AXIS2_PLACEMENT_3D('',#3128,#2512,#2513);
#2145=AXIS2_PLACEMENT_3D('',#3130,#2514,#2515);
#2146=AXIS2_PLACEMENT_3D('',#3132,#2516,#2517);
#2147=AXIS2_PLACEMENT_3D('',#3134,#2518,#2519);
#2148=AXIS2_PLACEMENT_3D('',#3136,#2520,#2521);
#2149=AXIS2_PLACEMENT_3D('',#3138,#2522,#2523);
#2150=AXIS2_PLACEMENT_3D('',#3140,#2524,#2525);
#2151=AXIS2_PLACEMENT_3D('',#3142,#2526,#2527);
#2152=AXIS2_PLACEMENT_3D('',#3143,#2528,#2529);
#2153=AXIS2_PLACEMENT_3D('',#3147,#2532,#2533);
#2154=AXIS2_PLACEMENT_3D('',#3149,#2535,#2536);
#2155=AXIS2_PLACEMENT_3D('',#3151,#2537,#2538);
#2156=AXIS2_PLACEMENT_3D('',#3153,#2539,#2540);
#2157=AXIS2_PLACEMENT_3D('',#3155,#2542,#2543);
#2158=AXIS2_PLACEMENT_3D('',#3158,#2545,#2546);
#2159=AXIS2_PLACEMENT_3D('',#3159,#2547,#2548);
#2160=AXIS2_PLACEMENT_3D('',#3161,#2549,#2550);
#2161=AXIS2_PLACEMENT_3D('',#3163,#2552,#2553);
#2162=AXIS2_PLACEMENT_3D('',#3165,#2555,#2556);
#2163=AXIS2_PLACEMENT_3D('',#3168,#2558,#2559);
#2164=AXIS2_PLACEMENT_3D('',#3169,#2560,#2561);
#2165=AXIS2_PLACEMENT_3D('',#3172,#2563,#2564);
#2166=AXIS2_PLACEMENT_3D('',#3173,#2565,#2566);
#2167=AXIS2_PLACEMENT_3D('',#3176,#2568,#2569);
#2168=AXIS2_PLACEMENT_3D('',#3177,#2570,#2571);
#2169=AXIS2_PLACEMENT_3D('',#3180,#2573,#2574);
#2170=AXIS2_PLACEMENT_3D('',#3181,#2575,#2576);
#2171=AXIS2_PLACEMENT_3D('',#3184,#2578,#2579);
#2172=AXIS2_PLACEMENT_3D('',#3185,#2580,#2581);
#2173=AXIS2_PLACEMENT_3D('',#3188,#2583,#2584);
#2174=AXIS2_PLACEMENT_3D('',#3189,#2585,#2586);
#2175=AXIS2_PLACEMENT_3D('',#3192,#2588,#2589);
#2176=AXIS2_PLACEMENT_3D('',#3193,#2590,#2591);
#2177=AXIS2_PLACEMENT_3D('',#3196,#2593,#2594);
#2178=AXIS2_PLACEMENT_3D('',#3197,#2595,#2596);
#2179=AXIS2_PLACEMENT_3D('',#3200,#2598,#2599);
#2180=AXIS2_PLACEMENT_3D('',#3201,#2600,#2601);
#2181=AXIS2_PLACEMENT_3D('',#3204,#2603,#2604);
#2182=AXIS2_PLACEMENT_3D('',#3205,#2605,#2606);
#2183=AXIS2_PLACEMENT_3D('',#3208,#2608,#2609);
#2184=AXIS2_PLACEMENT_3D('',#3209,#2610,#2611);
#2185=AXIS2_PLACEMENT_3D('',#3212,#2613,#2614);
#2186=AXIS2_PLACEMENT_3D('',#3213,#2615,#2616);
#2187=AXIS2_PLACEMENT_3D('',#3216,#2618,#2619);
#2188=AXIS2_PLACEMENT_3D('',#3217,#2620,#2621);
#2189=AXIS2_PLACEMENT_3D('',#3220,#2623,#2624);
#2190=AXIS2_PLACEMENT_3D('',#3221,#2625,#2626);
#2191=AXIS2_PLACEMENT_3D('',#3224,#2628,#2629);
#2192=AXIS2_PLACEMENT_3D('',#3225,#2630,#2631);
#2193=AXIS2_PLACEMENT_3D('',#3228,#2633,#2634);
#2194=AXIS2_PLACEMENT_3D('',#3229,#2635,#2636);
#2195=AXIS2_PLACEMENT_3D('',#3232,#2638,#2639);
#2196=AXIS2_PLACEMENT_3D('',#3233,#2640,#2641);
#2197=AXIS2_PLACEMENT_3D('',#3236,#2643,#2644);
#2198=AXIS2_PLACEMENT_3D('',#3237,#2645,#2646);
#2199=AXIS2_PLACEMENT_3D('',#3240,#2648,#2649);
#2200=AXIS2_PLACEMENT_3D('',#3241,#2650,#2651);
#2201=AXIS2_PLACEMENT_3D('',#3244,#2653,#2654);
#2202=AXIS2_PLACEMENT_3D('',#3245,#2655,#2656);
#2203=AXIS2_PLACEMENT_3D('',#3248,#2658,#2659);
#2204=AXIS2_PLACEMENT_3D('',#3249,#2660,#2661);
#2205=AXIS2_PLACEMENT_3D('',#3252,#2663,#2664);
#2206=AXIS2_PLACEMENT_3D('',#3253,#2665,#2666);
#2207=AXIS2_PLACEMENT_3D('',#3256,#2668,#2669);
#2208=AXIS2_PLACEMENT_3D('',#3257,#2670,#2671);
#2209=AXIS2_PLACEMENT_3D('',#3260,#2673,#2674);
#2210=AXIS2_PLACEMENT_3D('',#3261,#2675,#2676);
#2211=AXIS2_PLACEMENT_3D('',#3264,#2678,#2679);
#2212=AXIS2_PLACEMENT_3D('',#3265,#2680,#2681);
#2213=AXIS2_PLACEMENT_3D('',#3268,#2683,#2684);
#2214=AXIS2_PLACEMENT_3D('',#3269,#2685,#2686);
#2215=AXIS2_PLACEMENT_3D('',#3272,#2688,#2689);
#2216=AXIS2_PLACEMENT_3D('',#3273,#2690,#2691);
#2217=AXIS2_PLACEMENT_3D('',#3276,#2693,#2694);
#2218=AXIS2_PLACEMENT_3D('',#3277,#2695,#2696);
#2219=AXIS2_PLACEMENT_3D('',#3280,#2698,#2699);
#2220=AXIS2_PLACEMENT_3D('',#3281,#2700,#2701);
#2221=AXIS2_PLACEMENT_3D('',#3284,#2703,#2704);
#2222=AXIS2_PLACEMENT_3D('',#3285,#2705,#2706);
#2223=AXIS2_PLACEMENT_3D('',#3288,#2708,#2709);
#2224=AXIS2_PLACEMENT_3D('',#3289,#2710,#2711);
#2225=AXIS2_PLACEMENT_3D('',#3292,#2713,#2714);
#2226=AXIS2_PLACEMENT_3D('',#3293,#2715,#2716);
#2227=AXIS2_PLACEMENT_3D('',#3296,#2718,#2719);
#2228=AXIS2_PLACEMENT_3D('',#3297,#2720,#2721);
#2229=AXIS2_PLACEMENT_3D('',#3300,#2723,#2724);
#2230=AXIS2_PLACEMENT_3D('',#3301,#2725,#2726);
#2231=AXIS2_PLACEMENT_3D('',#3304,#2728,#2729);
#2232=AXIS2_PLACEMENT_3D('',#3305,#2730,#2731);
#2233=AXIS2_PLACEMENT_3D('',#3308,#2733,#2734);
#2234=AXIS2_PLACEMENT_3D('',#3309,#2735,#2736);
#2235=AXIS2_PLACEMENT_3D('',#3312,#2738,#2739);
#2236=AXIS2_PLACEMENT_3D('',#3313,#2740,#2741);
#2237=AXIS2_PLACEMENT_3D('',#3316,#2743,#2744);
#2238=AXIS2_PLACEMENT_3D('',#3317,#2745,#2746);
#2239=AXIS2_PLACEMENT_3D('',#3320,#2748,#2749);
#2240=AXIS2_PLACEMENT_3D('',#3321,#2750,#2751);
#2241=AXIS2_PLACEMENT_3D('',#3324,#2753,#2754);
#2242=AXIS2_PLACEMENT_3D('',#3325,#2755,#2756);
#2243=AXIS2_PLACEMENT_3D('',#3328,#2758,#2759);
#2244=AXIS2_PLACEMENT_3D('',#3329,#2760,#2761);
#2245=AXIS2_PLACEMENT_3D('',#3332,#2763,#2764);
#2246=AXIS2_PLACEMENT_3D('',#3333,#2765,#2766);
#2247=AXIS2_PLACEMENT_3D('',#3336,#2768,#2769);
#2248=AXIS2_PLACEMENT_3D('',#3337,#2770,#2771);
#2249=AXIS2_PLACEMENT_3D('',#3340,#2773,#2774);
#2250=AXIS2_PLACEMENT_3D('',#3341,#2775,#2776);
#2251=AXIS2_PLACEMENT_3D('',#3344,#2778,#2779);
#2252=AXIS2_PLACEMENT_3D('',#3345,#2780,#2781);
#2253=AXIS2_PLACEMENT_3D('',#3348,#2783,#2784);
#2254=AXIS2_PLACEMENT_3D('',#3349,#2785,#2786);
#2255=AXIS2_PLACEMENT_3D('',#3352,#2788,#2789);
#2256=AXIS2_PLACEMENT_3D('',#3353,#2790,#2791);
#2257=AXIS2_PLACEMENT_3D('',#3356,#2793,#2794);
#2258=AXIS2_PLACEMENT_3D('',#3357,#2795,#2796);
#2259=AXIS2_PLACEMENT_3D('',#3360,#2798,#2799);
#2260=AXIS2_PLACEMENT_3D('',#3361,#2800,#2801);
#2261=AXIS2_PLACEMENT_3D('',#3364,#2803,#2804);
#2262=AXIS2_PLACEMENT_3D('',#3365,#2805,#2806);
#2263=AXIS2_PLACEMENT_3D('',#3368,#2808,#2809);
#2264=AXIS2_PLACEMENT_3D('',#3369,#2810,#2811);
#2265=AXIS2_PLACEMENT_3D('',#3372,#2813,#2814);
#2266=AXIS2_PLACEMENT_3D('',#3373,#2815,#2816);
#2267=AXIS2_PLACEMENT_3D('',#3376,#2818,#2819);
#2268=AXIS2_PLACEMENT_3D('',#3377,#2820,#2821);
#2269=AXIS2_PLACEMENT_3D('',#3380,#2823,#2824);
#2270=AXIS2_PLACEMENT_3D('',#3381,#2825,#2826);
#2271=AXIS2_PLACEMENT_3D('',#3384,#2828,#2829);
#2272=AXIS2_PLACEMENT_3D('',#3385,#2830,#2831);
#2273=AXIS2_PLACEMENT_3D('',#3388,#2833,#2834);
#2274=AXIS2_PLACEMENT_3D('',#3389,#2835,#2836);
#2275=AXIS2_PLACEMENT_3D('',#3392,#2838,#2839);
#2276=AXIS2_PLACEMENT_3D('',#3393,#2840,#2841);
#2277=AXIS2_PLACEMENT_3D('',#3396,#2843,#2844);
#2278=AXIS2_PLACEMENT_3D('',#3397,#2845,#2846);
#2279=AXIS2_PLACEMENT_3D('',#3400,#2848,#2849);
#2280=AXIS2_PLACEMENT_3D('',#3401,#2850,#2851);
#2281=AXIS2_PLACEMENT_3D('',#3404,#2853,#2854);
#2282=AXIS2_PLACEMENT_3D('',#3405,#2855,#2856);
#2283=AXIS2_PLACEMENT_3D('',#3408,#2858,#2859);
#2284=AXIS2_PLACEMENT_3D('',#3409,#2860,#2861);
#2285=AXIS2_PLACEMENT_3D('',#3412,#2863,#2864);
#2286=AXIS2_PLACEMENT_3D('',#3413,#2865,#2866);
#2287=AXIS2_PLACEMENT_3D('',#3416,#2868,#2869);
#2288=AXIS2_PLACEMENT_3D('',#3417,#2870,#2871);
#2289=AXIS2_PLACEMENT_3D('',#3420,#2873,#2874);
#2290=AXIS2_PLACEMENT_3D('',#3421,#2875,#2876);
#2291=AXIS2_PLACEMENT_3D('',#3424,#2878,#2879);
#2292=AXIS2_PLACEMENT_3D('',#3425,#2880,#2881);
#2293=AXIS2_PLACEMENT_3D('',#3428,#2883,#2884);
#2294=AXIS2_PLACEMENT_3D('',#3429,#2885,#2886);
#2295=AXIS2_PLACEMENT_3D('',#3432,#2888,#2889);
#2296=AXIS2_PLACEMENT_3D('',#3433,#2890,#2891);
#2297=AXIS2_PLACEMENT_3D('',#3436,#2893,#2894);
#2298=AXIS2_PLACEMENT_3D('',#3437,#2895,#2896);
#2299=AXIS2_PLACEMENT_3D('',#3440,#2898,#2899);
#2300=AXIS2_PLACEMENT_3D('',#3441,#2900,#2901);
#2301=AXIS2_PLACEMENT_3D('',#3444,#2903,#2904);
#2302=AXIS2_PLACEMENT_3D('',#3445,#2905,#2906);
#2303=AXIS2_PLACEMENT_3D('',#3448,#2908,#2909);
#2304=AXIS2_PLACEMENT_3D('',#3449,#2910,#2911);
#2305=AXIS2_PLACEMENT_3D('',#3452,#2913,#2914);
#2306=AXIS2_PLACEMENT_3D('',#3453,#2915,#2916);
#2307=AXIS2_PLACEMENT_3D('',#3456,#2918,#2919);
#2308=AXIS2_PLACEMENT_3D('',#3457,#2920,#2921);
#2309=AXIS2_PLACEMENT_3D('',#3460,#2923,#2924);
#2310=AXIS2_PLACEMENT_3D('',#3461,#2925,#2926);
#2311=DIRECTION('axis',(0.,0.,1.));
#2312=DIRECTION('refdir',(1.,0.,0.));
#2313=DIRECTION('center_axis',(0.,-1.,0.));
#2314=DIRECTION('ref_axis',(-1.,0.,0.));
#2315=DIRECTION('center_axis',(0.,-1.,0.));
#2316=DIRECTION('ref_axis',(-1.,0.,0.));
#2317=DIRECTION('',(0.,-1.,0.));
#2318=DIRECTION('center_axis',(0.,1.,0.));
#2319=DIRECTION('ref_axis',(-1.,0.,0.));
#2320=DIRECTION('center_axis',(0.,-1.,0.));
#2321=DIRECTION('ref_axis',(-1.,0.,0.));
#2322=DIRECTION('center_axis',(0.,-1.,0.));
#2323=DIRECTION('ref_axis',(-1.,0.,0.));
#2324=DIRECTION('',(0.,-1.,0.));
#2325=DIRECTION('center_axis',(0.,1.,0.));
#2326=DIRECTION('ref_axis',(-1.,0.,0.));
#2327=DIRECTION('center_axis',(0.,-1.,0.));
#2328=DIRECTION('ref_axis',(-1.,0.,0.));
#2329=DIRECTION('center_axis',(0.,-1.,0.));
#2330=DIRECTION('ref_axis',(-1.,0.,0.));
#2331=DIRECTION('',(0.,-1.,0.));
#2332=DIRECTION('center_axis',(0.,1.,0.));
#2333=DIRECTION('ref_axis',(-1.,0.,0.));
#2334=DIRECTION('center_axis',(0.,-1.,0.));
#2335=DIRECTION('ref_axis',(-1.,0.,0.));
#2336=DIRECTION('center_axis',(0.,-1.,0.));
#2337=DIRECTION('ref_axis',(-1.,0.,0.));
#2338=DIRECTION('',(0.,-1.,0.));
#2339=DIRECTION('center_axis',(0.,1.,0.));
#2340=DIRECTION('ref_axis',(-1.,0.,0.));
#2341=DIRECTION('center_axis',(0.,0.,-1.));
#2342=DIRECTION('ref_axis',(0.707106781186535,0.70710678118656,0.));
#2343=DIRECTION('',(0.,0.,1.));
#2344=DIRECTION('center_axis',(-0.707106781186549,0.,-0.707106781186546));
#2345=DIRECTION('ref_axis',(-0.707106781186546,0.,0.707106781186549));
#2346=DIRECTION('',(0.,0.,-1.));
#2347=DIRECTION('center_axis',(-0.707106781186548,3.14018491736751E-15,
0.707106781186548));
#2348=DIRECTION('ref_axis',(0.707106781186548,-3.14018491736751E-15,0.707106781186548));
#2349=DIRECTION('center_axis',(-1.,0.,0.));
#2350=DIRECTION('ref_axis',(0.,0.707106781186552,-0.707106781186543));
#2351=DIRECTION('',(1.,0.,0.));
#2352=DIRECTION('center_axis',(-0.707106781186549,0.,0.707106781186546));
#2353=DIRECTION('ref_axis',(0.707106781186546,0.,0.707106781186549));
#2354=DIRECTION('',(-1.,0.,0.));
#2355=DIRECTION('center_axis',(0.,0.,1.));
#2356=DIRECTION('ref_axis',(-0.707106781186535,0.70710678118656,0.));
#2357=DIRECTION('',(0.,0.,-1.));
#2358=DIRECTION('center_axis',(0.707106781186549,0.,0.707106781186546));
#2359=DIRECTION('ref_axis',(0.707106781186546,0.,-0.707106781186549));
#2360=DIRECTION('',(0.,0.,1.));
#2361=DIRECTION('center_axis',(1.,0.,0.));
#2362=DIRECTION('ref_axis',(0.,0.707106781186552,0.707106781186543));
#2363=DIRECTION('',(1.,0.,0.));
#2364=DIRECTION('',(-1.,0.,0.));
#2365=DIRECTION('center_axis',(0.,0.,-1.));
#2366=DIRECTION('ref_axis',(1.,0.,0.));
#2367=DIRECTION('',(0.,-1.,0.));
#2368=DIRECTION('',(-1.,0.,0.));
#2369=DIRECTION('',(0.,-1.,0.));
#2370=DIRECTION('center_axis',(-1.,0.,0.));
#2371=DIRECTION('ref_axis',(0.,0.,-1.));
#2372=DIRECTION('',(0.,-1.,0.));
#2373=DIRECTION('',(0.,0.,1.));
#2374=DIRECTION('center_axis',(0.,1.,0.));
#2375=DIRECTION('ref_axis',(-1.,0.,0.));
#2376=DIRECTION('',(0.,0.,-1.));
#2377=DIRECTION('',(1.,0.,0.));
#2378=DIRECTION('',(0.,0.,1.));
#2379=DIRECTION('',(-1.,0.,0.));
#2380=DIRECTION('center_axis',(0.,-1.,0.));
#2381=DIRECTION('ref_axis',(-1.,0.,0.));
#2382=DIRECTION('center_axis',(0.,-1.,0.));
#2383=DIRECTION('ref_axis',(-1.,0.,0.));
#2384=DIRECTION('center_axis',(0.,-1.,0.));
#2385=DIRECTION('ref_axis',(-1.,0.,0.));
#2386=DIRECTION('center_axis',(0.,-1.,0.));
#2387=DIRECTION('ref_axis',(-1.,0.,0.));
#2388=DIRECTION('center_axis',(0.,-1.,0.));
#2389=DIRECTION('ref_axis',(-1.,0.,0.));
#2390=DIRECTION('center_axis',(0.,-1.,0.));
#2391=DIRECTION('ref_axis',(-1.,0.,0.));
#2392=DIRECTION('center_axis',(0.,-1.,0.));
#2393=DIRECTION('ref_axis',(-1.,0.,0.));
#2394=DIRECTION('center_axis',(0.,-1.,0.));
#2395=DIRECTION('ref_axis',(-1.,0.,0.));
#2396=DIRECTION('center_axis',(0.,-1.,0.));
#2397=DIRECTION('ref_axis',(-1.,0.,0.));
#2398=DIRECTION('center_axis',(0.,-1.,0.));
#2399=DIRECTION('ref_axis',(-1.,0.,0.));
#2400=DIRECTION('center_axis',(0.,-1.,0.));
#2401=DIRECTION('ref_axis',(-1.,0.,0.));
#2402=DIRECTION('center_axis',(0.,-1.,0.));
#2403=DIRECTION('ref_axis',(-1.,0.,0.));
#2404=DIRECTION('center_axis',(0.,-1.,0.));
#2405=DIRECTION('ref_axis',(-1.,0.,0.));
#2406=DIRECTION('center_axis',(0.,-1.,0.));
#2407=DIRECTION('ref_axis',(-1.,0.,0.));
#2408=DIRECTION('center_axis',(0.,-1.,0.));
#2409=DIRECTION('ref_axis',(-1.,0.,0.));
#2410=DIRECTION('center_axis',(0.,-1.,0.));
#2411=DIRECTION('ref_axis',(-1.,0.,0.));
#2412=DIRECTION('center_axis',(0.,-1.,0.));
#2413=DIRECTION('ref_axis',(-1.,0.,0.));
#2414=DIRECTION('center_axis',(0.,-1.,0.));
#2415=DIRECTION('ref_axis',(-1.,0.,0.));
#2416=DIRECTION('center_axis',(0.,-1.,0.));
#2417=DIRECTION('ref_axis',(-1.,0.,0.));
#2418=DIRECTION('center_axis',(0.,-1.,0.));
#2419=DIRECTION('ref_axis',(-1.,0.,0.));
#2420=DIRECTION('center_axis',(0.,-1.,0.));
#2421=DIRECTION('ref_axis',(-1.,0.,0.));
#2422=DIRECTION('center_axis',(0.,-1.,0.));
#2423=DIRECTION('ref_axis',(-1.,0.,0.));
#2424=DIRECTION('center_axis',(0.,-1.,0.));
#2425=DIRECTION('ref_axis',(-1.,0.,0.));
#2426=DIRECTION('center_axis',(0.,-1.,0.));
#2427=DIRECTION('ref_axis',(-1.,0.,0.));
#2428=DIRECTION('center_axis',(0.,-1.,0.));
#2429=DIRECTION('ref_axis',(-1.,0.,0.));
#2430=DIRECTION('center_axis',(0.,-1.,0.));
#2431=DIRECTION('ref_axis',(-1.,0.,0.));
#2432=DIRECTION('center_axis',(0.,-1.,0.));
#2433=DIRECTION('ref_axis',(-1.,0.,0.));
#2434=DIRECTION('center_axis',(0.,-1.,0.));
#2435=DIRECTION('ref_axis',(-1.,0.,0.));
#2436=DIRECTION('center_axis',(0.,-1.,0.));
#2437=DIRECTION('ref_axis',(-1.,0.,0.));
#2438=DIRECTION('center_axis',(0.,-1.,0.));
#2439=DIRECTION('ref_axis',(-1.,0.,0.));
#2440=DIRECTION('center_axis',(0.,-1.,0.));
#2441=DIRECTION('ref_axis',(-1.,0.,0.));
#2442=DIRECTION('center_axis',(0.,-1.,0.));
#2443=DIRECTION('ref_axis',(-1.,0.,0.));
#2444=DIRECTION('center_axis',(0.,-1.,0.));
#2445=DIRECTION('ref_axis',(-1.,0.,0.));
#2446=DIRECTION('center_axis',(0.,-1.,0.));
#2447=DIRECTION('ref_axis',(-1.,0.,0.));
#2448=DIRECTION('center_axis',(0.,-1.,0.));
#2449=DIRECTION('ref_axis',(-1.,0.,0.));
#2450=DIRECTION('center_axis',(0.,-1.,0.));
#2451=DIRECTION('ref_axis',(-1.,0.,0.));
#2452=DIRECTION('center_axis',(0.,-1.,0.));
#2453=DIRECTION('ref_axis',(-1.,0.,0.));
#2454=DIRECTION('center_axis',(0.,-1.,0.));
#2455=DIRECTION('ref_axis',(-1.,0.,0.));
#2456=DIRECTION('center_axis',(0.,-1.,0.));
#2457=DIRECTION('ref_axis',(-1.,0.,0.));
#2458=DIRECTION('center_axis',(0.,-1.,0.));
#2459=DIRECTION('ref_axis',(-1.,0.,0.));
#2460=DIRECTION('center_axis',(0.,-1.,0.));
#2461=DIRECTION('ref_axis',(-1.,0.,0.));
#2462=DIRECTION('center_axis',(0.,-1.,0.));
#2463=DIRECTION('ref_axis',(-1.,0.,0.));
#2464=DIRECTION('center_axis',(0.,-1.,0.));
#2465=DIRECTION('ref_axis',(-1.,0.,0.));
#2466=DIRECTION('center_axis',(0.,-1.,0.));
#2467=DIRECTION('ref_axis',(-1.,0.,0.));
#2468=DIRECTION('center_axis',(0.,-1.,0.));
#2469=DIRECTION('ref_axis',(-1.,0.,0.));
#2470=DIRECTION('center_axis',(0.,-1.,0.));
#2471=DIRECTION('ref_axis',(-1.,0.,0.));
#2472=DIRECTION('center_axis',(0.,-1.,0.));
#2473=DIRECTION('ref_axis',(-1.,0.,0.));
#2474=DIRECTION('center_axis',(0.,-1.,0.));
#2475=DIRECTION('ref_axis',(-1.,0.,0.));
#2476=DIRECTION('center_axis',(0.,-1.,0.));
#2477=DIRECTION('ref_axis',(-1.,0.,0.));
#2478=DIRECTION('center_axis',(0.,-1.,0.));
#2479=DIRECTION('ref_axis',(-1.,0.,0.));
#2480=DIRECTION('center_axis',(0.,-1.,0.));
#2481=DIRECTION('ref_axis',(-1.,0.,0.));
#2482=DIRECTION('center_axis',(0.,-1.,0.));
#2483=DIRECTION('ref_axis',(-1.,0.,0.));
#2484=DIRECTION('center_axis',(0.,-1.,0.));
#2485=DIRECTION('ref_axis',(-1.,0.,0.));
#2486=DIRECTION('center_axis',(0.,-1.,0.));
#2487=DIRECTION('ref_axis',(-1.,0.,0.));
#2488=DIRECTION('center_axis',(0.,-1.,0.));
#2489=DIRECTION('ref_axis',(-1.,0.,0.));
#2490=DIRECTION('center_axis',(0.,-1.,0.));
#2491=DIRECTION('ref_axis',(-1.,0.,0.));
#2492=DIRECTION('center_axis',(0.,-1.,0.));
#2493=DIRECTION('ref_axis',(-1.,0.,0.));
#2494=DIRECTION('center_axis',(0.,-1.,0.));
#2495=DIRECTION('ref_axis',(-1.,0.,0.));
#2496=DIRECTION('center_axis',(0.,-1.,0.));
#2497=DIRECTION('ref_axis',(-1.,0.,0.));
#2498=DIRECTION('center_axis',(0.,-1.,0.));
#2499=DIRECTION('ref_axis',(-1.,0.,0.));
#2500=DIRECTION('center_axis',(0.,-1.,0.));
#2501=DIRECTION('ref_axis',(-1.,0.,0.));
#2502=DIRECTION('center_axis',(0.,-1.,0.));
#2503=DIRECTION('ref_axis',(-1.,0.,0.));
#2504=DIRECTION('center_axis',(0.,-1.,0.));
#2505=DIRECTION('ref_axis',(-1.,0.,0.));
#2506=DIRECTION('center_axis',(0.,-1.,0.));
#2507=DIRECTION('ref_axis',(-1.,0.,0.));
#2508=DIRECTION('center_axis',(0.,-1.,0.));
#2509=DIRECTION('ref_axis',(-1.,0.,0.));
#2510=DIRECTION('center_axis',(0.,-1.,0.));
#2511=DIRECTION('ref_axis',(-1.,0.,0.));
#2512=DIRECTION('center_axis',(0.,-1.,0.));
#2513=DIRECTION('ref_axis',(-1.,0.,0.));
#2514=DIRECTION('center_axis',(0.,-1.,0.));
#2515=DIRECTION('ref_axis',(-1.,0.,0.));
#2516=DIRECTION('center_axis',(0.,-1.,0.));
#2517=DIRECTION('ref_axis',(-1.,0.,0.));
#2518=DIRECTION('center_axis',(0.,-1.,0.));
#2519=DIRECTION('ref_axis',(-1.,0.,0.));
#2520=DIRECTION('center_axis',(0.,-1.,0.));
#2521=DIRECTION('ref_axis',(-1.,0.,0.));
#2522=DIRECTION('center_axis',(0.,-1.,0.));
#2523=DIRECTION('ref_axis',(-1.,0.,0.));
#2524=DIRECTION('center_axis',(0.,-1.,0.));
#2525=DIRECTION('ref_axis',(-1.,0.,0.));
#2526=DIRECTION('center_axis',(0.,-1.,0.));
#2527=DIRECTION('ref_axis',(-1.,0.,0.));
#2528=DIRECTION('center_axis',(1.,0.,0.));
#2529=DIRECTION('ref_axis',(0.,0.,1.));
#2530=DIRECTION('',(0.,0.,-1.));
#2531=DIRECTION('',(0.,-1.,0.));
#2532=DIRECTION('center_axis',(0.,0.,1.));
#2533=DIRECTION('ref_axis',(-1.,0.,0.));
#2534=DIRECTION('',(1.,0.,0.));
#2535=DIRECTION('center_axis',(0.,0.,1.));
#2536=DIRECTION('ref_axis',(-0.707106781186547,0.707106781186547,0.));
#2537=DIRECTION('center_axis',(0.,0.,-1.));
#2538=DIRECTION('ref_axis',(-0.707106781186547,0.707106781186547,0.));
#2539=DIRECTION('center_axis',(0.,0.,1.));
#2540=DIRECTION('ref_axis',(-0.707106781186547,0.707106781186547,0.));
#2541=DIRECTION('',(0.,0.,-1.));
#2542=DIRECTION('center_axis',(0.,0.,1.));
#2543=DIRECTION('ref_axis',(1.,0.,0.));
#2544=DIRECTION('',(-1.,0.,0.));
#2545=DIRECTION('center_axis',(0.,0.,-1.));
#2546=DIRECTION('ref_axis',(0.707106781186547,0.707106781186547,0.));
#2547=DIRECTION('center_axis',(0.,0.,-1.));
#2548=DIRECTION('ref_axis',(0.707106781186547,0.707106781186547,0.));
#2549=DIRECTION('center_axis',(0.,0.,1.));
#2550=DIRECTION('ref_axis',(0.707106781186547,0.707106781186547,0.));
#2551=DIRECTION('',(0.,0.,1.));
#2552=DIRECTION('center_axis',(0.,0.,-1.));
#2553=DIRECTION('ref_axis',(-1.,0.,0.));
#2554=DIRECTION('',(1.,0.,0.));
#2555=DIRECTION('center_axis',(0.,1.,0.));
#2556=DIRECTION('ref_axis',(-1.,0.,0.));
#2557=DIRECTION('',(0.,-1.,0.));
#2558=DIRECTION('center_axis',(0.,-1.,0.));
#2559=DIRECTION('ref_axis',(-1.,0.,0.));
#2560=DIRECTION('center_axis',(0.,1.,0.));
#2561=DIRECTION('ref_axis',(-1.,0.,0.));
#2562=DIRECTION('',(0.,-1.,0.));
#2563=DIRECTION('center_axis',(0.,-1.,0.));
#2564=DIRECTION('ref_axis',(-1.,0.,0.));
#2565=DIRECTION('center_axis',(0.,1.,0.));
#2566=DIRECTION('ref_axis',(-1.,0.,0.));
#2567=DIRECTION('',(0.,-1.,0.));
#2568=DIRECTION('center_axis',(0.,-1.,0.));
#2569=DIRECTION('ref_axis',(-1.,0.,0.));
#2570=DIRECTION('center_axis',(0.,1.,0.));
#2571=DIRECTION('ref_axis',(-1.,0.,0.));
#2572=DIRECTION('',(0.,-1.,0.));
#2573=DIRECTION('center_axis',(0.,-1.,0.));
#2574=DIRECTION('ref_axis',(-1.,0.,0.));
#2575=DIRECTION('center_axis',(0.,1.,0.));
#2576=DIRECTION('ref_axis',(-1.,0.,0.));
#2577=DIRECTION('',(0.,-1.,0.));
#2578=DIRECTION('center_axis',(0.,-1.,0.));
#2579=DIRECTION('ref_axis',(-1.,0.,0.));
#2580=DIRECTION('center_axis',(0.,1.,0.));
#2581=DIRECTION('ref_axis',(-1.,0.,0.));
#2582=DIRECTION('',(0.,-1.,0.));
#2583=DIRECTION('center_axis',(0.,-1.,0.));
#2584=DIRECTION('ref_axis',(-1.,0.,0.));
#2585=DIRECTION('center_axis',(0.,1.,0.));
#2586=DIRECTION('ref_axis',(-1.,0.,0.));
#2587=DIRECTION('',(0.,-1.,0.));
#2588=DIRECTION('center_axis',(0.,-1.,0.));
#2589=DIRECTION('ref_axis',(-1.,0.,0.));
#2590=DIRECTION('center_axis',(0.,1.,0.));
#2591=DIRECTION('ref_axis',(-1.,0.,0.));
#2592=DIRECTION('',(0.,-1.,0.));
#2593=DIRECTION('center_axis',(0.,-1.,0.));
#2594=DIRECTION('ref_axis',(-1.,0.,0.));
#2595=DIRECTION('center_axis',(0.,1.,0.));
#2596=DIRECTION('ref_axis',(-1.,0.,0.));
#2597=DIRECTION('',(0.,-1.,0.));
#2598=DIRECTION('center_axis',(0.,-1.,0.));
#2599=DIRECTION('ref_axis',(-1.,0.,0.));
#2600=DIRECTION('center_axis',(0.,1.,0.));
#2601=DIRECTION('ref_axis',(-1.,0.,0.));
#2602=DIRECTION('',(0.,-1.,0.));
#2603=DIRECTION('center_axis',(0.,-1.,0.));
#2604=DIRECTION('ref_axis',(-1.,0.,0.));
#2605=DIRECTION('center_axis',(0.,1.,0.));
#2606=DIRECTION('ref_axis',(-1.,0.,0.));
#2607=DIRECTION('',(0.,-1.,0.));
#2608=DIRECTION('center_axis',(0.,-1.,0.));
#2609=DIRECTION('ref_axis',(-1.,0.,0.));
#2610=DIRECTION('center_axis',(0.,1.,0.));
#2611=DIRECTION('ref_axis',(-1.,0.,0.));
#2612=DIRECTION('',(0.,-1.,0.));
#2613=DIRECTION('center_axis',(0.,-1.,0.));
#2614=DIRECTION('ref_axis',(-1.,0.,0.));
#2615=DIRECTION('center_axis',(0.,1.,0.));
#2616=DIRECTION('ref_axis',(-1.,0.,0.));
#2617=DIRECTION('',(0.,-1.,0.));
#2618=DIRECTION('center_axis',(0.,-1.,0.));
#2619=DIRECTION('ref_axis',(-1.,0.,0.));
#2620=DIRECTION('center_axis',(0.,1.,0.));
#2621=DIRECTION('ref_axis',(-1.,0.,0.));
#2622=DIRECTION('',(0.,-1.,0.));
#2623=DIRECTION('center_axis',(0.,-1.,0.));
#2624=DIRECTION('ref_axis',(-1.,0.,0.));
#2625=DIRECTION('center_axis',(0.,1.,0.));
#2626=DIRECTION('ref_axis',(-1.,0.,0.));
#2627=DIRECTION('',(0.,-1.,0.));
#2628=DIRECTION('center_axis',(0.,-1.,0.));
#2629=DIRECTION('ref_axis',(-1.,0.,0.));
#2630=DIRECTION('center_axis',(0.,1.,0.));
#2631=DIRECTION('ref_axis',(-1.,0.,0.));
#2632=DIRECTION('',(0.,-1.,0.));
#2633=DIRECTION('center_axis',(0.,-1.,0.));
#2634=DIRECTION('ref_axis',(-1.,0.,0.));
#2635=DIRECTION('center_axis',(0.,1.,0.));
#2636=DIRECTION('ref_axis',(-1.,0.,0.));
#2637=DIRECTION('',(0.,-1.,0.));
#2638=DIRECTION('center_axis',(0.,-1.,0.));
#2639=DIRECTION('ref_axis',(-1.,0.,0.));
#2640=DIRECTION('center_axis',(0.,1.,0.));
#2641=DIRECTION('ref_axis',(-1.,0.,0.));
#2642=DIRECTION('',(0.,-1.,0.));
#2643=DIRECTION('center_axis',(0.,-1.,0.));
#2644=DIRECTION('ref_axis',(-1.,0.,0.));
#2645=DIRECTION('center_axis',(0.,1.,0.));
#2646=DIRECTION('ref_axis',(-1.,0.,0.));
#2647=DIRECTION('',(0.,-1.,0.));
#2648=DIRECTION('center_axis',(0.,-1.,0.));
#2649=DIRECTION('ref_axis',(-1.,0.,0.));
#2650=DIRECTION('center_axis',(0.,1.,0.));
#2651=DIRECTION('ref_axis',(-1.,0.,0.));
#2652=DIRECTION('',(0.,-1.,0.));
#2653=DIRECTION('center_axis',(0.,-1.,0.));
#2654=DIRECTION('ref_axis',(-1.,0.,0.));
#2655=DIRECTION('center_axis',(0.,1.,0.));
#2656=DIRECTION('ref_axis',(-1.,0.,0.));
#2657=DIRECTION('',(0.,-1.,0.));
#2658=DIRECTION('center_axis',(0.,-1.,0.));
#2659=DIRECTION('ref_axis',(-1.,0.,0.));
#2660=DIRECTION('center_axis',(0.,1.,0.));
#2661=DIRECTION('ref_axis',(-1.,0.,0.));
#2662=DIRECTION('',(0.,-1.,0.));
#2663=DIRECTION('center_axis',(0.,-1.,0.));
#2664=DIRECTION('ref_axis',(-1.,0.,0.));
#2665=DIRECTION('center_axis',(0.,1.,0.));
#2666=DIRECTION('ref_axis',(-1.,0.,0.));
#2667=DIRECTION('',(0.,-1.,0.));
#2668=DIRECTION('center_axis',(0.,-1.,0.));
#2669=DIRECTION('ref_axis',(-1.,0.,0.));
#2670=DIRECTION('center_axis',(0.,1.,0.));
#2671=DIRECTION('ref_axis',(-1.,0.,0.));
#2672=DIRECTION('',(0.,-1.,0.));
#2673=DIRECTION('center_axis',(0.,-1.,0.));
#2674=DIRECTION('ref_axis',(-1.,0.,0.));
#2675=DIRECTION('center_axis',(0.,1.,0.));
#2676=DIRECTION('ref_axis',(-1.,0.,0.));
#2677=DIRECTION('',(0.,-1.,0.));
#2678=DIRECTION('center_axis',(0.,-1.,0.));
#2679=DIRECTION('ref_axis',(-1.,0.,0.));
#2680=DIRECTION('center_axis',(0.,1.,0.));
#2681=DIRECTION('ref_axis',(-1.,0.,0.));
#2682=DIRECTION('',(0.,-1.,0.));
#2683=DIRECTION('center_axis',(0.,-1.,0.));
#2684=DIRECTION('ref_axis',(-1.,0.,0.));
#2685=DIRECTION('center_axis',(0.,1.,0.));
#2686=DIRECTION('ref_axis',(-1.,0.,0.));
#2687=DIRECTION('',(0.,-1.,0.));
#2688=DIRECTION('center_axis',(0.,-1.,0.));
#2689=DIRECTION('ref_axis',(-1.,0.,0.));
#2690=DIRECTION('center_axis',(0.,1.,0.));
#2691=DIRECTION('ref_axis',(-1.,0.,0.));
#2692=DIRECTION('',(0.,-1.,0.));
#2693=DIRECTION('center_axis',(0.,-1.,0.));
#2694=DIRECTION('ref_axis',(-1.,0.,0.));
#2695=DIRECTION('center_axis',(0.,1.,0.));
#2696=DIRECTION('ref_axis',(-1.,0.,0.));
#2697=DIRECTION('',(0.,-1.,0.));
#2698=DIRECTION('center_axis',(0.,-1.,0.));
#2699=DIRECTION('ref_axis',(-1.,0.,0.));
#2700=DIRECTION('center_axis',(0.,1.,0.));
#2701=DIRECTION('ref_axis',(-1.,0.,0.));
#2702=DIRECTION('',(0.,-1.,0.));
#2703=DIRECTION('center_axis',(0.,-1.,0.));
#2704=DIRECTION('ref_axis',(-1.,0.,0.));
#2705=DIRECTION('center_axis',(0.,1.,0.));
#2706=DIRECTION('ref_axis',(-1.,0.,0.));
#2707=DIRECTION('',(0.,-1.,0.));
#2708=DIRECTION('center_axis',(0.,-1.,0.));
#2709=DIRECTION('ref_axis',(-1.,0.,0.));
#2710=DIRECTION('center_axis',(0.,1.,0.));
#2711=DIRECTION('ref_axis',(-1.,0.,0.));
#2712=DIRECTION('',(0.,-1.,0.));
#2713=DIRECTION('center_axis',(0.,-1.,0.));
#2714=DIRECTION('ref_axis',(-1.,0.,0.));
#2715=DIRECTION('center_axis',(0.,1.,0.));
#2716=DIRECTION('ref_axis',(-1.,0.,0.));
#2717=DIRECTION('',(0.,-1.,0.));
#2718=DIRECTION('center_axis',(0.,-1.,0.));
#2719=DIRECTION('ref_axis',(-1.,0.,0.));
#2720=DIRECTION('center_axis',(0.,1.,0.));
#2721=DIRECTION('ref_axis',(-1.,0.,0.));
#2722=DIRECTION('',(0.,-1.,0.));
#2723=DIRECTION('center_axis',(0.,-1.,0.));
#2724=DIRECTION('ref_axis',(-1.,0.,0.));
#2725=DIRECTION('center_axis',(0.,1.,0.));
#2726=DIRECTION('ref_axis',(-1.,0.,0.));
#2727=DIRECTION('',(0.,-1.,0.));
#2728=DIRECTION('center_axis',(0.,-1.,0.));
#2729=DIRECTION('ref_axis',(-1.,0.,0.));
#2730=DIRECTION('center_axis',(0.,1.,0.));
#2731=DIRECTION('ref_axis',(-1.,0.,0.));
#2732=DIRECTION('',(0.,-1.,0.));
#2733=DIRECTION('center_axis',(0.,-1.,0.));
#2734=DIRECTION('ref_axis',(-1.,0.,0.));
#2735=DIRECTION('center_axis',(0.,1.,0.));
#2736=DIRECTION('ref_axis',(-1.,0.,0.));
#2737=DIRECTION('',(0.,-1.,0.));
#2738=DIRECTION('center_axis',(0.,-1.,0.));
#2739=DIRECTION('ref_axis',(-1.,0.,0.));
#2740=DIRECTION('center_axis',(0.,1.,0.));
#2741=DIRECTION('ref_axis',(-1.,0.,0.));
#2742=DIRECTION('',(0.,-1.,0.));
#2743=DIRECTION('center_axis',(0.,-1.,0.));
#2744=DIRECTION('ref_axis',(-1.,0.,0.));
#2745=DIRECTION('center_axis',(0.,1.,0.));
#2746=DIRECTION('ref_axis',(-1.,0.,0.));
#2747=DIRECTION('',(0.,-1.,0.));
#2748=DIRECTION('center_axis',(0.,-1.,0.));
#2749=DIRECTION('ref_axis',(-1.,0.,0.));
#2750=DIRECTION('center_axis',(0.,1.,0.));
#2751=DIRECTION('ref_axis',(-1.,0.,0.));
#2752=DIRECTION('',(0.,-1.,0.));
#2753=DIRECTION('center_axis',(0.,-1.,0.));
#2754=DIRECTION('ref_axis',(-1.,0.,0.));
#2755=DIRECTION('center_axis',(0.,1.,0.));
#2756=DIRECTION('ref_axis',(-1.,0.,0.));
#2757=DIRECTION('',(0.,-1.,0.));
#2758=DIRECTION('center_axis',(0.,-1.,0.));
#2759=DIRECTION('ref_axis',(-1.,0.,0.));
#2760=DIRECTION('center_axis',(0.,1.,0.));
#2761=DIRECTION('ref_axis',(-1.,0.,0.));
#2762=DIRECTION('',(0.,-1.,0.));
#2763=DIRECTION('center_axis',(0.,-1.,0.));
#2764=DIRECTION('ref_axis',(-1.,0.,0.));
#2765=DIRECTION('center_axis',(0.,1.,0.));
#2766=DIRECTION('ref_axis',(-1.,0.,0.));
#2767=DIRECTION('',(0.,-1.,0.));
#2768=DIRECTION('center_axis',(0.,-1.,0.));
#2769=DIRECTION('ref_axis',(-1.,0.,0.));
#2770=DIRECTION('center_axis',(0.,1.,0.));
#2771=DIRECTION('ref_axis',(-1.,0.,0.));
#2772=DIRECTION('',(0.,-1.,0.));
#2773=DIRECTION('center_axis',(0.,-1.,0.));
#2774=DIRECTION('ref_axis',(-1.,0.,0.));
#2775=DIRECTION('center_axis',(0.,1.,0.));
#2776=DIRECTION('ref_axis',(-1.,0.,0.));
#2777=DIRECTION('',(0.,-1.,0.));
#2778=DIRECTION('center_axis',(0.,-1.,0.));
#2779=DIRECTION('ref_axis',(-1.,0.,0.));
#2780=DIRECTION('center_axis',(0.,1.,0.));
#2781=DIRECTION('ref_axis',(-1.,0.,0.));
#2782=DIRECTION('',(0.,-1.,0.));
#2783=DIRECTION('center_axis',(0.,-1.,0.));
#2784=DIRECTION('ref_axis',(-1.,0.,0.));
#2785=DIRECTION('center_axis',(0.,1.,0.));
#2786=DIRECTION('ref_axis',(-1.,0.,0.));
#2787=DIRECTION('',(0.,-1.,0.));
#2788=DIRECTION('center_axis',(0.,-1.,0.));
#2789=DIRECTION('ref_axis',(-1.,0.,0.));
#2790=DIRECTION('center_axis',(0.,1.,0.));
#2791=DIRECTION('ref_axis',(-1.,0.,0.));
#2792=DIRECTION('',(0.,-1.,0.));
#2793=DIRECTION('center_axis',(0.,-1.,0.));
#2794=DIRECTION('ref_axis',(-1.,0.,0.));
#2795=DIRECTION('center_axis',(0.,1.,0.));
#2796=DIRECTION('ref_axis',(-1.,0.,0.));
#2797=DIRECTION('',(0.,-1.,0.));
#2798=DIRECTION('center_axis',(0.,-1.,0.));
#2799=DIRECTION('ref_axis',(-1.,0.,0.));
#2800=DIRECTION('center_axis',(0.,1.,0.));
#2801=DIRECTION('ref_axis',(-1.,0.,0.));
#2802=DIRECTION('',(0.,-1.,0.));
#2803=DIRECTION('center_axis',(0.,-1.,0.));
#2804=DIRECTION('ref_axis',(-1.,0.,0.));
#2805=DIRECTION('center_axis',(0.,1.,0.));
#2806=DIRECTION('ref_axis',(-1.,0.,0.));
#2807=DIRECTION('',(0.,-1.,0.));
#2808=DIRECTION('center_axis',(0.,-1.,0.));
#2809=DIRECTION('ref_axis',(-1.,0.,0.));
#2810=DIRECTION('center_axis',(0.,1.,0.));
#2811=DIRECTION('ref_axis',(-1.,0.,0.));
#2812=DIRECTION('',(0.,-1.,0.));
#2813=DIRECTION('center_axis',(0.,-1.,0.));
#2814=DIRECTION('ref_axis',(-1.,0.,0.));
#2815=DIRECTION('center_axis',(0.,1.,0.));
#2816=DIRECTION('ref_axis',(-1.,0.,0.));
#2817=DIRECTION('',(0.,-1.,0.));
#2818=DIRECTION('center_axis',(0.,-1.,0.));
#2819=DIRECTION('ref_axis',(-1.,0.,0.));
#2820=DIRECTION('center_axis',(0.,1.,0.));
#2821=DIRECTION('ref_axis',(-1.,0.,0.));
#2822=DIRECTION('',(0.,-1.,0.));
#2823=DIRECTION('center_axis',(0.,-1.,0.));
#2824=DIRECTION('ref_axis',(-1.,0.,0.));
#2825=DIRECTION('center_axis',(0.,1.,0.));
#2826=DIRECTION('ref_axis',(-1.,0.,0.));
#2827=DIRECTION('',(0.,-1.,0.));
#2828=DIRECTION('center_axis',(0.,-1.,0.));
#2829=DIRECTION('ref_axis',(-1.,0.,0.));
#2830=DIRECTION('center_axis',(0.,1.,0.));
#2831=DIRECTION('ref_axis',(-1.,0.,0.));
#2832=DIRECTION('',(0.,-1.,0.));
#2833=DIRECTION('center_axis',(0.,-1.,0.));
#2834=DIRECTION('ref_axis',(-1.,0.,0.));
#2835=DIRECTION('center_axis',(0.,1.,0.));
#2836=DIRECTION('ref_axis',(-1.,0.,0.));
#2837=DIRECTION('',(0.,-1.,0.));
#2838=DIRECTION('center_axis',(0.,-1.,0.));
#2839=DIRECTION('ref_axis',(-1.,0.,0.));
#2840=DIRECTION('center_axis',(0.,1.,0.));
#2841=DIRECTION('ref_axis',(-1.,0.,0.));
#2842=DIRECTION('',(0.,-1.,0.));
#2843=DIRECTION('center_axis',(0.,-1.,0.));
#2844=DIRECTION('ref_axis',(-1.,0.,0.));
#2845=DIRECTION('center_axis',(0.,1.,0.));
#2846=DIRECTION('ref_axis',(-1.,0.,0.));
#2847=DIRECTION('',(0.,-1.,0.));
#2848=DIRECTION('center_axis',(0.,-1.,0.));
#2849=DIRECTION('ref_axis',(-1.,0.,0.));
#2850=DIRECTION('center_axis',(0.,1.,0.));
#2851=DIRECTION('ref_axis',(-1.,0.,0.));
#2852=DIRECTION('',(0.,-1.,0.));
#2853=DIRECTION('center_axis',(0.,-1.,0.));
#2854=DIRECTION('ref_axis',(-1.,0.,0.));
#2855=DIRECTION('center_axis',(0.,1.,0.));
#2856=DIRECTION('ref_axis',(-1.,0.,0.));
#2857=DIRECTION('',(0.,-1.,0.));
#2858=DIRECTION('center_axis',(0.,-1.,0.));
#2859=DIRECTION('ref_axis',(-1.,0.,0.));
#2860=DIRECTION('center_axis',(0.,1.,0.));
#2861=DIRECTION('ref_axis',(-1.,0.,0.));
#2862=DIRECTION('',(0.,-1.,0.));
#2863=DIRECTION('center_axis',(0.,-1.,0.));
#2864=DIRECTION('ref_axis',(-1.,0.,0.));
#2865=DIRECTION('center_axis',(0.,1.,0.));
#2866=DIRECTION('ref_axis',(-1.,0.,0.));
#2867=DIRECTION('',(0.,-1.,0.));
#2868=DIRECTION('center_axis',(0.,-1.,0.));
#2869=DIRECTION('ref_axis',(-1.,0.,0.));
#2870=DIRECTION('center_axis',(0.,1.,0.));
#2871=DIRECTION('ref_axis',(-1.,0.,0.));
#2872=DIRECTION('',(0.,-1.,0.));
#2873=DIRECTION('center_axis',(0.,-1.,0.));
#2874=DIRECTION('ref_axis',(-1.,0.,0.));
#2875=DIRECTION('center_axis',(0.,1.,0.));
#2876=DIRECTION('ref_axis',(-1.,0.,0.));
#2877=DIRECTION('',(0.,-1.,0.));
#2878=DIRECTION('center_axis',(0.,-1.,0.));
#2879=DIRECTION('ref_axis',(-1.,0.,0.));
#2880=DIRECTION('center_axis',(0.,1.,0.));
#2881=DIRECTION('ref_axis',(-1.,0.,0.));
#2882=DIRECTION('',(0.,-1.,0.));
#2883=DIRECTION('center_axis',(0.,-1.,0.));
#2884=DIRECTION('ref_axis',(-1.,0.,0.));
#2885=DIRECTION('center_axis',(0.,1.,0.));
#2886=DIRECTION('ref_axis',(-1.,0.,0.));
#2887=DIRECTION('',(0.,-1.,0.));
#2888=DIRECTION('center_axis',(0.,-1.,0.));
#2889=DIRECTION('ref_axis',(-1.,0.,0.));
#2890=DIRECTION('center_axis',(0.,1.,0.));
#2891=DIRECTION('ref_axis',(-1.,0.,0.));
#2892=DIRECTION('',(0.,-1.,0.));
#2893=DIRECTION('center_axis',(0.,-1.,0.));
#2894=DIRECTION('ref_axis',(-1.,0.,0.));
#2895=DIRECTION('center_axis',(0.,1.,0.));
#2896=DIRECTION('ref_axis',(-1.,0.,0.));
#2897=DIRECTION('',(0.,-1.,0.));
#2898=DIRECTION('center_axis',(0.,-1.,0.));
#2899=DIRECTION('ref_axis',(-1.,0.,0.));
#2900=DIRECTION('center_axis',(0.,1.,0.));
#2901=DIRECTION('ref_axis',(-1.,0.,0.));
#2902=DIRECTION('',(0.,-1.,0.));
#2903=DIRECTION('center_axis',(0.,-1.,0.));
#2904=DIRECTION('ref_axis',(-1.,0.,0.));
#2905=DIRECTION('center_axis',(0.,1.,0.));
#2906=DIRECTION('ref_axis',(-1.,0.,0.));
#2907=DIRECTION('',(0.,-1.,0.));
#2908=DIRECTION('center_axis',(0.,-1.,0.));
#2909=DIRECTION('ref_axis',(-1.,0.,0.));
#2910=DIRECTION('center_axis',(0.,1.,0.));
#2911=DIRECTION('ref_axis',(-1.,0.,0.));
#2912=DIRECTION('',(0.,-1.,0.));
#2913=DIRECTION('center_axis',(0.,-1.,0.));
#2914=DIRECTION('ref_axis',(-1.,0.,0.));
#2915=DIRECTION('center_axis',(0.,1.,0.));
#2916=DIRECTION('ref_axis',(-1.,0.,0.));
#2917=DIRECTION('',(0.,-1.,0.));
#2918=DIRECTION('center_axis',(0.,-1.,0.));
#2919=DIRECTION('ref_axis',(-1.,0.,0.));
#2920=DIRECTION('center_axis',(0.,1.,0.));
#2921=DIRECTION('ref_axis',(-1.,0.,0.));
#2922=DIRECTION('',(0.,-1.,0.));
#2923=DIRECTION('center_axis',(0.,-1.,0.));
#2924=DIRECTION('ref_axis',(-1.,0.,0.));
#2925=DIRECTION('center_axis',(0.,1.,0.));
#2926=DIRECTION('ref_axis',(-1.,0.,0.));
#2927=CARTESIAN_POINT('',(0.,0.,0.));
#2928=CARTESIAN_POINT('Origin',(-27.0582724774368,85.,2.68719995144206));
#2929=CARTESIAN_POINT('',(-25.0582724774368,85.,2.68719995144206));
#2930=CARTESIAN_POINT('Origin',(-27.0582724774368,85.,2.68719995144206));
#2931=CARTESIAN_POINT('',(-25.0582724774368,80.,2.68719995144206));
#2932=CARTESIAN_POINT('',(-25.0582724774368,85.,2.68719995144206));
#2933=CARTESIAN_POINT('Origin',(-27.0582724774368,80.,2.68719995144206));
#2934=CARTESIAN_POINT('Origin',(57.9417275225632,85.,87.6871999514421));
#2935=CARTESIAN_POINT('',(59.9417275225632,85.,87.6871999514421));
#2936=CARTESIAN_POINT('Origin',(57.9417275225632,85.,87.6871999514421));
#2937=CARTESIAN_POINT('',(59.9417275225632,80.,87.6871999514421));
#2938=CARTESIAN_POINT('',(59.9417275225632,85.,87.6871999514421));
#2939=CARTESIAN_POINT('Origin',(57.9417275225632,80.,87.6871999514421));
#2940=CARTESIAN_POINT('Origin',(57.9417275225632,85.,2.68719995144206));
#2941=CARTESIAN_POINT('',(59.9417275225632,85.,2.68719995144206));
#2942=CARTESIAN_POINT('Origin',(57.9417275225632,85.,2.68719995144206));
#2943=CARTESIAN_POINT('',(59.9417275225632,80.,2.68719995144206));
#2944=CARTESIAN_POINT('',(59.9417275225632,85.,2.68719995144206));
#2945=CARTESIAN_POINT('Origin',(57.9417275225632,80.,2.68719995144206));
#2946=CARTESIAN_POINT('Origin',(-57.0582724774368,85.,87.6871999514421));
#2947=CARTESIAN_POINT('',(-55.0582724774368,85.,87.6871999514421));
#2948=CARTESIAN_POINT('Origin',(-57.0582724774368,85.,87.6871999514421));
#2949=CARTESIAN_POINT('',(-55.0582724774368,80.,87.6871999514421));
#2950=CARTESIAN_POINT('',(-55.0582724774368,85.,87.6871999514421));
#2951=CARTESIAN_POINT('Origin',(-57.0582724774368,80.,87.6871999514421));
#2952=CARTESIAN_POINT('Origin',(-59.0000008717179,84.5,27.2500000707805));
#2953=CARTESIAN_POINT('',(-59.0000008717179,85.,5.50000008940697));
#2954=CARTESIAN_POINT('',(-59.0000008717179,85.,10.000000141561));
#2955=CARTESIAN_POINT('',(-59.0000008717179,85.,27.2500000707805));
#2956=CARTESIAN_POINT('',(-58.5000008717179,84.5,9.50000014156103));
#2957=CARTESIAN_POINT('Origin',(-59.0000008717179,84.5,10.000000141561));
#2958=CARTESIAN_POINT('',(-58.5000008717179,84.5,6.00000008940697));
#2959=CARTESIAN_POINT('',(-58.5000008717179,84.5,27.2500000707805));
#2960=CARTESIAN_POINT('Origin',(-59.0000008717179,84.5,5.50000008940697));
#2961=CARTESIAN_POINT('Origin',(-24.7500003688037,84.5,10.000000141561));
#2962=CARTESIAN_POINT('',(-49.0000007376075,85.,10.000000141561));
#2963=CARTESIAN_POINT('',(-24.7500003688037,85.,10.000000141561));
#2964=CARTESIAN_POINT('',(-49.5000007376075,84.5,9.50000014156103));
#2965=CARTESIAN_POINT('Origin',(-49.0000007376075,84.5,10.000000141561));
#2966=CARTESIAN_POINT('',(-24.7500003688037,84.5,9.50000014156103));
#2967=CARTESIAN_POINT('Origin',(-49.0000007376075,84.5,25.5000000447035));
#2968=CARTESIAN_POINT('',(-49.0000007376075,85.,5.50000008940697));
#2969=CARTESIAN_POINT('',(-49.0000007376075,85.,25.5000000447035));
#2970=CARTESIAN_POINT('',(-49.5000007376075,84.5,6.00000008940697));
#2971=CARTESIAN_POINT('Origin',(-49.0000007376075,84.5,5.50000008940697));
#2972=CARTESIAN_POINT('',(-49.5000007376075,84.5,25.5000000447035));
#2973=CARTESIAN_POINT('Origin',(-29.250000435859,84.5,5.50000008940697));
#2974=CARTESIAN_POINT('',(-29.250000435859,84.5,6.00000008940697));
#2975=CARTESIAN_POINT('',(-29.250000435859,85.,5.50000008940697));
#2976=CARTESIAN_POINT('Origin',(-58.5000008717179,85.,6.00000008940697));
#2977=CARTESIAN_POINT('',(-58.5000008717179,80.,6.00000008940697));
#2978=CARTESIAN_POINT('',(-58.5000008717179,85.,6.00000008940697));
#2979=CARTESIAN_POINT('',(-49.5000007376075,80.,6.00000008940697));
#2980=CARTESIAN_POINT('',(-29.250000435859,80.,6.00000008940697));
#2981=CARTESIAN_POINT('',(-49.5000007376075,85.,6.00000008940697));
#2982=CARTESIAN_POINT('Origin',(-58.5000008717179,85.,9.50000014156103));
#2983=CARTESIAN_POINT('',(-58.5000008717179,80.,9.50000014156103));
#2984=CARTESIAN_POINT('',(-58.5000008717179,85.,9.50000014156103));
#2985=CARTESIAN_POINT('',(-58.5000008717179,80.,27.2500000707805));
#2986=CARTESIAN_POINT('Origin',(0.,85.,45.));
#2987=CARTESIAN_POINT('',(-65.,85.,90.));
#2988=CARTESIAN_POINT('',(-65.,85.,0.));
#2989=CARTESIAN_POINT('',(-65.,85.,22.5));
#2990=CARTESIAN_POINT('',(65.,85.,90.));
#2991=CARTESIAN_POINT('',(70.,85.,90.));
#2992=CARTESIAN_POINT('',(65.,85.,0.));
#2993=CARTESIAN_POINT('',(65.,85.,67.5));
#2994=CARTESIAN_POINT('',(-70.,85.,0.));
#2995=CARTESIAN_POINT('',(-23.,85.,30.5));
#2996=CARTESIAN_POINT('Origin',(-25.,85.,30.5));
#2997=CARTESIAN_POINT('',(-28.,85.,55.));
#2998=CARTESIAN_POINT('Origin',(-30.,85.,55.));
#2999=CARTESIAN_POINT('',(-28.,85.,45.));
#3000=CARTESIAN_POINT('Origin',(-30.,85.,45.));
#3001=CARTESIAN_POINT('',(-28.,85.,30.5));
#3002=CARTESIAN_POINT('Origin',(-30.,85.,30.5));
#3003=CARTESIAN_POINT('',(37.,85.,40.));
#3004=CARTESIAN_POINT('Origin',(35.,85.,40.));
#3005=CARTESIAN_POINT('',(32.,85.,59.5));
#3006=CARTESIAN_POINT('Origin',(30.,85.,59.5));
#3007=CARTESIAN_POINT('',(17.6,85.,50.));
#3008=CARTESIAN_POINT('Origin',(15.6,85.,50.));
#3009=CARTESIAN_POINT('',(32.,85.,50.));
#3010=CARTESIAN_POINT('Origin',(30.,85.,50.));
#3011=CARTESIAN_POINT('',(-18.,85.,50.));
#3012=CARTESIAN_POINT('Origin',(-20.,85.,50.));
#3013=CARTESIAN_POINT('',(42.,85.,45.));
#3014=CARTESIAN_POINT('Origin',(40.,85.,45.));
#3015=CARTESIAN_POINT('',(-23.,85.,40.));
#3016=CARTESIAN_POINT('Origin',(-25.,85.,40.));
#3017=CARTESIAN_POINT('',(37.,85.,35.));
#3018=CARTESIAN_POINT('Origin',(35.,85.,35.));
#3019=CARTESIAN_POINT('',(-13.5,85.,45.));
#3020=CARTESIAN_POINT('Origin',(-15.5,85.,45.));
#3021=CARTESIAN_POINT('',(-18.,85.,35.));
#3022=CARTESIAN_POINT('Origin',(-20.,85.,35.));
#3023=CARTESIAN_POINT('',(32.,85.,40.));
#3024=CARTESIAN_POINT('Origin',(30.,85.,40.));
#3025=CARTESIAN_POINT('',(42.,85.,50.));
#3026=CARTESIAN_POINT('Origin',(40.,85.,50.));
#3027=CARTESIAN_POINT('',(22.,85.,40.));
#3028=CARTESIAN_POINT('Origin',(20.,85.,40.));
#3029=CARTESIAN_POINT('',(-23.,85.,50.));
#3030=CARTESIAN_POINT('Origin',(-25.,85.,50.));
#3031=CARTESIAN_POINT('',(37.,85.,55.));
#3032=CARTESIAN_POINT('Origin',(35.,85.,55.));
#3033=CARTESIAN_POINT('',(-33.,85.,50.));
#3034=CARTESIAN_POINT('Origin',(-35.,85.,50.));
#3035=CARTESIAN_POINT('',(-28.,85.,35.));
#3036=CARTESIAN_POINT('Origin',(-30.,85.,35.));
#3037=CARTESIAN_POINT('',(-38.,85.,50.));
#3038=CARTESIAN_POINT('Origin',(-40.,85.,50.));
#3039=CARTESIAN_POINT('',(-13.5,85.,50.));
#3040=CARTESIAN_POINT('Origin',(-15.5,85.,50.));
#3041=CARTESIAN_POINT('',(27.,85.,35.));
#3042=CARTESIAN_POINT('Origin',(25.,85.,35.));
#3043=CARTESIAN_POINT('',(-38.,85.,55.));
#3044=CARTESIAN_POINT('Origin',(-40.,85.,55.));
#3045=CARTESIAN_POINT('',(37.,85.,50.));
#3046=CARTESIAN_POINT('Origin',(35.,85.,50.));
#3047=CARTESIAN_POINT('',(-28.,85.,50.));
#3048=CARTESIAN_POINT('Origin',(-30.,85.,50.));
#3049=CARTESIAN_POINT('',(32.,85.,45.));
#3050=CARTESIAN_POINT('Origin',(30.,85.,45.));
#3051=CARTESIAN_POINT('',(-23.,85.,55.));
#3052=CARTESIAN_POINT('Origin',(-25.,85.,55.));
#3053=CARTESIAN_POINT('',(42.,85.,35.));
#3054=CARTESIAN_POINT('Origin',(40.,85.,35.));
#3055=CARTESIAN_POINT('',(27.,85.,55.));
#3056=CARTESIAN_POINT('Origin',(25.,85.,55.));
#3057=CARTESIAN_POINT('',(22.,85.,55.));
#3058=CARTESIAN_POINT('Origin',(20.,85.,55.));
#3059=CARTESIAN_POINT('',(46.5,85.,45.));
#3060=CARTESIAN_POINT('Origin',(44.5,85.,45.));
#3061=CARTESIAN_POINT('',(27.,85.,40.));
#3062=CARTESIAN_POINT('Origin',(25.,85.,40.));
#3063=CARTESIAN_POINT('',(22.,85.,50.));
#3064=CARTESIAN_POINT('Origin',(20.,85.,50.));
#3065=CARTESIAN_POINT('',(32.,85.,35.));
#3066=CARTESIAN_POINT('Origin',(30.,85.,35.));
#3067=CARTESIAN_POINT('',(22.,85.,35.));
#3068=CARTESIAN_POINT('Origin',(20.,85.,35.));
#3069=CARTESIAN_POINT('',(-18.,85.,45.));
#3070=CARTESIAN_POINT('Origin',(-20.,85.,45.));
#3071=CARTESIAN_POINT('',(27.,85.,59.5));
#3072=CARTESIAN_POINT('Origin',(25.,85.,59.5));
#3073=CARTESIAN_POINT('',(-38.,85.,45.));
#3074=CARTESIAN_POINT('Origin',(-40.,85.,45.));
#3075=CARTESIAN_POINT('',(-33.,85.,30.5));
#3076=CARTESIAN_POINT('Origin',(-35.,85.,30.5));
#3077=CARTESIAN_POINT('',(-33.,85.,55.));
#3078=CARTESIAN_POINT('Origin',(-35.,85.,55.));
#3079=CARTESIAN_POINT('',(42.,85.,40.));
#3080=CARTESIAN_POINT('Origin',(40.,85.,40.));
#3081=CARTESIAN_POINT('',(-33.,85.,35.));
#3082=CARTESIAN_POINT('Origin',(-35.,85.,35.));
#3083=CARTESIAN_POINT('',(27.,85.,50.));
#3084=CARTESIAN_POINT('Origin',(25.,85.,50.));
#3085=CARTESIAN_POINT('',(32.,85.,30.5));
#3086=CARTESIAN_POINT('Origin',(30.,85.,30.5));
#3087=CARTESIAN_POINT('',(-33.,85.,45.));
#3088=CARTESIAN_POINT('Origin',(-35.,85.,45.));
#3089=CARTESIAN_POINT('',(-42.4,85.,50.));
#3090=CARTESIAN_POINT('Origin',(-44.4,85.,50.));
#3091=CARTESIAN_POINT('',(22.,85.,45.));
#3092=CARTESIAN_POINT('Origin',(20.,85.,45.));
#3093=CARTESIAN_POINT('',(-33.,85.,59.5));
#3094=CARTESIAN_POINT('Origin',(-35.,85.,59.5));
#3095=CARTESIAN_POINT('',(46.5,85.,40.));
#3096=CARTESIAN_POINT('Origin',(44.5,85.,40.));
#3097=CARTESIAN_POINT('',(-38.,85.,35.));
#3098=CARTESIAN_POINT('Origin',(-40.,85.,35.));
#3099=CARTESIAN_POINT('',(32.,85.,55.));
#3100=CARTESIAN_POINT('Origin',(30.,85.,55.));
#3101=CARTESIAN_POINT('',(27.,85.,30.5));
#3102=CARTESIAN_POINT('Origin',(25.,85.,30.5));
#3103=CARTESIAN_POINT('',(37.,85.,45.));
#3104=CARTESIAN_POINT('Origin',(35.,85.,45.));
#3105=CARTESIAN_POINT('',(-28.,85.,40.));
#3106=CARTESIAN_POINT('Origin',(-30.,85.,40.));
#3107=CARTESIAN_POINT('',(17.6,85.,40.));
#3108=CARTESIAN_POINT('Origin',(15.6,85.,40.));
#3109=CARTESIAN_POINT('',(-33.,85.,40.));
#3110=CARTESIAN_POINT('Origin',(-35.,85.,40.));
#3111=CARTESIAN_POINT('',(27.,85.,45.));
#3112=CARTESIAN_POINT('Origin',(25.,85.,45.));
#3113=CARTESIAN_POINT('',(17.6,85.,45.));
#3114=CARTESIAN_POINT('Origin',(15.6,85.,45.));
#3115=CARTESIAN_POINT('',(37.,85.,30.5));
#3116=CARTESIAN_POINT('Origin',(35.,85.,30.5));
#3117=CARTESIAN_POINT('',(-28.,85.,59.5));
#3118=CARTESIAN_POINT('Origin',(-30.,85.,59.5));
#3119=CARTESIAN_POINT('',(-23.,85.,45.));
#3120=CARTESIAN_POINT('Origin',(-25.,85.,45.));
#3121=CARTESIAN_POINT('',(-18.,85.,40.));
#3122=CARTESIAN_POINT('Origin',(-20.,85.,40.));
#3123=CARTESIAN_POINT('',(-38.,85.,40.));
#3124=CARTESIAN_POINT('Origin',(-40.,85.,40.));
#3125=CARTESIAN_POINT('',(-13.5,85.,40.));
#3126=CARTESIAN_POINT('Origin',(-15.5,85.,40.));
#3127=CARTESIAN_POINT('',(-23.,85.,35.));
#3128=CARTESIAN_POINT('Origin',(-25.,85.,35.));
#3129=CARTESIAN_POINT('',(-18.,85.,55.));
#3130=CARTESIAN_POINT('Origin',(-20.,85.,55.));
#3131=CARTESIAN_POINT('',(42.,85.,55.));
#3132=CARTESIAN_POINT('Origin',(40.,85.,55.));
#3133=CARTESIAN_POINT('',(37.,85.,59.5));
#3134=CARTESIAN_POINT('Origin',(35.,85.,59.5));
#3135=CARTESIAN_POINT('',(-42.4,85.,40.));
#3136=CARTESIAN_POINT('Origin',(-44.4,85.,40.));
#3137=CARTESIAN_POINT('',(-23.,85.,59.5));
#3138=CARTESIAN_POINT('Origin',(-25.,85.,59.5));
#3139=CARTESIAN_POINT('',(46.5,85.,50.));
#3140=CARTESIAN_POINT('Origin',(44.5,85.,50.));
#3141=CARTESIAN_POINT('',(-42.4,85.,45.));
#3142=CARTESIAN_POINT('Origin',(-44.4,85.,45.));
#3143=CARTESIAN_POINT('Origin',(-49.5000007376075,85.,6.00000008940697));
#3144=CARTESIAN_POINT('',(-49.5000007376075,80.,9.50000014156103));
#3145=CARTESIAN_POINT('',(-49.5000007376075,80.,25.5000000447035));
#3146=CARTESIAN_POINT('',(-49.5000007376075,85.,9.50000014156103));
#3147=CARTESIAN_POINT('Origin',(-49.5000007376075,85.,9.50000014156103));
#3148=CARTESIAN_POINT('',(-24.7500003688037,80.,9.50000014156103));
#3149=CARTESIAN_POINT('Origin',(-65.,80.,22.5));
#3150=CARTESIAN_POINT('',(-70.,80.,90.));
#3151=CARTESIAN_POINT('Origin',(-65.,80.,90.));
#3152=CARTESIAN_POINT('',(-70.,80.,0.));
#3153=CARTESIAN_POINT('Origin',(-65.,80.,0.));
#3154=CARTESIAN_POINT('',(-70.,80.,90.));
#3155=CARTESIAN_POINT('Origin',(-70.,80.,90.));
#3156=CARTESIAN_POINT('',(70.,80.,90.));
#3157=CARTESIAN_POINT('',(70.,80.,90.));
#3158=CARTESIAN_POINT('Origin',(65.,80.,90.));
#3159=CARTESIAN_POINT('Origin',(65.,80.,67.5));
#3160=CARTESIAN_POINT('',(70.,80.,0.));
#3161=CARTESIAN_POINT('Origin',(65.,80.,0.));
#3162=CARTESIAN_POINT('',(70.,80.,0.));
#3163=CARTESIAN_POINT('Origin',(70.,80.,0.));
#3164=CARTESIAN_POINT('',(-70.,80.,0.));
#3165=CARTESIAN_POINT('Origin',(-44.4,80.,45.));
#3166=CARTESIAN_POINT('',(-42.4,80.,45.));
#3167=CARTESIAN_POINT('',(-42.4,80.,45.));
#3168=CARTESIAN_POINT('Origin',(-44.4,80.,45.));
#3169=CARTESIAN_POINT('Origin',(44.5,80.,50.));
#3170=CARTESIAN_POINT('',(46.5,80.,50.));
#3171=CARTESIAN_POINT('',(46.5,80.,50.));
#3172=CARTESIAN_POINT('Origin',(44.5,80.,50.));
#3173=CARTESIAN_POINT('Origin',(-25.,80.,59.5));
#3174=CARTESIAN_POINT('',(-23.,80.,59.5));
#3175=CARTESIAN_POINT('',(-23.,80.,59.5));
#3176=CARTESIAN_POINT('Origin',(-25.,80.,59.5));
#3177=CARTESIAN_POINT('Origin',(-44.4,80.,40.));
#3178=CARTESIAN_POINT('',(-42.4,80.,40.));
#3179=CARTESIAN_POINT('',(-42.4,80.,40.));
#3180=CARTESIAN_POINT('Origin',(-44.4,80.,40.));
#3181=CARTESIAN_POINT('Origin',(35.,80.,59.5));
#3182=CARTESIAN_POINT('',(37.,80.,59.5));
#3183=CARTESIAN_POINT('',(37.,80.,59.5));
#3184=CARTESIAN_POINT('Origin',(35.,80.,59.5));
#3185=CARTESIAN_POINT('Origin',(40.,80.,55.));
#3186=CARTESIAN_POINT('',(42.,80.,55.));
#3187=CARTESIAN_POINT('',(42.,80.,55.));
#3188=CARTESIAN_POINT('Origin',(40.,80.,55.));
#3189=CARTESIAN_POINT('Origin',(-20.,80.,55.));
#3190=CARTESIAN_POINT('',(-18.,80.,55.));
#3191=CARTESIAN_POINT('',(-18.,80.,55.));
#3192=CARTESIAN_POINT('Origin',(-20.,80.,55.));
#3193=CARTESIAN_POINT('Origin',(-25.,80.,35.));
#3194=CARTESIAN_POINT('',(-23.,80.,35.));
#3195=CARTESIAN_POINT('',(-23.,80.,35.));
#3196=CARTESIAN_POINT('Origin',(-25.,80.,35.));
#3197=CARTESIAN_POINT('Origin',(-15.5,80.,40.));
#3198=CARTESIAN_POINT('',(-13.5,80.,40.));
#3199=CARTESIAN_POINT('',(-13.5,80.,40.));
#3200=CARTESIAN_POINT('Origin',(-15.5,80.,40.));
#3201=CARTESIAN_POINT('Origin',(-40.,80.,40.));
#3202=CARTESIAN_POINT('',(-38.,80.,40.));
#3203=CARTESIAN_POINT('',(-38.,80.,40.));
#3204=CARTESIAN_POINT('Origin',(-40.,80.,40.));
#3205=CARTESIAN_POINT('Origin',(-20.,80.,40.));
#3206=CARTESIAN_POINT('',(-18.,80.,40.));
#3207=CARTESIAN_POINT('',(-18.,80.,40.));
#3208=CARTESIAN_POINT('Origin',(-20.,80.,40.));
#3209=CARTESIAN_POINT('Origin',(-25.,80.,45.));
#3210=CARTESIAN_POINT('',(-23.,80.,45.));
#3211=CARTESIAN_POINT('',(-23.,80.,45.));
#3212=CARTESIAN_POINT('Origin',(-25.,80.,45.));
#3213=CARTESIAN_POINT('Origin',(-30.,80.,59.5));
#3214=CARTESIAN_POINT('',(-28.,80.,59.5));
#3215=CARTESIAN_POINT('',(-28.,80.,59.5));
#3216=CARTESIAN_POINT('Origin',(-30.,80.,59.5));
#3217=CARTESIAN_POINT('Origin',(35.,80.,30.5));
#3218=CARTESIAN_POINT('',(37.,80.,30.5));
#3219=CARTESIAN_POINT('',(37.,80.,30.5));
#3220=CARTESIAN_POINT('Origin',(35.,80.,30.5));
#3221=CARTESIAN_POINT('Origin',(15.6,80.,45.));
#3222=CARTESIAN_POINT('',(17.6,80.,45.));
#3223=CARTESIAN_POINT('',(17.6,80.,45.));
#3224=CARTESIAN_POINT('Origin',(15.6,80.,45.));
#3225=CARTESIAN_POINT('Origin',(25.,80.,45.));
#3226=CARTESIAN_POINT('',(27.,80.,45.));
#3227=CARTESIAN_POINT('',(27.,80.,45.));
#3228=CARTESIAN_POINT('Origin',(25.,80.,45.));
#3229=CARTESIAN_POINT('Origin',(-35.,80.,40.));
#3230=CARTESIAN_POINT('',(-33.,80.,40.));
#3231=CARTESIAN_POINT('',(-33.,80.,40.));
#3232=CARTESIAN_POINT('Origin',(-35.,80.,40.));
#3233=CARTESIAN_POINT('Origin',(15.6,80.,40.));
#3234=CARTESIAN_POINT('',(17.6,80.,40.));
#3235=CARTESIAN_POINT('',(17.6,80.,40.));
#3236=CARTESIAN_POINT('Origin',(15.6,80.,40.));
#3237=CARTESIAN_POINT('Origin',(-30.,80.,40.));
#3238=CARTESIAN_POINT('',(-28.,80.,40.));
#3239=CARTESIAN_POINT('',(-28.,80.,40.));
#3240=CARTESIAN_POINT('Origin',(-30.,80.,40.));
#3241=CARTESIAN_POINT('Origin',(35.,80.,45.));
#3242=CARTESIAN_POINT('',(37.,80.,45.));
#3243=CARTESIAN_POINT('',(37.,80.,45.));
#3244=CARTESIAN_POINT('Origin',(35.,80.,45.));
#3245=CARTESIAN_POINT('Origin',(25.,80.,30.5));
#3246=CARTESIAN_POINT('',(27.,80.,30.5));
#3247=CARTESIAN_POINT('',(27.,80.,30.5));
#3248=CARTESIAN_POINT('Origin',(25.,80.,30.5));
#3249=CARTESIAN_POINT('Origin',(30.,80.,55.));
#3250=CARTESIAN_POINT('',(32.,80.,55.));
#3251=CARTESIAN_POINT('',(32.,80.,55.));
#3252=CARTESIAN_POINT('Origin',(30.,80.,55.));
#3253=CARTESIAN_POINT('Origin',(-40.,80.,35.));
#3254=CARTESIAN_POINT('',(-38.,80.,35.));
#3255=CARTESIAN_POINT('',(-38.,80.,35.));
#3256=CARTESIAN_POINT('Origin',(-40.,80.,35.));
#3257=CARTESIAN_POINT('Origin',(44.5,80.,40.));
#3258=CARTESIAN_POINT('',(46.5,80.,40.));
#3259=CARTESIAN_POINT('',(46.5,80.,40.));
#3260=CARTESIAN_POINT('Origin',(44.5,80.,40.));
#3261=CARTESIAN_POINT('Origin',(-35.,80.,59.5));
#3262=CARTESIAN_POINT('',(-33.,80.,59.5));
#3263=CARTESIAN_POINT('',(-33.,80.,59.5));
#3264=CARTESIAN_POINT('Origin',(-35.,80.,59.5));
#3265=CARTESIAN_POINT('Origin',(20.,80.,45.));
#3266=CARTESIAN_POINT('',(22.,80.,45.));
#3267=CARTESIAN_POINT('',(22.,80.,45.));
#3268=CARTESIAN_POINT('Origin',(20.,80.,45.));
#3269=CARTESIAN_POINT('Origin',(-44.4,80.,50.));
#3270=CARTESIAN_POINT('',(-42.4,80.,50.));
#3271=CARTESIAN_POINT('',(-42.4,80.,50.));
#3272=CARTESIAN_POINT('Origin',(-44.4,80.,50.));
#3273=CARTESIAN_POINT('Origin',(-35.,80.,45.));
#3274=CARTESIAN_POINT('',(-33.,80.,45.));
#3275=CARTESIAN_POINT('',(-33.,80.,45.));
#3276=CARTESIAN_POINT('Origin',(-35.,80.,45.));
#3277=CARTESIAN_POINT('Origin',(30.,80.,30.5));
#3278=CARTESIAN_POINT('',(32.,80.,30.5));
#3279=CARTESIAN_POINT('',(32.,80.,30.5));
#3280=CARTESIAN_POINT('Origin',(30.,80.,30.5));
#3281=CARTESIAN_POINT('Origin',(25.,80.,50.));
#3282=CARTESIAN_POINT('',(27.,80.,50.));
#3283=CARTESIAN_POINT('',(27.,80.,50.));
#3284=CARTESIAN_POINT('Origin',(25.,80.,50.));
#3285=CARTESIAN_POINT('Origin',(-35.,80.,35.));
#3286=CARTESIAN_POINT('',(-33.,80.,35.));
#3287=CARTESIAN_POINT('',(-33.,80.,35.));
#3288=CARTESIAN_POINT('Origin',(-35.,80.,35.));
#3289=CARTESIAN_POINT('Origin',(40.,80.,40.));
#3290=CARTESIAN_POINT('',(42.,80.,40.));
#3291=CARTESIAN_POINT('',(42.,80.,40.));
#3292=CARTESIAN_POINT('Origin',(40.,80.,40.));
#3293=CARTESIAN_POINT('Origin',(-35.,80.,55.));
#3294=CARTESIAN_POINT('',(-33.,80.,55.));
#3295=CARTESIAN_POINT('',(-33.,80.,55.));
#3296=CARTESIAN_POINT('Origin',(-35.,80.,55.));
#3297=CARTESIAN_POINT('Origin',(-35.,80.,30.5));
#3298=CARTESIAN_POINT('',(-33.,80.,30.5));
#3299=CARTESIAN_POINT('',(-33.,80.,30.5));
#3300=CARTESIAN_POINT('Origin',(-35.,80.,30.5));
#3301=CARTESIAN_POINT('Origin',(-40.,80.,45.));
#3302=CARTESIAN_POINT('',(-38.,80.,45.));
#3303=CARTESIAN_POINT('',(-38.,80.,45.));
#3304=CARTESIAN_POINT('Origin',(-40.,80.,45.));
#3305=CARTESIAN_POINT('Origin',(25.,80.,59.5));
#3306=CARTESIAN_POINT('',(27.,80.,59.5));
#3307=CARTESIAN_POINT('',(27.,80.,59.5));
#3308=CARTESIAN_POINT('Origin',(25.,80.,59.5));
#3309=CARTESIAN_POINT('Origin',(-20.,80.,45.));
#3310=CARTESIAN_POINT('',(-18.,80.,45.));
#3311=CARTESIAN_POINT('',(-18.,80.,45.));
#3312=CARTESIAN_POINT('Origin',(-20.,80.,45.));
#3313=CARTESIAN_POINT('Origin',(20.,80.,35.));
#3314=CARTESIAN_POINT('',(22.,80.,35.));
#3315=CARTESIAN_POINT('',(22.,80.,35.));
#3316=CARTESIAN_POINT('Origin',(20.,80.,35.));
#3317=CARTESIAN_POINT('Origin',(30.,80.,35.));
#3318=CARTESIAN_POINT('',(32.,80.,35.));
#3319=CARTESIAN_POINT('',(32.,80.,35.));
#3320=CARTESIAN_POINT('Origin',(30.,80.,35.));
#3321=CARTESIAN_POINT('Origin',(20.,80.,50.));
#3322=CARTESIAN_POINT('',(22.,80.,50.));
#3323=CARTESIAN_POINT('',(22.,80.,50.));
#3324=CARTESIAN_POINT('Origin',(20.,80.,50.));
#3325=CARTESIAN_POINT('Origin',(25.,80.,40.));
#3326=CARTESIAN_POINT('',(27.,80.,40.));
#3327=CARTESIAN_POINT('',(27.,80.,40.));
#3328=CARTESIAN_POINT('Origin',(25.,80.,40.));
#3329=CARTESIAN_POINT('Origin',(44.5,80.,45.));
#3330=CARTESIAN_POINT('',(46.5,80.,45.));
#3331=CARTESIAN_POINT('',(46.5,80.,45.));
#3332=CARTESIAN_POINT('Origin',(44.5,80.,45.));
#3333=CARTESIAN_POINT('Origin',(20.,80.,55.));
#3334=CARTESIAN_POINT('',(22.,80.,55.));
#3335=CARTESIAN_POINT('',(22.,80.,55.));
#3336=CARTESIAN_POINT('Origin',(20.,80.,55.));
#3337=CARTESIAN_POINT('Origin',(25.,80.,55.));
#3338=CARTESIAN_POINT('',(27.,80.,55.));
#3339=CARTESIAN_POINT('',(27.,80.,55.));
#3340=CARTESIAN_POINT('Origin',(25.,80.,55.));
#3341=CARTESIAN_POINT('Origin',(40.,80.,35.));
#3342=CARTESIAN_POINT('',(42.,80.,35.));
#3343=CARTESIAN_POINT('',(42.,80.,35.));
#3344=CARTESIAN_POINT('Origin',(40.,80.,35.));
#3345=CARTESIAN_POINT('Origin',(-25.,80.,55.));
#3346=CARTESIAN_POINT('',(-23.,80.,55.));
#3347=CARTESIAN_POINT('',(-23.,80.,55.));
#3348=CARTESIAN_POINT('Origin',(-25.,80.,55.));
#3349=CARTESIAN_POINT('Origin',(30.,80.,45.));
#3350=CARTESIAN_POINT('',(32.,80.,45.));
#3351=CARTESIAN_POINT('',(32.,80.,45.));
#3352=CARTESIAN_POINT('Origin',(30.,80.,45.));
#3353=CARTESIAN_POINT('Origin',(-30.,80.,50.));
#3354=CARTESIAN_POINT('',(-28.,80.,50.));
#3355=CARTESIAN_POINT('',(-28.,80.,50.));
#3356=CARTESIAN_POINT('Origin',(-30.,80.,50.));
#3357=CARTESIAN_POINT('Origin',(35.,80.,50.));
#3358=CARTESIAN_POINT('',(37.,80.,50.));
#3359=CARTESIAN_POINT('',(37.,80.,50.));
#3360=CARTESIAN_POINT('Origin',(35.,80.,50.));
#3361=CARTESIAN_POINT('Origin',(-40.,80.,55.));
#3362=CARTESIAN_POINT('',(-38.,80.,55.));
#3363=CARTESIAN_POINT('',(-38.,80.,55.));
#3364=CARTESIAN_POINT('Origin',(-40.,80.,55.));
#3365=CARTESIAN_POINT('Origin',(25.,80.,35.));
#3366=CARTESIAN_POINT('',(27.,80.,35.));
#3367=CARTESIAN_POINT('',(27.,80.,35.));
#3368=CARTESIAN_POINT('Origin',(25.,80.,35.));
#3369=CARTESIAN_POINT('Origin',(-15.5,80.,50.));
#3370=CARTESIAN_POINT('',(-13.5,80.,50.));
#3371=CARTESIAN_POINT('',(-13.5,80.,50.));
#3372=CARTESIAN_POINT('Origin',(-15.5,80.,50.));
#3373=CARTESIAN_POINT('Origin',(-40.,80.,50.));
#3374=CARTESIAN_POINT('',(-38.,80.,50.));
#3375=CARTESIAN_POINT('',(-38.,80.,50.));
#3376=CARTESIAN_POINT('Origin',(-40.,80.,50.));
#3377=CARTESIAN_POINT('Origin',(-30.,80.,35.));
#3378=CARTESIAN_POINT('',(-28.,80.,35.));
#3379=CARTESIAN_POINT('',(-28.,80.,35.));
#3380=CARTESIAN_POINT('Origin',(-30.,80.,35.));
#3381=CARTESIAN_POINT('Origin',(-35.,80.,50.));
#3382=CARTESIAN_POINT('',(-33.,80.,50.));
#3383=CARTESIAN_POINT('',(-33.,80.,50.));
#3384=CARTESIAN_POINT('Origin',(-35.,80.,50.));
#3385=CARTESIAN_POINT('Origin',(35.,80.,55.));
#3386=CARTESIAN_POINT('',(37.,80.,55.));
#3387=CARTESIAN_POINT('',(37.,80.,55.));
#3388=CARTESIAN_POINT('Origin',(35.,80.,55.));
#3389=CARTESIAN_POINT('Origin',(-25.,80.,50.));
#3390=CARTESIAN_POINT('',(-23.,80.,50.));
#3391=CARTESIAN_POINT('',(-23.,80.,50.));
#3392=CARTESIAN_POINT('Origin',(-25.,80.,50.));
#3393=CARTESIAN_POINT('Origin',(20.,80.,40.));
#3394=CARTESIAN_POINT('',(22.,80.,40.));
#3395=CARTESIAN_POINT('',(22.,80.,40.));
#3396=CARTESIAN_POINT('Origin',(20.,80.,40.));
#3397=CARTESIAN_POINT('Origin',(40.,80.,50.));
#3398=CARTESIAN_POINT('',(42.,80.,50.));
#3399=CARTESIAN_POINT('',(42.,80.,50.));
#3400=CARTESIAN_POINT('Origin',(40.,80.,50.));
#3401=CARTESIAN_POINT('Origin',(30.,80.,40.));
#3402=CARTESIAN_POINT('',(32.,80.,40.));
#3403=CARTESIAN_POINT('',(32.,80.,40.));
#3404=CARTESIAN_POINT('Origin',(30.,80.,40.));
#3405=CARTESIAN_POINT('Origin',(-20.,80.,35.));
#3406=CARTESIAN_POINT('',(-18.,80.,35.));
#3407=CARTESIAN_POINT('',(-18.,80.,35.));
#3408=CARTESIAN_POINT('Origin',(-20.,80.,35.));
#3409=CARTESIAN_POINT('Origin',(-15.5,80.,45.));
#3410=CARTESIAN_POINT('',(-13.5,80.,45.));
#3411=CARTESIAN_POINT('',(-13.5,80.,45.));
#3412=CARTESIAN_POINT('Origin',(-15.5,80.,45.));
#3413=CARTESIAN_POINT('Origin',(35.,80.,35.));
#3414=CARTESIAN_POINT('',(37.,80.,35.));
#3415=CARTESIAN_POINT('',(37.,80.,35.));
#3416=CARTESIAN_POINT('Origin',(35.,80.,35.));
#3417=CARTESIAN_POINT('Origin',(-25.,80.,40.));
#3418=CARTESIAN_POINT('',(-23.,80.,40.));
#3419=CARTESIAN_POINT('',(-23.,80.,40.));
#3420=CARTESIAN_POINT('Origin',(-25.,80.,40.));
#3421=CARTESIAN_POINT('Origin',(40.,80.,45.));
#3422=CARTESIAN_POINT('',(42.,80.,45.));
#3423=CARTESIAN_POINT('',(42.,80.,45.));
#3424=CARTESIAN_POINT('Origin',(40.,80.,45.));
#3425=CARTESIAN_POINT('Origin',(-20.,80.,50.));
#3426=CARTESIAN_POINT('',(-18.,80.,50.));
#3427=CARTESIAN_POINT('',(-18.,80.,50.));
#3428=CARTESIAN_POINT('Origin',(-20.,80.,50.));
#3429=CARTESIAN_POINT('Origin',(30.,80.,50.));
#3430=CARTESIAN_POINT('',(32.,80.,50.));
#3431=CARTESIAN_POINT('',(32.,80.,50.));
#3432=CARTESIAN_POINT('Origin',(30.,80.,50.));
#3433=CARTESIAN_POINT('Origin',(15.6,80.,50.));
#3434=CARTESIAN_POINT('',(17.6,80.,50.));
#3435=CARTESIAN_POINT('',(17.6,80.,50.));
#3436=CARTESIAN_POINT('Origin',(15.6,80.,50.));
#3437=CARTESIAN_POINT('Origin',(30.,80.,59.5));
#3438=CARTESIAN_POINT('',(32.,80.,59.5));
#3439=CARTESIAN_POINT('',(32.,80.,59.5));
#3440=CARTESIAN_POINT('Origin',(30.,80.,59.5));
#3441=CARTESIAN_POINT('Origin',(35.,80.,40.));
#3442=CARTESIAN_POINT('',(37.,80.,40.));
#3443=CARTESIAN_POINT('',(37.,80.,40.));
#3444=CARTESIAN_POINT('Origin',(35.,80.,40.));
#3445=CARTESIAN_POINT('Origin',(-30.,80.,30.5));
#3446=CARTESIAN_POINT('',(-28.,80.,30.5));
#3447=CARTESIAN_POINT('',(-28.,80.,30.5));
#3448=CARTESIAN_POINT('Origin',(-30.,80.,30.5));
#3449=CARTESIAN_POINT('Origin',(-30.,80.,45.));
#3450=CARTESIAN_POINT('',(-28.,80.,45.));
#3451=CARTESIAN_POINT('',(-28.,80.,45.));
#3452=CARTESIAN_POINT('Origin',(-30.,80.,45.));
#3453=CARTESIAN_POINT('Origin',(-30.,80.,55.));
#3454=CARTESIAN_POINT('',(-28.,80.,55.));
#3455=CARTESIAN_POINT('',(-28.,80.,55.));
#3456=CARTESIAN_POINT('Origin',(-30.,80.,55.));
#3457=CARTESIAN_POINT('Origin',(-25.,80.,30.5));
#3458=CARTESIAN_POINT('',(-23.,80.,30.5));
#3459=CARTESIAN_POINT('',(-23.,80.,30.5));
#3460=CARTESIAN_POINT('Origin',(-25.,80.,30.5));
#3461=CARTESIAN_POINT('Origin',(0.,80.,45.));
#3462=UNCERTAINTY_MEASURE_WITH_UNIT(LENGTH_MEASURE(0.01),#3466,
'DISTANCE_ACCURACY_VALUE',
'Maximum model space distance between geometric entities at asserted c
onnectivities');
#3463=UNCERTAINTY_MEASURE_WITH_UNIT(LENGTH_MEASURE(0.01),#3466,
'DISTANCE_ACCURACY_VALUE',
'Maximum model space distance between geometric entities at asserted c
onnectivities');
#3464=(
GEOMETRIC_REPRESENTATION_CONTEXT(3)
GLOBAL_UNCERTAINTY_ASSIGNED_CONTEXT((#3462))
GLOBAL_UNIT_ASSIGNED_CONTEXT((#3466,#3468,#3469))
REPRESENTATION_CONTEXT('','3D')
);
#3465=(
GEOMETRIC_REPRESENTATION_CONTEXT(3)
GLOBAL_UNCERTAINTY_ASSIGNED_CONTEXT((#3463))
GLOBAL_UNIT_ASSIGNED_CONTEXT((#3466,#3468,#3469))
REPRESENTATION_CONTEXT('','3D')
);
#3466=(
LENGTH_UNIT()
NAMED_UNIT(*)
SI_UNIT(.MILLI.,.METRE.)
);
#3467=(
LENGTH_UNIT()
NAMED_UNIT(*)
SI_UNIT($,.METRE.)
);
#3468=(
NAMED_UNIT(*)
PLANE_ANGLE_UNIT()
SI_UNIT($,.RADIAN.)
);
#3469=(
NAMED_UNIT(*)
SI_UNIT($,.STERADIAN.)
SOLID_ANGLE_UNIT()
);
#3470=SHAPE_DEFINITION_REPRESENTATION(#3471,#3472);
#3471=PRODUCT_DEFINITION_SHAPE('',$,#3474);
#3472=SHAPE_REPRESENTATION('',(#2054),#3464);
#3473=PRODUCT_DEFINITION_CONTEXT('part definition',#3478,'design');
#3474=PRODUCT_DEFINITION('2025-08-16-21-43-37-042','back_lid',#3475,#3473);
#3475=PRODUCT_DEFINITION_FORMATION('',$,#3480);
#3476=PRODUCT_RELATED_PRODUCT_CATEGORY('back_lid','back_lid',(#3480));
#3477=APPLICATION_PROTOCOL_DEFINITION('international standard',
'automotive_design',2009,#3478);
#3478=APPLICATION_CONTEXT(
'Core Data for Automotive Mechanical Design Process');
#3479=PRODUCT_CONTEXT('part definition',#3478,'mechanical');
#3480=PRODUCT('2025-08-16-21-43-37-042','back_lid',$,(#3479));
#3481=PRESENTATION_STYLE_ASSIGNMENT((#3483));
#3482=PRESENTATION_STYLE_ASSIGNMENT((#3484));
#3483=SURFACE_STYLE_USAGE(.BOTH.,#3485);
#3484=SURFACE_STYLE_USAGE(.BOTH.,#3486);
#3485=SURFACE_SIDE_STYLE('',(#3487));
#3486=SURFACE_SIDE_STYLE('',(#3488));
#3487=SURFACE_STYLE_FILL_AREA(#3489);
#3488=SURFACE_STYLE_FILL_AREA(#3490);
#3489=FILL_AREA_STYLE('Steel - Satin',(#3491));
#3490=FILL_AREA_STYLE('Plastic - Matte (Black)',(#3492));
#3491=FILL_AREA_STYLE_COLOUR('Steel - Satin',#3493);
#3492=FILL_AREA_STYLE_COLOUR('Plastic - Matte (Black)',#3494);
#3493=COLOUR_RGB('Steel - Satin',0.627450980392157,0.627450980392157,0.627450980392157);
#3494=COLOUR_RGB('Plastic - Matte (Black)',0.0980392156862745,0.0980392156862745,
0.0980392156862745);
ENDSEC;
END-ISO-10303-21;
